sample_index,state,main_lobe_energy,side_lobe_energy,total_energy,main_lobe_ratio,side_lobe_ratio,peak_intensity,max_side_lobe_intensity,strehl_ratio,synthesis_efficiency,peak_to_sidelobe_ratio,phase_rmse_rad
0,before,56315924.516559005,62062446.575760126,118378371.09231913,0.4757281587583275,0.5242718412416725,4926504.30171454,2233264.454063451,0.38548040322361,0.7117755630407074,2.2059654837342295,1.4895875453948975
0,residual_best_compensated,69196604.83853157,51209538.78200252,120406143.62053409,0.5746933068183637,0.4253066931816363,9930659.594456892,1237730.8180935192,0.7770367039800194,0.8745741598358927,8.023278930513436,0.5851262211799622
0,residual_physics_l0p05_compensated,69340415.08581781,51068238.83831711,120408653.92413493,0.5758756769219151,0.42412432307808484,9874283.11566173,1207201.8713722893,0.772625456887284,0.8763917739585747,8.179479629564455,0.5729334950447083
0,ideal,79120339.95094915,42485202.868746355,121605542.8196955,0.6506310330628666,0.3493689669371334,12780167.968374692,945604.0406808642,1.0,1.0,13.515348304954973,0.0
1,before,52444697.031240016,65521797.38325073,117966494.41449074,0.44457281952423455,0.5554271804757654,7454678.742716455,2579689.1131665255,0.5833005294737529,0.6628472155674917,2.889758577755891,1.4297587871551514
1,residual_best_compensated,65710406.99776621,54255735.76696241,119966142.76472862,0.5477412666891696,0.45225873331083044,8781890.872940363,1288800.6243774958,0.6871498789899859,0.8305121924211087,6.814002652413447,0.6500799655914307
1,residual_physics_l0p05_compensated,64277499.89016811,55517294.76561155,119794794.65577966,0.5365633796932842,0.46343662030671584,8382180.845446062,1410833.9290303485,0.6558740750660149,0.8124017152860706,5.941295196385763,0.6906147599220276
1,ideal,79120339.95094915,42485202.868746355,121605542.8196955,0.6506310330628666,0.3493689669371334,12780167.968374692,945604.0406808642,1.0,1.0,13.515348304954973,0.0
2,before,50243502.413350955,67602713.9022869,117846216.31563786,0.42634803207240335,0.5736519679275967,4302801.987077569,3299984.1343613323,0.3366780466207577,0.6350263717837858,1.303885658804938,1.4991962909698486
2,residual_best_compensated,73159766.24959801,47722573.64368175,120882339.89327976,0.605214676636692,0.39478532336330796,11038061.492874196,888281.7009711108,0.8636867308934089,0.9246644578998724,12.426307421178297,0.4669974446296692
2,residual_physics_l0p05_compensated,72317409.39006375,48455020.15885571,120772429.54891945,0.5987907145709215,0.4012092854290786,10751013.194720173,798811.8804775425,0.8412262828880038,0.9140179305965711,13.45875475499068,0.4630686044692993
2,ideal,79120339.95094915,42485202.868746355,121605542.8196955,0.6506310330628666,0.3493689669371334,12780167.968374692,945604.0406808642,1.0,1.0,13.515348304954973,0.0
3,before,46923293.267485715,70356590.73479155,117279884.00227727,0.400096688930683,0.5999033110693169,6982118.084131688,2386976.403166796,0.5463244380988862,0.5930623313369979,2.9250888592231274,1.9030169248580933
3,residual_best_compensated,40794418.64598645,76304885.85944219,117099304.50542864,0.34837455968062775,0.6516254403193722,3661690.2401223006,3661690.2401223006,0.286513467521192,0.5155996381117303,1.0,1.4428741931915283
3,residual_physics_l0p05_compensated,47244954.18924587,70569335.21072435,117814289.39997022,0.4010120880061754,0.5989879119938247,3702457.274923097,3539690.0970283374,0.28970333442291635,0.5971277956911649,1.045983454323136,1.1411200761795044
3,ideal,79120339.95094915,42485202.868746355,121605542.8196955,0.6506310330628666,0.3493689669371334,12780167.968374692,945604.0406808642,1.0,1.0,13.515348304954973,0.0
4,before,38367212.90522456,78178708.84744152,116545921.75266609,0.32920253517448267,0.6707974648255174,4204439.312058916,3567045.2991464646,0.32898153783761364,0.48492224539240364,1.178689632302951,1.9157333374023438
4,residual_best_compensated,58735878.73531062,60467340.7116949,119203219.44700553,0.4927373522946079,0.5072626477053921,7120222.3439541925,2677548.834659961,0.5571305761844146,0.7423613039545087,2.6592315523008696,0.8787947297096252
4,residual_physics_l0p05_compensated,58973730.060038775,60255554.7952199,119229284.85525867,0.49462453902689585,0.5053754609731042,7168049.768084752,2704295.921918761,0.560872891954357,0.7453675009055786,2.650615899682626,0.8600789308547974
4,ideal,79120339.95094915,42485202.868746355,121605542.8196955,0.6506310330628666,0.3493689669371334,12780167.968374692,945604.0406808642,1.0,1.0,13.515348304954973,0.0
5,before,35798809.22868751,80878847.10581313,116677656.33450064,0.3068180348605622,0.6931819651394379,4175291.537316171,3811341.266034765,0.326700834265104,0.4524602554903211,1.0954913889566367,2.2775397300720215
5,residual_best_compensated,71794912.04929201,48776555.888175786,120571467.9374678,0.5954552372749342,0.4045447627250658,10489485.780316537,1141535.2047576366,0.8207627478976343,0.9074140997599536,9.18892885352896,0.5795707702636719
5,residual_physics_l0p05_compensated,69532910.12333755,50791089.20052716,120323999.32386471,0.577880643213848,0.422119356786152,10209891.664403388,1370977.9633324745,0.7988855615723041,0.8788247139287401,7.447159573291695,0.6554288268089294
5,ideal,79120339.95094915,42485202.868746355,121605542.8196955,0.6506310330628666,0.3493689669371334,12780167.968374692,945604.0406808642,1.0,1.0,13.515348304954973,0.0
6,before,42939136.879386574,74147682.13822675,117086819.01761332,0.36672904123330274,0.6332709587666973,5977945.592679453,5977945.592679453,0.4677517234102279,0.5427066782828133,1.0,2.0889110565185547
6,residual_best_compensated,69848391.87923229,50848444.10135743,120696835.98058972,0.5787093863045855,0.42129061369541454,11421044.81706231,883712.6534615409,0.89365373329399,0.8828120799599063,12.923934915184908,0.9119450449943542
6,residual_physics_l0p05_compensated,67785717.74342133,52716695.11553714,120502412.85895847,0.5625258128462609,0.43747418715373915,11176111.52413573,895736.676131072,0.874488625798323,0.8567419930885694,12.47700559991399,1.0241819620132446
6,ideal,79120339.95094915,42485202.868746355,121605542.8196955,0.6506310330628666,0.3493689669371334,12780167.968374692,945604.0406808642,1.0,1.0,13.515348304954973,0.0
7,before,46744875.67917333,70913567.93957844,117658443.61875176,0.3972929969279602,0.6027070030720398,3942011.966171727,3417795.94848681,0.30844758659874244,0.5908073158956715,1.1533783834921472,1.497049331665039
7,residual_best_compensated,64868686.95341772,55076102.531804025,119944789.48522174,0.5408212164264969,0.4591787835735031,9080474.6145793,1432891.323862121,0.7105129319934989,0.819873713809031,6.337169095353572,0.8411247730255127
7,residual_physics_l0p05_compensated,69437673.9183102,50953225.28047064,120390899.19878083,0.5767684632345812,0.4232315367654188,9684027.457064213,919505.1680124096,0.7577386683045115,0.8776210259126573,10.531781434134928,0.639805018901825
7,ideal,79120339.95094915,42485202.868746355,121605542.8196955,0.6506310330628666,0.3493689669371334,12780167.968374692,945604.0406808642,1.0,1.0,13.515348304954973,0.0
8,before,33823251.62077877,82554698.02146125,116377949.64224002,0.2906328194022627,0.7093671805977373,4101705.753685857,3395531.8175737183,0.32094302389732116,0.4274912322387338,1.2079715267155813,1.8186533451080322
8,residual_best_compensated,51060829.26866269,67176432.56519258,118237261.83385527,0.4318505729641506,0.5681494270358495,4603583.2998837,3456544.611932165,0.3602130512897443,0.6453565454890358,1.331845474810856,1.0900850296020508
8,residual_physics_l0p05_compensated,51260761.82452392,66929973.97047176,118190735.79499568,0.4337121812443641,0.5662878187556359,5288242.185816622,3284695.090870722,0.41378502997008343,0.64788348806771,1.6099644075075445,1.2986356019973755
8,ideal,79120339.95094915,42485202.868746355,121605542.8196955,0.6506310330628666,0.3493689669371334,12780167.968374692,945604.0406808642,1.0,1.0,13.515348304954973,0.0
9,before,61117342.17862303,57725021.00673034,118842363.18535337,0.5142723565947684,0.48572764340523156,6972287.156336953,1706268.6925557186,0.5455552050325398,0.7724605609191376,4.086277376333722,1.4227296113967896
9,residual_best_compensated,73979817.80199778,47031728.49242291,121011546.29442069,0.611345115961126,0.38865488403887405,11436173.606191231,904449.1936620864,0.8948375040524305,0.9350290689835478,12.644351596894595,0.48934435844421387
9,residual_physics_l0p05_compensated,76901455.61470303,44422892.4230645,121324348.03776753,0.6338501451560579,0.36614985484394214,12048923.27441449,1030351.5366216471,0.942782857332571,0.9719555763079163,11.6939926288856,0.37304502725601196
9,ideal,79120339.95094915,42485202.868746355,121605542.8196955,0.6506310330628666,0.3493689669371334,12780167.968374692,945604.0406808642,1.0,1.0,13.515348304954973,0.0
10,before,43329682.36026505,73948191.99900469,117277874.35926974,0.36946169596772055,0.6305383040322794,4681660.964715014,4126942.2764259693,0.3663223344403666,0.5476427728587541,1.1344139682926324,1.580066442489624
10,residual_best_compensated,45826615.22798999,71856818.1143384,117683433.34232838,0.3894058316151035,0.6105941683848964,4345641.401891707,4345641.401891707,0.340030069451768,0.5792014449937944,1.0,1.268754482269287
10,residual_physics_l0p05_compensated,41363759.86340744,75838025.92662033,117201785.79002778,0.3529277270357677,0.6470722729642323,4742730.458644098,4742730.458644098,0.37110079228851095,0.5227955275350309,1.0,1.3648653030395508
10,ideal,79120339.95094915,42485202.868746355,121605542.8196955,0.6506310330628666,0.3493689669371334,12780167.968374692,945604.0406808642,1.0,1.0,13.515348304954973,0.0
11,before,49227666.23224495,68329480.34985037,117557146.58209532,0.41875519833128233,0.5812448016687177,3766110.346295169,1922238.2261315957,0.2946839474735105,0.6221872436691218,1.9592318449905504,1.6444764137268066
11,residual_best_compensated,68437019.58988751,51907364.635824755,120344384.22571227,0.568676469867761,0.431323530132239,9891729.13767551,1120684.286845228,0.773990542389834,0.864973780854774,8.826508280508806,0.8019828796386719
11,residual_physics_l0p05_compensated,71031527.34477232,49604767.6534774,120636294.99824972,0.5888072685405574,0.41119273145944263,10505046.259900313,963917.6457985351,0.8219802968079679,0.8977656995509435,10.898281928636811,0.6896242499351501
11,ideal,79120339.95094915,42485202.868746355,121605542.8196955,0.6506310330628666,0.3493689669371334,12780167.968374692,945604.0406808642,1.0,1.0,13.515348304954973,0.0
12,before,36411030.74221609,80216444.03165409,116627474.77387017,0.31219942653147287,0.6878005734685272,3891608.0711925984,3643016.6578994067,0.3045036716905929,0.4601981079048598,1.068237792093032,1.4989207983016968
12,residual_best_compensated,61608247.49299188,58100950.43821232,119709197.9312042,0.5146492379674751,0.485350762032525,9132477.36979178,1498955.81684856,0.7145819516919225,0.7786651009233032,6.092559411785809,1.135074257850647
12,residual_physics_l0p05_compensated,61797076.90536749,57907320.898123786,119704397.80349128,0.516247339607477,0.48375266039252296,8987682.175699856,1258605.4349401593,0.7032522732048926,0.7810517111488493,7.140984717046909,1.127423882484436
12,ideal,79120339.95094915,42485202.868746355,121605542.8196955,0.6506310330628666,0.3493689669371334,12780167.968374692,945604.0406808642,1.0,1.0,13.515348304954973,0.0
13,before,41870219.4783748,74970105.62393221,116840325.10230702,0.35835418501029204,0.6416458149897079,2895474.691765522,2508953.1361884675,0.22655998723417028,0.5291966579558727,1.154056905249433,1.6936798095703125
13,residual_best_compensated,59338968.18487417,59953735.72694739,119292703.91182156,0.4974232810477343,0.5025767189522657,7368463.077028474,1772174.522495279,0.5765544784123485,0.7499837364407371,4.157865370196971,0.9451277256011963
13,residual_physics_l0p05_compensated,64091299.629775606,55775808.67233788,119867108.30211349,0.5346862916575885,0.4653137083424115,8800065.5667558,1473345.8212730174,0.6885719803160726,0.8100483348467558,5.9728445553619345,0.8420013189315796
13,ideal,79120339.95094915,42485202.868746355,121605542.8196955,0.6506310330628666,0.3493689669371334,12780167.968374692,945604.0406808642,1.0,1.0,13.515348304954973,0.0
14,before,32764285.534828942,83434371.36995639,116198656.90478534,0.2819678506411345,0.7180321493588655,5329983.5019150255,3987018.388445796,0.4170511307131797,0.41410698633425036,1.3368344418378113,1.992608904838562
14,residual_best_compensated,69094316.67457052,51302681.596927345,120396998.27149786,0.573887369839249,0.426112630160751,9882549.583834691,978314.8464674241,0.7732722768816236,0.8732813422870239,10.101604426754205,0.5882152318954468
14,residual_physics_l0p05_compensated,67766499.83096667,52489632.0183125,120256131.84927917,0.5635180409419835,0.43648195905801646,9591657.563897582,1380435.4559395264,0.7505110721261822,0.8564990983731703,6.948283979977525,0.6413832902908325
14,ideal,79120339.95094915,42485202.868746355,121605542.8196955,0.6506310330628666,0.3493689669371334,12780167.968374692,945604.0406808642,1.0,1.0,13.515348304954973,0.0
15,before,25670469.799818438,90172423.0045968,115842892.80441524,0.22159727867949128,0.7784027213205087,4598872.676448385,4598872.676448385,0.35984446275108256,0.3244484264821525,1.0,2.143601179122925
15,residual_best_compensated,49960926.686462685,68541227.05063112,118502153.7370938,0.4216035330235842,0.5783964669764158,6877050.389695727,2195766.3177762823,0.5381032868044778,0.6314549042311508,3.131959140652235,1.5469672679901123
15,residual_physics_l0p05_compensated,42095469.17931873,75506297.65161046,117601766.83092919,0.35794929203604153,0.6420507079639586,4875975.174738124,3384893.73521648,0.38152668938342776,0.5320435832987563,1.4405105613828915,2.037135124206543
15,ideal,79120339.95094915,42485202.868746355,121605542.8196955,0.6506310330628666,0.3493689669371334,12780167.968374692,945604.0406808642,1.0,1.0,13.515348304954973,0.0
16,before,36006860.27372894,80449452.69537139,116456312.96910033,0.3091877061510846,0.6908122938489154,4782630.208979084,2738862.7996570547,0.3742227974478892,0.455089807450922,1.7462102189193043,2.2150144577026367
16,residual_best_compensated,53885177.338998504,64726522.26913687,118611699.60813537,0.45429900690254177,0.5457009930974582,5665486.24774367,3189539.682616502,0.4433029567188211,0.6810534101901579,1.7762708138172634,0.9809885621070862
16,residual_physics_l0p05_compensated,53526906.55413499,65067743.2927937,118594649.84692869,0.4513433500012244,0.5486566499987756,5688311.275545886,3263277.099674974,0.44508892916133497,0.6765252346908409,1.7431284876520132,0.9720202088356018
16,ideal,79120339.95094915,42485202.868746355,121605542.8196955,0.6506310330628666,0.3493689669371334,12780167.968374692,945604.0406808642,1.0,1.0,13.515348304954973,0.0
17,before,35108111.537769824,81531475.56727602,116639587.10504584,0.300996534788411,0.699003465211589,4532998.319681161,4532998.319681161,0.3546900424860098,0.44373054463030853,1.0,2.2047994136810303
17,residual_best_compensated,69265126.79947577,51162160.13883908,120427286.93831486,0.5751613987198324,0.4248386012801676,9927677.140444174,1395220.0306201736,0.7768033381885762,0.8754402071884027,7.115492124945579,0.5554472804069519
17,residual_physics_l0p05_compensated,70392961.97411507,50162755.48175882,120555717.45587389,0.5839039695473629,0.4160960304526371,10224212.140058814,1254421.345823916,0.8000060848464005,0.8896948877842963,8.150540625042899,0.5296769738197327
17,ideal,79120339.95094915,42485202.868746355,121605542.8196955,0.6506310330628666,0.3493689669371334,12780167.968374692,945604.0406808642,1.0,1.0,13.515348304954973,0.0
18,before,57502957.471725136,61297320.17301579,118800277.64474092,0.48403049733335946,0.5159695026666405,6079635.483601245,2056003.1731103063,0.47570857430400565,0.726778442905759,2.957016585924825,1.1049381494522095
18,residual_best_compensated,52206264.98930732,66154270.27389901,118360535.26320633,0.44107831105370315,0.5589216889462969,4860899.374091553,2612801.1211399627,0.3803470647741208,0.6598336789461815,1.860416904586579,1.219771146774292
18,residual_physics_l0p05_compensated,52789952.724146925,65537309.35586425,118327262.08001117,0.44613516611625076,0.5538648338837492,6725275.526230367,2557024.0897898003,0.5262274754817364,0.6672108936447213,2.6301181725602034,1.237831950187683
18,ideal,79120339.95094915,42485202.868746355,121605542.8196955,0.6506310330628666,0.3493689669371334,12780167.968374692,945604.0406808642,1.0,1.0,13.515348304954973,0.0
19,before,43008701.01104881,74133398.5082992,117142099.51934801,0.36714982220329073,0.6328501777967093,4272135.123110042,2733028.6363549265,0.3342784800388932,0.5435858976049921,1.5631505159813621,1.6207301616668701
19,residual_best_compensated,56116767.46505984,62749190.7780486,118865958.24310844,0.47210124996668973,0.5278987500333103,6270765.361059339,2509035.788208896,0.4906637672193927,0.7092584220422912,2.4992729838803123,0.9103811383247375
19,residual_physics_l0p05_compensated,57181777.50491497,61819444.83319929,119001222.33811426,0.48051420297554814,0.5194857970244519,6588916.726828431,2664292.0523596946,0.5155579130988817,0.7227190573291894,2.473045971440255,0.88141268491745
19,ideal,79120339.95094915,42485202.868746355,121605542.8196955,0.6506310330628666,0.3493689669371334,12780167.968374692,945604.0406808642,1.0,1.0,13.515348304954973,0.0
20,before,64262326.41323925,55421892.03360454,119684218.44684379,0.5369323311559288,0.46306766884407125,8438567.084226752,1706331.3729505592,0.6602860858408515,0.8122099380902412,4.945444488683886,0.9220142960548401
20,residual_best_compensated,73833770.0710277,47186110.88169192,121019880.95271961,0.6100962047704648,0.3899037952295352,11556949.354088783,893179.5909960488,0.9042877513571936,0.9331831753604841,12.939110421456002,0.5927006602287292
20,residual_physics_l0p05_compensated,72167016.4354543,48676869.71048838,120843886.14594267,0.5971921189980475,0.40280788100195253,11226334.418066438,882137.9205952705,0.8784183780562737,0.9121171178004849,12.726280274280533,0.6074342727661133
20,ideal,79120339.95094915,42485202.868746355,121605542.8196955,0.6506310330628666,0.3493689669371334,12780167.968374692,945604.0406808642,1.0,1.0,13.515348304954973,0.0
21,before,33269055.81150476,82988784.21597007,116257840.02747484,0.2861661269781237,0.7138338730218762,6208350.452854616,4537694.851936968,0.4857800357724217,0.4204867652506295,1.3681727518994602,2.1776747703552246
21,residual_best_compensated,75820776.27962065,45361752.81926206,121182529.0988827,0.6256741532251097,0.37432584677489034,11642190.529820027,902124.9992244766,0.9109575522504352,0.9582968971901021,12.905296427688386,0.33361947536468506
21,residual_physics_l0p05_compensated,72208478.69796719,48572380.08438049,120780858.78234768,0.597847038230536,0.40215296176946397,10776646.793361416,909188.9727064233,0.8432320154186461,0.9126411583005459,11.853032886311954,0.4587200880050659
21,ideal,79120339.95094915,42485202.868746355,121605542.8196955,0.6506310330628666,0.3493689669371334,12780167.968374692,945604.0406808642,1.0,1.0,13.515348304954973,0.0
22,before,50103669.982892305,67801235.16356955,117904905.14646186,0.4249498349593968,0.5750501650406031,5822613.4997954685,2266628.392894431,0.4555975722857385,0.6332590331886112,2.56884344961378,1.5862189531326294
22,residual_best_compensated,66084253.73917394,53968336.29136174,120052590.03053568,0.5504608748746299,0.44953912512537014,9018184.699719371,1536683.48412682,0.705638980804902,0.8352372320460585,5.868602606114243,0.6458469033241272
22,residual_physics_l0p05_compensated,65925786.84136319,54086888.16744925,120012675.00881244,0.5493235346726695,0.4506764653273306,8840624.544133287,1557288.2634827537,0.6917455675081856,0.8332343728835601,5.676935190124608,0.6561127305030823
22,ideal,79120339.95094915,42485202.868746355,121605542.8196955,0.6506310330628666,0.3493689669371334,12780167.968374692,945604.0406808642,1.0,1.0,13.515348304954973,0.0
23,before,41084165.00716348,76440703.13503139,117524868.14219487,0.34957848204054326,0.6504215179594568,4933307.828394883,2309244.3409205405,0.38601275355712505,0.519261735131999,2.1363299417801347,1.8824049234390259
23,residual_best_compensated,55440618.97330771,63402843.565893136,118843462.53920084,0.46650120914324983,0.5334987908567502,6356203.171672231,2935677.884862365,0.49734895405138996,0.7007125981470537,2.1651568806126806,0.9926037788391113
23,residual_physics_l0p05_compensated,51265720.45458733,67089257.41121621,118354977.86580354,0.43315221192229725,0.5668477880777028,5221467.6200964935,3581560.011772727,0.40856017174557757,0.6479461600692015,1.4578752283734815,1.0949305295944214
23,ideal,79120339.95094915,42485202.868746355,121605542.8196955,0.6506310330628666,0.3493689669371334,12780167.968374692,945604.0406808642,1.0,1.0,13.515348304954973,0.0
24,before,55400446.52511962,62471699.83304894,117872146.35816856,0.4700045620343483,0.5299954379656517,6786658.90816934,3059649.854308192,0.5310304938842231,0.7002048595780208,2.2181162000002286,2.0310308933258057
24,residual_best_compensated,57493316.79235151,61996150.91459099,119489467.7069425,0.4811580292026949,0.5188419707973051,9652038.975567328,1515488.2119221867,0.7552356901295734,0.7266565946000059,6.368930420992886,1.486706018447876
24,residual_physics_l0p05_compensated,59246534.756063655,60386601.918751925,119633136.67481558,0.49523515309229427,0.5047648469077057,9723988.905471135,1634376.014906049,0.760865501105599,0.748815472643238,5.949664469366379,1.3864375352859497
24,ideal,79120339.95094915,42485202.868746355,121605542.8196955,0.6506310330628666,0.3493689669371334,12780167.968374692,945604.0406808642,1.0,1.0,13.515348304954973,0.0
25,before,43733147.29193057,73948275.66824117,117681422.96017174,0.3716232026420319,0.6283767973579681,4627443.472446716,2598759.3532454506,0.36208001991034927,0.5527421560504295,1.780635620096086,1.8120882511138916
25,residual_best_compensated,53121193.80752641,65416989.02744895,118538182.83497536,0.4481357191165976,0.5518642808834024,5513371.172340032,3099894.7617479097,0.43140052509350474,0.6713974414222567,1.7785672082723405,0.9673871397972107
25,residual_physics_l0p05_compensated,44783637.37842983,72786063.42344467,117569700.8018745,0.380911383400542,0.619088616599458,3572700.2303331997,3572700.2303331997,0.27955033448496647,0.5660192740096106,1.0,1.2152671813964844
25,ideal,79120339.95094915,42485202.868746355,121605542.8196955,0.6506310330628666,0.3493689669371334,12780167.968374692,945604.0406808642,1.0,1.0,13.515348304954973,0.0
26,before,41668000.94011329,75297670.49194226,116965671.43205555,0.3562412837027821,0.6437587162972179,3750655.464593401,1919461.2330049477,0.2934746611996515,0.5266408229027514,1.9540146995944738,2.390979766845703
26,residual_best_compensated,51839027.43423072,66592588.984240614,118431616.41847134,0.43771274092097573,0.5622872590790242,5655450.53556843,2401187.6359719792,0.4425177000461331,0.6551921726621556,2.355272220648077,1.2541289329528809
26,residual_physics_l0p05_compensated,57073015.17309629,61990857.70592899,119063872.87902528,0.4793478810410045,0.5206521189589955,7179987.168433687,2025445.9466309845,0.561806948562883,0.7213444129345102,3.5448920176697296,1.1036959886550903
26,ideal,79120339.95094915,42485202.868746355,121605542.8196955,0.6506310330628666,0.3493689669371334,12780167.968374692,945604.0406808642,1.0,1.0,13.515348304954973,0.0
27,before,22912484.550461836,92670299.74548969,115582784.29595153,0.1982344056688759,0.801765594331124,4644221.113050169,4644221.113050169,0.36339280708536686,0.28959031981746397,1.0,2.091686248779297
27,residual_best_compensated,64755820.35994257,55296363.77472745,120052184.13467002,0.539397269834774,0.46060273016522607,9739326.452499634,1085119.7312618915,0.7620656063832802,0.8184471957538113,8.975347302157816,1.063683032989502
27,residual_physics_l0p05_compensated,67917077.3521408,52445001.98197119,120362079.33411199,0.5642730478559648,0.43572695214403523,10190375.747552073,1156352.6315160876,0.7973585145961134,0.8584022439014565,8.81251572385106,0.9688267111778259
27,ideal,79120339.95094915,42485202.868746355,121605542.8196955,0.6506310330628666,0.3493689669371334,12780167.968374692,945604.0406808642,1.0,1.0,13.515348304954973,0.0
28,before,38003689.3575051,78640127.93566877,116643817.29317386,0.3258097191897124,0.6741902808102875,5789607.115877481,3357171.629449988,0.45301494708083795,0.4803276803545786,1.7245490415472158,1.9832707643508911
28,residual_best_compensated,60286544.42507543,58995873.01448041,119282417.43955584,0.5054101494516116,0.4945898505483885,7021779.101470409,1695058.2317752752,0.5494277633006257,0.761960128867624,4.142500222022656,0.8362358212471008
28,residual_physics_l0p05_compensated,55822975.56477721,62909576.791600466,118732552.35637768,0.47015729433006415,0.5298427056699359,5619424.909007736,1977003.732587915,0.4396988304780772,0.7055451935543351,2.8423946886796516,0.9841022491455078
28,ideal,79120339.95094915,42485202.868746355,121605542.8196955,0.6506310330628666,0.3493689669371334,12780167.968374692,945604.0406808642,1.0,1.0,13.515348304954973,0.0
29,before,54531396.1606244,63506643.777280405,118038039.9379048,0.461981545858532,0.538018454141468,5134173.540862699,3435588.4895692696,0.4017297388866505,0.6892209537323939,1.4944087618323538,1.8270351886749268
29,residual_best_compensated,55351677.842557006,63410782.16799583,118762460.01055284,0.46607048925762096,0.533929510742379,6147339.5128996745,2550233.8914997783,0.48100615955217824,0.6995884734174855,2.410500281323004,1.0825108289718628
29,residual_physics_l0p05_compensated,56691274.059632316,62239313.54763511,118930587.60726742,0.47667530447960316,0.5233246955203968,6567104.974227703,2443081.5962768956,0.5138512256238265,0.7165195965383644,2.6880416046011573,1.0106933116912842
29,ideal,79120339.95094915,42485202.868746355,121605542.8196955,0.6506310330628666,0.3493689669371334,12780167.968374692,945604.0406808642,1.0,1.0,13.515348304954973,0.0
30,before,48641083.89388514,69287961.83976108,117929045.73364621,0.4124605909535263,0.5875394090464738,5245139.204574298,2785419.0290915905,0.4104123840589354,0.6147734441490053,1.883070069455545,1.3106014728546143
30,residual_best_compensated,66456738.534651,53644564.020529106,120101302.5551801,0.5533390323066454,0.4466609676933546,9166611.17391048,1291329.657930092,0.7172527932804812,0.8399450580704155,7.0985833227155135,0.7057477831840515
30,residual_physics_l0p05_compensated,69703407.72409321,50777455.25717065,120480862.98126386,0.5785433968457951,0.4214566031542048,10045124.945589872,1171280.40553677,0.7859931865095316,0.8809796288451998,8.576191403958841,0.5926135182380676
30,ideal,79120339.95094915,42485202.868746355,121605542.8196955,0.6506310330628666,0.3493689669371334,12780167.968374692,945604.0406808642,1.0,1.0,13.515348304954973,0.0
31,before,33032288.514490414,83139019.78848216,116171308.30297257,0.28434119402652186,0.7156588059734782,4504215.98793778,3016806.0588716306,0.35243793345155855,0.41749426929875255,1.4930412827473842,1.9559156894683838
31,residual_best_compensated,43562131.90632704,73675243.76382956,117237375.6701566,0.3715720490783385,0.6284279509216615,4263761.758044497,2572984.3221355826,0.333623295765395,0.5505806968642133,1.6571269872742813,1.5942552089691162
31,residual_physics_l0p05_compensated,31438075.903028365,84588825.78279191,116026901.68582028,0.2709550582343132,0.7290449417656868,4248137.56403834,3577472.990419394,0.33240076144152536,0.3973450559302258,1.1874688014179313,1.8725088834762573
31,ideal,79120339.95094915,42485202.868746355,121605542.8196955,0.6506310330628666,0.3493689669371334,12780167.968374692,945604.0406808642,1.0,1.0,13.515348304954973,0.0
32,before,50452161.2203626,67738008.88358049,118190170.1039431,0.4268727354905415,0.5731272645094585,4741081.949365799,2058052.209060486,0.3709718026475002,0.6376636052327448,2.303674284108727,1.6099903583526611
32,residual_best_compensated,59961978.33939357,59380276.43158804,119342254.77098161,0.5024371162959919,0.4975628837040082,7387164.4518573545,2183804.2497309833,0.5780177905437037,0.7578579462192294,3.382704495042245,0.8511019349098206
32,residual_physics_l0p05_compensated,58254421.00179081,60885168.80847253,119139589.81026334,0.48895938868485556,0.5110406113151444,6900105.019852994,2359152.777966166,0.539907224766351,0.7362761716886679,2.9248233027966926,0.8673439025878906
32,ideal,79120339.95094915,42485202.868746355,121605542.8196955,0.6506310330628666,0.3493689669371334,12780167.968374692,945604.0406808642,1.0,1.0,13.515348304954973,0.0
33,before,44656717.0211916,72951358.62988909,117608075.65108068,0.3797079135422556,0.6202920864577445,5669559.47579434,2178251.4177381024,0.4436216714697343,0.5644151307852904,2.602803069299325,1.7404614686965942
33,residual_best_compensated,63936357.894922346,55850781.81496206,119787139.7098844,0.5337497668762397,0.4662502331237604,8388343.160403117,2050165.670407494,0.656356252997659,0.8080900301308089,4.091544054942563,0.7181922793388367
33,residual_physics_l0p05_compensated,60769333.96769533,58579364.23948411,119348698.20717944,0.5091746695234565,0.49082533047654353,7061337.375039678,2370801.4783878946,0.5525230491894465,0.7680620938354086,2.978460001569288,0.8140317797660828
33,ideal,79120339.95094915,42485202.868746355,121605542.8196955,0.6506310330628666,0.3493689669371334,12780167.968374692,945604.0406808642,1.0,1.0,13.515348304954973,0.0
34,before,28712962.704559024,87192068.28585967,115905030.9904187,0.24772835535441584,0.7522716446455842,3045206.6454241243,3045206.6454241243,0.23827594856027515,0.3629024182954686,1.0,1.823204755783081
34,residual_best_compensated,63440814.37078907,56219272.80501432,119660087.1758034,0.5301752310909023,0.46982476890909775,7847911.937360551,1654475.252987008,0.6140695456257452,0.8018268679093058,4.743444740676443,0.7561951279640198
34,residual_physics_l0p05_compensated,56495973.386011586,62219625.24338761,118715598.6293992,0.4758934296610682,0.5241065703389318,5243588.367497236,2463769.6906877635,0.4102910368997353,0.7140511962036109,2.128278624140994,1.2226290702819824
34,ideal,79120339.95094915,42485202.868746355,121605542.8196955,0.6506310330628666,0.3493689669371334,12780167.968374692,945604.0406808642,1.0,1.0,13.515348304954973,0.0
35,before,39234776.126488835,77525442.63832684,116760218.76481567,0.33602862808537126,0.6639713719146287,2859927.832032538,2451520.9346737457,0.22377857936684437,0.4958873552718875,1.1665932734174853,1.7262481451034546
35,residual_best_compensated,68297953.71619114,52012044.422849074,120309998.13904022,0.5676831084084996,0.4323168915915005,9729000.063750573,997087.3594175462,0.7612576053636837,0.8632161307513673,9.757419920992499,0.6954970359802246
35,residual_physics_l0p05_compensated,70086976.19037837,50436890.22715475,120523866.41753311,0.581519480528236,0.41848051947176396,10243106.937016772,1074427.0037503864,0.8014845315307254,0.8858275411080003,9.533553141592927,0.5919271111488342
35,ideal,79120339.95094915,42485202.868746355,121605542.8196955,0.6506310330628666,0.3493689669371334,12780167.968374692,945604.0406808642,1.0,1.0,13.515348304954973,0.0
36,before,30853016.020393815,85445833.1301269,116298849.15052071,0.2652908110935995,0.7347091889064005,4132516.5501050083,3463627.3496841555,0.3233538526513246,0.38995049868998566,1.1931181195003118,2.406717300415039
36,residual_best_compensated,69307485.43627465,51177039.929413706,120484525.36568835,0.5752397266446971,0.42476027335530286,10372694.307796821,1083109.1783986285,0.8116242551322242,0.8759755769406703,9.576776297965454,0.727553129196167
36,residual_physics_l0p05_compensated,64424353.00269518,55485182.8228877,119909535.82558288,0.5372746425805958,0.46272535741940424,9068152.256502178,1688041.26681441,0.7095487538928968,0.8142577881065124,5.371996783950168,0.919312596321106
36,ideal,79120339.95094915,42485202.868746355,121605542.8196955,0.6506310330628666,0.3493689669371334,12780167.968374692,945604.0406808642,1.0,1.0,13.515348304954973,0.0
37,before,39457312.26618066,77287661.92851439,116744974.19469506,0.33797867992482383,0.6620213200751761,5774804.437720576,3837350.485569109,0.45185669327748146,0.4986999839818979,1.5048936654177232,2.2323787212371826
37,residual_best_compensated,68503775.0443271,51883733.82738364,120387508.87171073,0.5690272660872747,0.4309727339127252,10104846.800932657,809024.0668491812,0.7906661967149194,0.8658175013757041,12.490168358386313,0.7228907942771912
37,residual_physics_l0p05_compensated,72269525.59703937,48543767.57772514,120813293.17476451,0.5981918355002265,0.40180816449977347,11029508.254653847,850818.9573746127,0.8630174722231383,0.9134127285328026,12.963402095185794,0.5725514888763428
37,ideal,79120339.95094915,42485202.868746355,121605542.8196955,0.6506310330628666,0.3493689669371334,12780167.968374692,945604.0406808642,1.0,1.0,13.515348304954973,0.0
38,before,47328745.89475698,69938380.27444232,117267126.1691993,0.40359772973773167,0.5964022702622682,6902903.148197128,3208362.536589168,0.5401261677685916,0.5981868369637764,2.1515346440666434,2.030674695968628
38,residual_best_compensated,67343175.368634,53096147.78103173,120439323.14966573,0.5591460795985128,0.4408539204014872,10974076.76939241,1028520.9499782491,0.8586801673145795,0.8511487110695375,10.669764937335001,1.0180026292800903
38,residual_physics_l0p05_compensated,66508689.80062039,53871565.69300088,120380255.49362127,0.5524883588915839,0.4475116411084161,11003916.35203634,843559.2379454838,0.8610150022492823,0.8406016688231196,13.044627877986068,1.0886489152908325
38,ideal,79120339.95094915,42485202.868746355,121605542.8196955,0.6506310330628666,0.3493689669371334,12780167.968374692,945604.0406808642,1.0,1.0,13.515348304954973,0.0
39,before,30499832.57185564,85500498.35714622,116000330.92900185,0.2629288410437648,0.7370711589562353,4188385.8400387554,4188385.8400387554,0.3277254141262597,0.38548662190738925,1.0,2.24196195602417
39,residual_best_compensated,53945840.78075002,64862780.3823183,118808621.16306832,0.4540566185572322,0.5459433814427678,6865398.024011823,2695967.946513561,0.5371915330847506,0.6818201339149185,2.546542896732207,1.251522421836853
39,residual_physics_l0p05_compensated,64814554.47185283,55201579.15512749,120016133.62698032,0.540048679399235,0.4599513206007651,9435500.278239125,1819268.8976614408,0.7382923527756324,0.8191895347269081,5.1864242225917705,0.9011427164077759
39,ideal,79120339.95094915,42485202.868746355,121605542.8196955,0.6506310330628666,0.3493689669371334,12780167.968374692,945604.0406808642,1.0,1.0,13.515348304954973,0.0
40,before,47123918.78225401,70165162.45679957,117289081.23905358,0.4017758369699227,0.5982241630300773,6521936.445493023,3325210.7320347014,0.5103169584024212,0.5955980322059865,1.961360338056602,1.9069966077804565
40,residual_best_compensated,69465626.69208518,51208089.18914306,120673715.88122824,0.5756483604139276,0.42435163958607236,11459974.738590123,857047.0975447397,0.8966998530026,0.8779743203220634,13.371464382086526,0.9463993906974792
40,residual_physics_l0p05_compensated,65619138.6517116,54631849.26481216,120250987.91652375,0.5456848196312809,0.45431518036871915,10605402.578417705,1109438.9913043596,0.8298328006847346,0.8293586540754545,9.559248107864866,1.110303521156311
40,ideal,79120339.95094915,42485202.868746355,121605542.8196955,0.6506310330628666,0.3493689669371334,12780167.968374692,945604.0406808642,1.0,1.0,13.515348304954973,0.0
41,before,29514646.25072951,86408813.64950997,115923459.90023948,0.2546046009679921,0.7453953990320078,3004869.0288814423,2681416.2036727285,0.2351196820196084,0.3730348766072945,1.1206276089350402,2.182145833969116
41,residual_best_compensated,57207695.83151136,61573426.821422234,118781122.6529336,0.48162279117925544,0.5183772088207446,7234415.952160643,1640766.2251184396,0.5660657958535951,0.7230466384115313,4.409169229235215,0.9793120622634888
41,residual_physics_l0p05_compensated,59020626.50860352,60046385.1270835,119067011.63568702,0.49569251548187615,0.5043074845181238,6288708.975135737,2255425.6734966817,0.49206778742638846,0.7459602239473884,2.7882581319499153,0.9934291839599609
41,ideal,79120339.95094915,42485202.868746355,121605542.8196955,0.6506310330628666,0.3493689669371334,12780167.968374692,945604.0406808642,1.0,1.0,13.515348304954973,0.0
42,before,34119411.99055871,82366185.01705973,116485597.00761844,0.29290670148968906,0.7070932985103109,3515497.4373733434,3515497.4373733434,0.2750744314216102,0.4312343957534956,1.0,1.4947688579559326
42,residual_best_compensated,78059910.89158146,43402850.521836236,121462761.4134177,0.6426653731829151,0.35733462681708494,12371210.213237176,1000477.3012653678,0.9680005962245952,0.9865972636110373,12.365308235969485,0.22770746052265167
42,residual_physics_l0p05_compensated,75865654.80907772,45340326.05566038,121205980.8647381,0.6259233601165384,0.3740766398834617,11767717.608202443,881654.841434347,0.9207795732671418,0.9588641158027231,13.347306740875798,0.312820166349411
42,ideal,79120339.95094915,42485202.868746355,121605542.8196955,0.6506310330628666,0.3493689669371334,12780167.968374692,945604.0406808642,1.0,1.0,13.515348304954973,0.0
43,before,47768939.92350841,69855845.45594874,117624785.37945715,0.4061128763755528,0.5938871236244473,4693720.875215832,2914121.0049077305,0.3672659770067758,0.6037504382959286,1.6106815287735277,1.427137851715088
43,residual_best_compensated,65684933.41943307,54519686.343194455,120204619.76262753,0.5464426704160249,0.45355732958397504,10248704.586346023,1289100.5455162718,0.8019225265041171,0.830190232500955,7.950275579350965,1.0005018711090088
43,residual_physics_l0p05_compensated,67151769.78361326,53183560.25135119,120335330.03496446,0.5580386887550127,0.4419613112449873,10386631.592844805,1188292.4594739738,0.8127147951847864,0.8487295406622896,8.740804092489736,0.920725405216217
43,ideal,79120339.95094915,42485202.868746355,121605542.8196955,0.6506310330628666,0.3493689669371334,12780167.968374692,945604.0406808642,1.0,1.0,13.515348304954973,0.0
44,before,51449286.49828268,66518904.05548855,117968190.55377123,0.43612847036787866,0.5638715296321213,5562980.4563870635,1762119.2530982567,0.43528226468955644,0.6502662467094907,3.1569829604925546,1.3644920587539673
44,residual_best_compensated,70538203.94222869,50028008.390614524,120566212.33284321,0.5850578082978685,0.41494219170213154,10247476.16783184,1038507.0551041192,0.8018264073828957,0.8915305973907471,9.867507512314823,0.5118662118911743
44,residual_physics_l0p05_compensated,61222005.07889299,58193829.12517789,119415834.20407088,0.5126791223873218,0.4873208776126781,7383066.996812585,1684582.8841665615,0.5776971801217665,0.7737833927008874,4.382727063302272,0.843535840511322
44,ideal,79120339.95094915,42485202.868746355,121605542.8196955,0.6506310330628666,0.3493689669371334,12780167.968374692,945604.0406808642,1.0,1.0,13.515348304954973,0.0
45,before,49478826.7318571,68014993.73548743,117493820.46734454,0.42111854508645347,0.5788814549135465,5466520.942156226,3200955.1423657658,0.427734671068758,0.6253616549490513,1.7077780534331461,1.6425820589065552
45,residual_best_compensated,42978041.80237755,74184233.54864183,117162275.35101938,0.36682491590074445,0.6331750840992555,4063219.0399414646,2677919.1270390665,0.3179315835281781,0.543198396632546,1.5173046112240525,1.4736053943634033
45,residual_physics_l0p05_compensated,45897630.70594824,71664047.4394871,117561678.14543533,0.3904131978208781,0.609586802179122,4769537.087757084,3028067.347750008,0.3731983100347034,0.5800990078455501,1.5751093156171267,1.2989939451217651
45,ideal,79120339.95094915,42485202.868746355,121605542.8196955,0.6506310330628666,0.3493689669371334,12780167.968374692,945604.0406808642,1.0,1.0,13.515348304954973,0.0
46,before,43148691.21209205,74266478.11887598,117415169.33096802,0.36748821687992633,0.6325117831200737,4950434.779186848,2613162.278754524,0.3873528729385249,0.5453552302586439,1.8944230212699633,1.6736619472503662
46,residual_best_compensated,49804089.56085235,68315194.83605406,118119284.3969064,0.42164232381818206,0.578357676181818,4421775.989593696,3214712.2537440434,0.34598731413668826,0.6294726437187772,1.375481113261019,1.0757707357406616
46,residual_physics_l0p05_compensated,45289776.61704999,72349682.61286344,117639459.22991343,0.3849879701379457,0.6150120298620543,3605619.940718477,3605619.940718477,0.282126177812436,0.572416355201804,1.0,1.1732803583145142
46,ideal,79120339.95094915,42485202.868746355,121605542.8196955,0.6506310330628666,0.3493689669371334,12780167.968374692,945604.0406808642,1.0,1.0,13.515348304954973,0.0
47,before,53089235.270159505,64755590.86983224,117844826.13999175,0.4505011972871262,0.5494988027128738,6566376.399626828,3019938.0950948466,0.5137942174058845,0.670993518266887,2.174341391398819,1.8034045696258545
47,residual_best_compensated,44454434.70437403,72778984.3833532,117233419.08772723,0.379195924253546,0.620804075746454,3471560.5741454363,2373563.8030651854,0.271636537386365,0.5618584896365925,1.4625941673286027,1.3529459238052368
47,residual_physics_l0p05_compensated,38657060.30000163,78276067.095469,116933127.39547062,0.33059117771871893,0.6694088222812812,4123430.9116551895,4123430.9116551895,0.322642935668676,0.4885856193738193,1.0,1.448808193206787
47,ideal,79120339.95094915,42485202.868746355,121605542.8196955,0.6506310330628666,0.3493689669371334,12780167.968374692,945604.0406808642,1.0,1.0,13.515348304954973,0.0
48,before,42248753.39450698,74734064.40746588,116982817.80197287,0.36115349406290737,0.6388465059370926,4314543.60348067,2611709.7829351355,0.3375967838730502,0.5339809386650665,1.651999633217986,1.5981353521347046
48,residual_best_compensated,41733847.68784177,75342701.76876977,117076549.45661154,0.3564663280694679,0.6435336719305321,4411394.189210361,3850385.249272481,0.3451749773654482,0.5274730583022618,1.1457020281396209,1.50788152217865
48,residual_physics_l0p05_compensated,56632988.20916375,62252193.96771533,118885182.17687908,0.4763670894233427,0.5236329105766573,6291902.042802981,2471312.3014360815,0.49231763294290637,0.7157829231304303,2.5459760950272257,0.9697678685188293
48,ideal,79120339.95094915,42485202.868746355,121605542.8196955,0.6506310330628666,0.3493689669371334,12780167.968374692,945604.0406808642,1.0,1.0,13.515348304954973,0.0
49,before,58683885.9004344,59794417.643003725,118478303.54343812,0.4953133539671161,0.5046866460328838,6959998.020382562,2406308.7829600326,0.5445936264378921,0.7417041678134297,2.8923960506103357,1.3493543863296509
49,residual_best_compensated,70867992.5489068,49728374.012378246,120596366.56128505,0.5876461668759554,0.4123538331240446,10338268.530883577,1052472.7731414044,0.8089305677723685,0.8956987873515406,9.822837031713489,0.5065472722053528
49,residual_physics_l0p05_compensated,69342719.60476623,51066086.013193175,120408805.61795941,0.575894090543354,0.42410590945664595,9878917.845781209,1224851.544622139,0.7729881070598755,0.8764209007159907,8.065400161477372,0.5549011826515198
49,ideal,79120339.95094915,42485202.868746355,121605542.8196955,0.6506310330628666,0.3493689669371334,12780167.968374692,945604.0406808642,1.0,1.0,13.515348304954973,0.0
50,before,42802383.039195225,74275262.22361343,117077645.26280865,0.3655897156379861,0.6344102843620139,6252035.824709243,4703178.8207069235,0.4891982515550882,0.5409782499131155,1.3293213086398263,1.8502726554870605
50,residual_best_compensated,61755911.070625395,57799306.554401085,119555217.62502648,0.5165471846182147,0.48345281538178525,8037795.460070077,1513401.7517707562,0.628927215977137,0.7805314171919777,5.311078469854718,0.8840045928955078
50,residual_physics_l0p05_compensated,65677298.603227474,54339190.09173965,120016488.69496712,0.5472356283489708,0.4527643716510293,9106852.486856226,1102305.9547628316,0.7125769011324178,0.8300937362496708,8.261637749036407,0.7507509589195251
50,ideal,79120339.95094915,42485202.868746355,121605542.8196955,0.6506310330628666,0.3493689669371334,12780167.968374692,945604.0406808642,1.0,1.0,13.515348304954973,0.0
51,before,38397145.638451844,78256121.88252874,116653267.52098058,0.3291561947165,0.6708438052835001,5215679.197804763,4528286.449705408,0.40810724950652294,0.4853005644598627,1.151799749360837,1.9629405736923218
51,residual_best_compensated,71193682.99835096,49460083.06071417,120653766.05906513,0.5900659823871444,0.40993401761285564,10449773.89323664,1014107.8838924457,0.8176554423302765,0.8998151808054372,10.304400605907254,0.4800647795200348
51,residual_physics_l0p05_compensated,69620121.88677824,50838690.70869349,120458812.59547172,0.5779578960368682,0.4220421039631318,9950926.114783704,1094350.5644961197,0.7786224828506073,0.8799269812280812,9.09299673945477,0.5444756746292114
51,ideal,79120339.95094915,42485202.868746355,121605542.8196955,0.6506310330628666,0.3493689669371334,12780167.968374692,945604.0406808642,1.0,1.0,13.515348304954973,0.0
52,before,52725662.83294542,65363321.57166897,118088984.40461439,0.4464909500134979,0.5535090499865021,6688883.048082507,2795832.0188993835,0.523379901158933,0.6663983353159608,2.392448116648895,1.409409523010254
52,residual_best_compensated,58860737.63448857,60474438.462331235,119335176.0968198,0.4932387880898863,0.5067612119101137,7966929.367270783,2198174.5701610944,0.6233822111716714,0.7439393924619059,3.6243387924767605,1.0950714349746704
52,residual_physics_l0p05_compensated,62048417.572554484,57598016.85270171,119646434.4252562,0.5185981334973796,0.4814018665026204,8447866.490599306,1703887.4475418744,0.6610137293581797,0.7842283995622561,4.957995613376155,0.9453727006912231
52,ideal,79120339.95094915,42485202.868746355,121605542.8196955,0.6506310330628666,0.3493689669371334,12780167.968374692,945604.0406808642,1.0,1.0,13.515348304954973,0.0
53,before,46908714.83729969,70472845.02813494,117381559.86543463,0.3996259283917806,0.6003740716082194,3342280.85479606,2321145.0392396073,0.26152088635037807,0.5928780749220853,1.4399276211929308,1.7657139301300049
53,residual_best_compensated,74718988.49545802,46349275.64807829,121068264.14353631,0.6171641183099195,0.3828358816900806,11484824.14094995,862219.5780487552,0.8986442251283278,0.944371428911709,13.320068847126697,0.37899115681648254
53,residual_physics_l0p05_compensated,74009086.21572006,46955870.700508356,120964956.91622841,0.6118225319335533,0.3881774680664467,11168629.698097633,899416.818629095,0.873903201095251,0.9353989917333795,12.417634923839907,0.4045405685901642
53,ideal,79120339.95094915,42485202.868746355,121605542.8196955,0.6506310330628666,0.3493689669371334,12780167.968374692,945604.0406808642,1.0,1.0,13.515348304954973,0.0
54,before,56648637.55112475,61787064.234377235,118435701.78550199,0.4783071041679702,0.5216928958320298,6942245.046581796,2212482.358831044,0.5432045231143132,0.7159807147725126,3.1377628928303425,1.4333986043930054
54,residual_best_compensated,69756227.69570623,50776575.29311028,120532802.98881651,0.5787323115864026,0.42126768841359746,10394052.853084765,1228234.276393732,0.8132954808423086,0.8816472191468311,8.462597936611214,0.6485803723335266
54,residual_physics_l0p05_compensated,70855863.42492871,49828989.65874684,120684853.08367555,0.5871148003619109,0.4128851996380892,10840512.314844713,1051467.0677288459,0.8482292518901335,0.8955454876565998,10.309892385179564,0.6807885766029358
54,ideal,79120339.95094915,42485202.868746355,121605542.8196955,0.6506310330628666,0.3493689669371334,12780167.968374692,945604.0406808642,1.0,1.0,13.515348304954973,0.0
55,before,53154706.73801581,65162242.69945914,118316949.43747495,0.4492569068990882,0.5507430931009119,5093538.909492166,3066863.942678732,0.3985502320545739,0.6718210105134685,1.6608297611804872,1.3706539869308472
55,residual_best_compensated,69927403.793674,50674373.92422232,120601777.71789633,0.5798206719410351,0.42017932805896485,10777477.311304947,853232.1064799413,0.8432970003191252,0.8838107095726039,12.631354621391425,0.7883806824684143
55,residual_physics_l0p05_compensated,69521696.33081317,50968474.47766866,120490170.80848183,0.5769906031697586,0.4230093968302414,10265629.86576317,936887.6994810188,0.8032468658601436,0.8786829830851753,10.957161537556455,0.8028228282928467
55,ideal,79120339.95094915,42485202.868746355,121605542.8196955,0.6506310330628666,0.3493689669371334,12780167.968374692,945604.0406808642,1.0,1.0,13.515348304954973,0.0
56,before,27652980.967032045,88228969.19422711,115881950.16125916,0.23863061441881736,0.7613693855811826,3503307.1352474173,3503307.1352474173,0.27412058620172797,0.3495053355960753,1.0,2.045480966567993
56,residual_best_compensated,59024705.51025028,60170839.70903926,119195545.21928954,0.4951922104274938,0.5048077895725062,6952016.933844082,2536060.563895858,0.5439691364814041,0.7460117783472971,2.7412661325266217,0.8616676926612854
56,residual_physics_l0p05_compensated,52375107.8025049,66097540.39229922,118472648.19480412,0.4420860730350579,0.557913926964942,5466392.847397468,3253885.631594294,0.42772464813642447,0.6619676790440356,1.6799585069371723,1.033132791519165
56,ideal,79120339.95094915,42485202.868746355,121605542.8196955,0.6506310330628666,0.3493689669371334,12780167.968374692,945604.0406808642,1.0,1.0,13.515348304954973,0.0
57,before,30505909.918477263,85456880.77994178,115962790.69841905,0.2630663658122291,0.7369336341877709,3546152.673182078,3196525.3132329932,0.277473088143853,0.38556343333951143,1.109377316206975,2.1099400520324707
57,residual_best_compensated,64865805.35547511,54992130.309247404,119857935.66472252,0.5411890751808343,0.45881092481916574,8534655.225872336,1813686.9229250734,0.6678046209558327,0.8198372933646244,4.705693754525084,0.7576861381530762
57,residual_physics_l0p05_compensated,60688643.99674205,58675799.89957311,119364443.89631516,0.5084315061984345,0.4915684938015655,7405986.186609155,2244631.0293533816,0.5794905203856257,0.7670422553083837,3.2994225285848526,0.8746537566184998
57,ideal,79120339.95094915,42485202.868746355,121605542.8196955,0.6506310330628666,0.3493689669371334,12780167.968374692,945604.0406808642,1.0,1.0,13.515348304954973,0.0
58,before,35623491.53905781,80858743.6434089,116482235.18246672,0.30582767821423107,0.6941723217857689,4313093.565959544,3875667.4052839098,0.3374833238993852,0.4502444195910013,1.1128647313954927,1.6729793548583984
58,residual_best_compensated,74498326.51805657,46573148.20274679,121071474.72080337,0.615325176222172,0.384674823777828,11565886.73471291,886322.9833341558,0.9049870677234763,0.941582487692065,13.049291231515333,0.4247792065143585
58,residual_physics_l0p05_compensated,66208185.25188393,53862945.32073862,120071130.57262255,0.5514080273595764,0.44859197264042355,9101518.080153694,1161209.9469367035,0.7121595039029188,0.8368035993390557,7.837960830566162,0.7215616703033447
58,ideal,79120339.95094915,42485202.868746355,121605542.8196955,0.6506310330628666,0.3493689669371334,12780167.968374692,945604.0406808642,1.0,1.0,13.515348304954973,0.0
59,before,46175488.218911976,71352653.73984347,117528141.95875545,0.3928887792263107,0.6071112207736893,3499903.6572701456,2725797.492495218,0.27385427687107644,0.5836108420102667,1.283992544165966,1.4093979597091675
59,residual_best_compensated,60960491.724632725,58565010.76372895,119525502.48836167,0.5100207943536444,0.48997920564635555,8125732.267474672,2441681.354984441,0.6358079398942403,0.7704781319497026,3.3279249361866268,0.9465581178665161
59,residual_physics_l0p05_compensated,57180490.6536399,61931764.73043762,119112255.38407752,0.48005547766064355,0.5199445223393564,7257932.086523898,2720191.5044000265,0.5679058447810776,0.7227027928480728,2.6681695295290355,1.0481842756271362
59,ideal,79120339.95094915,42485202.868746355,121605542.8196955,0.6506310330628666,0.3493689669371334,12780167.968374692,945604.0406808642,1.0,1.0,13.515348304954973,0.0
60,before,42619236.72379169,74437505.25354853,117056741.97734022,0.3640904061044335,0.6359095938955666,3715965.8745055497,2418833.7420038236,0.29076033145268004,0.5386634682082204,1.5362634520829648,1.80739164352417
60,residual_best_compensated,61357253.57121545,58098373.38213876,119455626.95335421,0.5136405470055807,0.48635945299441924,7593355.911603937,1468802.6041625077,0.594151495535439,0.7754927950164778,5.169759292422803,0.7852703928947449
60,residual_physics_l0p05_compensated,49892797.48498184,68177876.12367672,118070673.60865855,0.4225672299486485,0.5774327700513515,4193029.8880397663,2516328.146717528,0.32808879338798014,0.6305938209556861,1.666328731214744,1.1268560886383057
60,ideal,79120339.95094915,42485202.868746355,121605542.8196955,0.6506310330628666,0.3493689669371334,12780167.968374692,945604.0406808642,1.0,1.0,13.515348304954973,0.0
61,before,64670148.62382954,55050272.28577514,119720420.90960468,0.5401764221381995,0.4598235778618005,8331143.348272364,1273672.7530844691,0.6518805831729511,0.8173643928213904,6.54103915475677,0.8204016089439392
61,residual_best_compensated,72309128.23075958,48468927.42463331,120778055.65539289,0.5986942564887273,0.40130574351127263,10754435.744199786,864674.5790420058,0.8414940844918702,0.9139132652310114,12.437552814510736,0.46812742948532104
61,residual_physics_l0p05_compensated,71334627.11814979,49326383.652854845,120661010.77100463,0.5911986536689265,0.4088013463310734,10480426.215302331,891302.0096414825,0.8200538710631025,0.9015965700144093,11.758557819832562,0.4877883195877075
61,ideal,79120339.95094915,42485202.868746355,121605542.8196955,0.6506310330628666,0.3493689669371334,12780167.968374692,945604.0406808642,1.0,1.0,13.515348304954973,0.0
62,before,43412539.811566964,73544148.14318562,116956687.95475258,0.37118475711591725,0.6288152428840827,3560340.579966946,1783230.7259908204,0.27858323840322186,0.5486900061157558,1.9965675378258785,1.8970867395401
62,residual_best_compensated,62785053.16890886,56959513.05155087,119744566.22045973,0.5243248620844836,0.4756751379155164,8807129.690109588,1763930.1883715142,0.6891247213576042,0.7935387184614299,4.992901503795032,0.9494480490684509
62,residual_physics_l0p05_compensated,61117106.30959874,58440049.52435198,119557155.83395071,0.5111957195977664,0.48880428040223356,8426287.462754317,2027678.5520379029,0.6593252517185753,0.7724575797764321,4.1556327822699215,1.0110833644866943
62,ideal,79120339.95094915,42485202.868746355,121605542.8196955,0.6506310330628666,0.3493689669371334,12780167.968374692,945604.0406808642,1.0,1.0,13.515348304954973,0.0
63,before,43401321.42957824,73696409.44862112,117097730.87819935,0.3706418655944978,0.6293581344055023,5131954.319229727,4482813.936748096,0.4015560931537881,0.5485482172660657,1.1448064522955703,2.0570030212402344
63,residual_best_compensated,74264973.3831002,46719748.46557984,120984721.84868003,0.6138376172487803,0.3861623827512197,11158495.01303346,921344.3946742672,0.8731102001668397,0.9386331432491437,12.111100992781797,0.3981432318687439
63,residual_physics_l0p05_compensated,72317801.40329997,48450186.8461321,120767988.24943207,0.598815981383544,0.40118401861645603,10711950.735561501,801660.554767911,0.8381697926090549,0.9140228852420702,13.362202582940759,0.4515046179294586
63,ideal,79120339.95094915,42485202.868746355,121605542.8196955,0.6506310330628666,0.3493689669371334,12780167.968374692,945604.0406808642,1.0,1.0,13.515348304954973,0.0
64,before,43000869.0374141,74368536.93360469,117369405.97101878,0.366372042881703,0.6336279571182971,3263315.431351354,2540018.5410262933,0.2553421394324885,0.5434869094858868,1.2847604766037704,1.608987808227539
64,residual_best_compensated,56033935.41282771,62516495.465775795,118550430.8786035,0.47265906161241084,0.5273409383875891,6704226.523145587,2146320.80778527,0.5245804702829889,0.7082115098034979,3.123590144971616,1.38839852809906
64,residual_physics_l0p05_compensated,55155348.445156686,63351826.46881517,118507174.91397186,0.46541779841765457,0.5345822015823454,7189813.783731572,1710339.247145767,0.5625758441925964,0.6971070710685822,4.203735484483568,1.261790156364441
64,ideal,79120339.95094915,42485202.868746355,121605542.8196955,0.6506310330628666,0.3493689669371334,12780167.968374692,945604.0406808642,1.0,1.0,13.515348304954973,0.0
65,before,46667345.85061111,70924422.90932322,117591768.75993434,0.39685894976104424,0.6031410502389557,3670928.358597269,2294321.1573925493,0.2872363154914087,0.5898274183293784,1.6000063229025907,1.3849477767944336
65,residual_best_compensated,70796017.42324074,49877199.276665,120673216.69990574,0.5866754807680207,0.4133245192319794,10772352.181947231,927674.2433081509,0.8428959782534999,0.8947890955363804,11.612214373369119,0.6523219347000122
65,residual_physics_l0p05_compensated,72522107.50946587,48346722.35795739,120868829.86742327,0.6000066980793377,0.39999330192066224,11204447.48880735,856628.506608808,0.8767058082908958,0.916605105013782,13.079704215264957,0.5718042850494385
65,ideal,79120339.95094915,42485202.868746355,121605542.8196955,0.6506310330628666,0.3493689669371334,12780167.968374692,945604.0406808642,1.0,1.0,13.515348304954973,0.0
66,before,72431168.89783517,47988607.96712062,120419776.86495578,0.6014889811584917,0.3985110188415083,10760883.18032223,1490575.3845696037,0.8419985720806404,0.9154557341732739,7.219281420932214,0.6984395980834961
66,residual_best_compensated,76762938.84579816,44550762.793802515,121313701.63960068,0.6327639648969402,0.36723603510305974,12040646.387411695,944450.6344481558,0.9421352221040452,0.9702048663262511,12.748836146896197,0.2692194879055023
66,residual_physics_l0p05_compensated,76528295.48708017,44751915.60785326,121280211.09493344,0.631003976627125,0.36899602337287496,11945679.25564456,936245.9491400485,0.9347044017891529,0.96723921477744,12.759125170706254,0.28106263279914856
66,ideal,79120339.95094915,42485202.868746355,121605542.8196955,0.6506310330628666,0.3493689669371334,12780167.968374692,945604.0406808642,1.0,1.0,13.515348304954973,0.0
67,before,38005835.32560159,78528178.3144953,116534013.64009689,0.32613512689075175,0.6738648731092483,5371017.464500165,3469874.0037177107,0.4202618837084987,0.4803548031917381,1.5478998542153175,2.2946598529815674
67,residual_best_compensated,47200572.096948974,70624430.91055146,117825003.00750044,0.4005989466764054,0.5994010533235945,3851484.2217274467,3851484.2217274467,0.3013641316184717,0.596566851535409,1.0,1.1629934310913086
67,residual_physics_l0p05_compensated,53192990.027792804,65347702.62270161,118540692.65049441,0.44873189820669523,0.5512681017933048,5497567.900746444,3254366.5569093223,0.4301639786230128,0.6723048720565399,1.689289698812384,0.9756548404693604
67,ideal,79120339.95094915,42485202.868746355,121605542.8196955,0.6506310330628666,0.3493689669371334,12780167.968374692,945604.0406808642,1.0,1.0,13.515348304954973,0.0
68,before,50000891.625397,67422961.34245452,117423852.96785152,0.4258154570953,0.5741845429047,4741831.391067171,3121101.4407117837,0.37103044363744847,0.6319600200959092,1.5192814079076427,2.056788206100464
68,residual_best_compensated,66418816.952391535,53849851.508521795,120268668.46091333,0.5522536983435323,0.4477463016564676,10298309.539880564,1280611.2053947938,0.8058039272538797,0.8394657681396218,8.041714375524105,0.9586319327354431
68,residual_physics_l0p05_compensated,64081410.005696975,55933800.127156444,120015210.13285342,0.5339440720452072,0.4660559279547927,9794682.614014281,1522736.091383229,0.766397017492401,0.8099233401350956,6.432291629153512,1.0385316610336304
68,ideal,79120339.95094915,42485202.868746355,121605542.8196955,0.6506310330628666,0.3493689669371334,12780167.968374692,945604.0406808642,1.0,1.0,13.515348304954973,0.0
69,before,27738297.198091418,88044629.29778516,115782926.49587658,0.23957156756682318,0.7604284324331768,3845588.414362768,3845588.414362768,0.3009028069019838,0.35058364530900454,1.0,2.1118249893188477
69,residual_best_compensated,66664875.934141435,53520158.795159884,120185034.72930132,0.5546853323651653,0.44531466763483474,9611207.009848356,1663385.9991282623,0.7520407426280997,0.8425757014627401,5.7780978166735455,0.7716215252876282
69,residual_physics_l0p05_compensated,68558779.84955993,51821423.62398288,120380203.47354281,0.5695187237711207,0.4304812762288793,9956144.333074663,1392329.863926243,0.7790307887745882,0.8665127057348733,7.150708026185149,0.6702321767807007
69,ideal,79120339.95094915,42485202.868746355,121605542.8196955,0.6506310330628666,0.3493689669371334,12780167.968374692,945604.0406808642,1.0,1.0,13.515348304954973,0.0
70,before,33053035.753370184,83134686.48328383,116187722.23665401,0.2844795914498345,0.7155204085501655,3266710.7470790343,3266710.7470790343,0.2556078100978571,0.41775649313263186,1.0,1.8853894472122192
70,residual_best_compensated,36283778.283161834,80367130.27679965,116650908.55996148,0.3110458266556155,0.6889541733443845,2963072.2997755012,2729036.4074672284,0.2318492454174159,0.45858976725398365,1.0857577024871858,1.7821402549743652
70,residual_physics_l0p05_compensated,40699949.06907305,76388230.60845795,117088179.677531,0.34760083538033937,0.6523991646196606,3151761.899669711,3151761.899669711,0.2466134958060754,0.5144056394892272,1.0,1.3470765352249146
70,ideal,79120339.95094915,42485202.868746355,121605542.8196955,0.6506310330628666,0.3493689669371334,12780167.968374692,945604.0406808642,1.0,1.0,13.515348304954973,0.0
71,before,71691124.00936824,48771087.32988694,120462211.33925518,0.5951337204616478,0.40486627953835214,10629591.605687557,1440623.3965554172,0.8317255009473374,0.906102325316263,7.378466593769958,0.6746439933776855
71,residual_best_compensated,74916685.3035488,46203982.167305514,121120667.47085431,0.6185293300301228,0.3814706699698773,11704935.791783923,938002.769753277,0.9158671326346026,0.9468701139301674,12.478572739036448,0.3893020451068878
71,residual_physics_l0p05_compensated,76257030.81777672,45019568.4053904,121276599.22316712,0.6287860255501753,0.37121397444982474,12062320.749596838,911756.543147119,0.9438311592966375,0.9638107073990387,13.229760554238752,0.31314897537231445
71,ideal,79120339.95094915,42485202.868746355,121605542.8196955,0.6506310330628666,0.3493689669371334,12780167.968374692,945604.0406808642,1.0,1.0,13.515348304954973,0.0
72,before,49565253.89291752,67971514.72925425,117536768.62217177,0.4216999877906094,0.5783000122093905,6021247.041003593,4494691.533141249,0.47113989862289274,0.6264540056785097,1.339635211138831,1.8292133808135986
72,residual_best_compensated,61162830.811566256,58363673.062413774,119526503.87398003,0.511709360093489,0.488290639906511,7999622.489774018,2093175.278882049,0.6259403248509389,0.773035490614478,3.821764269090051,0.869666576385498
72,residual_physics_l0p05_compensated,65855393.19412145,54207221.67386891,120062614.86799036,0.5485087365998974,0.4514912634001026,9204175.68730896,1741590.619064044,0.7201920749465309,0.8323446693346953,5.2849249338833815,0.7239285111427307
72,ideal,79120339.95094915,42485202.868746355,121605542.8196955,0.6506310330628666,0.3493689669371334,12780167.968374692,945604.0406808642,1.0,1.0,13.515348304954973,0.0
73,before,62438987.13048398,56350351.260695525,118789338.3911795,0.5256278717949344,0.4743721282050656,5365261.640517531,1170447.7556736383,0.41981151216433144,0.7891647984474432,4.583939449249158,1.4739888906478882
73,residual_best_compensated,61915558.846825585,57624488.88794699,119540047.73477258,0.5179482526575501,0.48205174734244993,7911796.372399505,1900024.8498624898,0.6190682620117145,0.7825492014469388,4.164048892819536,0.8150602579116821
73,residual_physics_l0p05_compensated,59859885.28441345,59447573.9355929,119307459.22000635,0.5017279361722901,0.4982720638277099,7404415.650720678,1939404.8089376108,0.5793676318686388,0.7565675946478962,3.817880422177953,0.8790587782859802
73,ideal,79120339.95094915,42485202.868746355,121605542.8196955,0.6506310330628666,0.3493689669371334,12780167.968374692,945604.0406808642,1.0,1.0,13.515348304954973,0.0
74,before,58663523.52936221,60392285.82507334,119055809.35443555,0.4927396978564712,0.5072603021435288,6242596.292229539,2355892.3126696516,0.4884596436977374,0.7414468083141554,2.649779983005908,0.9714881777763367
74,residual_best_compensated,59803158.90344768,59467000.86567,119270159.76911768,0.5014092294268256,0.49859077057317436,7055438.047665872,2314918.489767556,0.5520614490455044,0.7558506313360484,3.047812732436345,0.8198875784873962
74,residual_physics_l0p05_compensated,62857334.460269384,56800082.13488712,119657416.5951565,0.5253108102186265,0.47468918978137353,8061909.1306644725,2150672.1843932304,0.6308140198637576,0.7944522798971535,3.7485532147424787,0.7455700039863586
74,ideal,79120339.95094915,42485202.868746355,121605542.8196955,0.6506310330628666,0.3493689669371334,12780167.968374692,945604.0406808642,1.0,1.0,13.515348304954973,0.0
75,before,56381387.98333434,62387455.454304345,118768843.43763869,0.47471530707409987,0.5252846929259001,6444783.773565741,1662197.683150484,0.5042800524620453,0.7126029541618264,3.8772667287987517,1.0401583909988403
75,residual_best_compensated,63158059.45453618,56542892.56215427,119700952.01669045,0.5276320563075368,0.47236794369246315,8241752.838462741,1939586.3884248026,0.6448861125188231,0.7982531355867679,4.24923214951829,0.7831296324729919
75,residual_physics_l0p05_compensated,59190607.72134598,60030812.18526033,119221419.90660632,0.4964762856180855,0.5035237143819145,7097947.182988061,2048009.069423878,0.5553876287504488,0.74810861224865,3.4657791749842066,0.845697283744812
75,ideal,79120339.95094915,42485202.868746355,121605542.8196955,0.6506310330628666,0.3493689669371334,12780167.968374692,945604.0406808642,1.0,1.0,13.515348304954973,0.0
76,before,30442708.181652162,85541295.60258728,115984003.78423944,0.2624733341529023,0.7375266658470977,2961205.189649676,2961205.189649676,0.23170315108356632,0.38476462816672924,1.0,1.9751405715942383
76,residual_best_compensated,70332657.941029,50224800.59438129,120557458.53541028,0.5833953269707556,0.41660467302924437,10336736.389561841,1023611.8119308044,0.8088106834855949,0.8889327066166791,10.098297293056833,0.6104521155357361
76,residual_physics_l0p05_compensated,61558428.81258444,57712789.55090944,119271218.36349387,0.5161214051237195,0.4838785948762805,8107236.948426545,1591450.1668013935,0.6343607508515067,0.7780354438662389,5.0942449330480954,0.9052265882492065
76,ideal,79120339.95094915,42485202.868746355,121605542.8196955,0.6506310330628666,0.3493689669371334,12780167.968374692,945604.0406808642,1.0,1.0,13.515348304954973,0.0
77,before,37643317.51842407,79001797.65332305,116645115.17174713,0.32271662180622324,0.6772833781937767,5127202.673895825,2863532.7412133296,0.40118429480609347,0.47577294968349654,1.7905165183211205,1.9539626836776733
77,residual_best_compensated,62438185.21928563,57192901.441997714,119631086.66128334,0.5219227456828973,0.47807725431710274,8071542.639183325,2059943.2513102712,0.6315678056154544,0.7891546631118412,3.918332523990283,0.8468974828720093
77,residual_physics_l0p05_compensated,65763815.61981915,54257159.51648389,120020975.13630304,0.5479360215590133,0.4520639784409866,8988871.227121621,1765165.0352200663,0.7033453119994302,0.8311872226609439,5.092368729137535,0.7219615578651428
77,ideal,79120339.95094915,42485202.868746355,121605542.8196955,0.6506310330628666,0.3493689669371334,12780167.968374692,945604.0406808642,1.0,1.0,13.515348304954973,0.0
78,before,36267504.74791335,80188164.45927784,116455669.2071912,0.31142755861364124,0.6885724413863586,3440727.845548735,3440727.845548735,0.2692239925220879,0.458384086448535,1.0,1.7495111227035522
78,residual_best_compensated,59797715.63411675,59491444.41985815,119289160.0539749,0.5012837344739456,0.4987162655260544,7175419.087993663,2362172.884988507,0.5614495134766363,0.7557818339909622,3.037635023919333,0.7989010810852051
78,residual_physics_l0p05_compensated,64738788.03724832,55138362.71286499,119877150.75011331,0.5400427657160273,0.4599572342839728,8588991.43840755,1802276.6727903225,0.6720562248995111,0.8182319246527922,4.765634249213187,0.6786746382713318
78,ideal,79120339.95094915,42485202.868746355,121605542.8196955,0.6506310330628666,0.3493689669371334,12780167.968374692,945604.0406808642,1.0,1.0,13.515348304954973,0.0
79,before,29270614.823683694,86677249.18635534,115947864.01003903,0.2524463479650593,0.7475536520349406,5699894.123609755,5699894.123609755,0.4459952433891708,0.3699505694974274,1.0,2.2724170684814453
79,residual_best_compensated,76193859.25209014,45109671.14205837,121303530.39414851,0.6281256530994221,0.37187434690057786,12260190.454880519,929998.8726327219,0.9593137183501117,0.9630122835585225,13.183016469873026,0.4741476774215698
79,residual_physics_l0p05_compensated,73816076.60023426,47222444.049477816,121038520.64971207,0.6098560706459679,0.390143929354032,11710010.893718913,877986.6514651389,0.9162642402428554,0.9329595480251566,13.337345020198029,0.5851743817329407
79,ideal,79120339.95094915,42485202.868746355,121605542.8196955,0.6506310330628666,0.3493689669371334,12780167.968374692,945604.0406808642,1.0,1.0,13.515348304954973,0.0
80,before,43643645.97425755,73392265.05140027,117035911.02565782,0.37290815777637293,0.6270918422236271,7491951.551981316,5464263.195141763,0.5862169863902109,0.5516109511323453,1.371081751450471,1.8267359733581543
80,residual_best_compensated,71672297.56783207,49037917.76206896,120710215.32990102,0.5937550303588779,0.4062449696411221,10671109.71577199,950868.6524164334,0.8349741366606687,0.9058643783920227,11.222485554291437,0.5242229104042053
80,residual_physics_l0p05_compensated,72990304.95528124,47872242.413622305,120862547.36890355,0.6039116876504024,0.3960883123495976,11001945.797975754,859216.9924718532,0.8608608138172161,0.9225226408346041,12.804618500763839,0.46800729632377625
80,ideal,79120339.95094915,42485202.868746355,121605542.8196955,0.6506310330628666,0.3493689669371334,12780167.968374692,945604.0406808642,1.0,1.0,13.515348304954973,0.0
81,before,35787164.87493531,80736478.84283227,116523643.71776758,0.3071236337375061,0.6928763662624938,5128785.852636439,4996293.778461415,0.4013081725786338,0.45231308279415444,1.0265180712043365,1.6476218700408936
81,residual_best_compensated,65999932.52920709,54074526.4149405,120074458.94414759,0.5496583795551961,0.45034162044480386,9691095.321253441,1038404.6423421018,0.7582917020523243,0.8341714983798593,9.33267719161517,1.183018684387207
81,residual_physics_l0p05_compensated,65818905.5773008,54424942.482694924,120243848.05999573,0.5473785697914494,0.45262143020855067,10475967.921142489,829527.1301829772,0.8197050263397095,0.8318835032572585,12.628843035949528,1.0518202781677246
81,ideal,79120339.95094915,42485202.868746355,121605542.8196955,0.6506310330628666,0.3493689669371334,12780167.968374692,945604.0406808642,1.0,1.0,13.515348304954973,0.0
82,before,39663175.99154221,77102260.6005787,116765436.5921209,0.33968250493587077,0.6603174950641293,4757264.837243331,2825737.293417901,0.37223805266217735,0.5013018904637101,1.68354816575646,1.6913131475448608
82,residual_best_compensated,40962361.91270236,76151857.28413856,117114219.19684091,0.3497642062050079,0.6502357937949922,3493747.332720053,2697472.9478199314,0.273372567666211,0.5177222688640757,1.2951927230794518,1.5716689825057983
82,residual_physics_l0p05_compensated,52923560.3305097,65381248.060586505,118304808.3910962,0.4473491910451613,0.5526508089548386,6774025.442883523,1904830.7647935697,0.5300419728164969,0.6688995568436611,3.5562347942325667,1.1342449188232422
82,ideal,79120339.95094915,42485202.868746355,121605542.8196955,0.6506310330628666,0.3493689669371334,12780167.968374692,945604.0406808642,1.0,1.0,13.515348304954973,0.0
83,before,52724689.944609135,65231858.443764985,117956548.38837412,0.44698400101545965,0.5530159989845403,4723564.197889444,3238946.6089239353,0.3696011045847123,0.6663860390045839,1.4583643289688986,1.7400113344192505
83,residual_best_compensated,54651276.3465306,64009324.50659913,118660600.85312973,0.4605680061756501,0.5394319938243499,5735154.916203576,1863447.7434379642,0.44875426758048625,0.6907361164071312,3.077711696718961,0.947350800037384
83,residual_physics_l0p05_compensated,52979746.69363111,65442772.87757923,118422519.57121034,0.4473789857322965,0.5526210142677035,5032588.948207662,2048663.7467008622,0.3937811271855825,0.6696096948834653,2.456522675481552,1.0047568082809448
83,ideal,79120339.95094915,42485202.868746355,121605542.8196955,0.6506310330628666,0.3493689669371334,12780167.968374692,945604.0406808642,1.0,1.0,13.515348304954973,0.0
84,before,50274390.398541614,67441852.24277216,117716242.64131378,0.4270811679891087,0.5729188320108912,4850777.923687333,4401639.211501987,0.37955509940799526,0.6354167642569452,1.1020389656225562,1.710267424583435
84,residual_best_compensated,45274189.725427575,72312242.47046775,117586432.19589533,0.38502902826409585,0.6149709717359041,4182075.654542409,4182075.654542409,0.32723166588195174,0.572219352867991,1.0,1.2240647077560425
84,residual_physics_l0p05_compensated,32061046.10111227,84149035.74141565,116210081.84252793,0.2758886801625097,0.7241113198374902,4226677.098578642,3919436.3707436747,0.33072156086193966,0.4052187607003281,1.0783890076972142,1.663055181503296
84,ideal,79120339.95094915,42485202.868746355,121605542.8196955,0.6506310330628666,0.3493689669371334,12780167.968374692,945604.0406808642,1.0,1.0,13.515348304954973,0.0
85,before,31194738.788101442,84938550.97337285,116133289.76147428,0.2686115139954461,0.731388486004554,3701499.123769777,2803767.3347290005,0.2896283627045719,0.39426952421388356,1.3201876910116535,1.9960381984710693
85,residual_best_compensated,70076736.56329969,50552294.53685571,120629031.1001554,0.580927625167748,0.41907237483225207,10884293.705887921,1098059.98431582,0.8516549808125975,0.8856981227171664,9.912294283877136,0.8190340995788574
85,residual_physics_l0p05_compensated,70391800.05658367,50242710.83728306,120634510.89386673,0.5835129560770036,0.4164870439229964,10769421.06018509,801932.7817801152,0.8426666290172932,0.8896802023376448,13.429331366500984,0.7153481841087341
85,ideal,79120339.95094915,42485202.868746355,121605542.8196955,0.6506310330628666,0.3493689669371334,12780167.968374692,945604.0406808642,1.0,1.0,13.515348304954973,0.0
86,before,27855674.69388086,88023317.8234711,115878992.51735196,0.24038588952790296,0.759614110472097,5246519.966484474,4694209.357540068,0.4105204234770082,0.35206717654588005,1.1176578560684043,2.1586196422576904
86,residual_best_compensated,73839231.37715517,47158237.937145054,120997469.31430022,0.6102543449512328,0.38974565504876724,11435859.687170845,870627.7273334996,0.8948129410716338,0.9332522006721911,13.135188931089791,0.5393038392066956
86,residual_physics_l0p05_compensated,72215551.94030115,48614931.12044731,120830483.06074846,0.5976600449738683,0.40233995502613173,11145211.751169723,817911.2982654674,0.8720708349647072,0.9127305568336962,13.626430854794659,0.6296577453613281
86,ideal,79120339.95094915,42485202.868746355,121605542.8196955,0.6506310330628666,0.3493689669371334,12780167.968374692,945604.0406808642,1.0,1.0,13.515348304954973,0.0
87,before,45097904.15797025,72232662.41362628,117330566.57159653,0.3843662012017215,0.6156337987982785,4001943.256724056,3899276.9060071227,0.3131369843203242,0.569991283984988,1.0263295870469646,2.050661087036133
87,residual_best_compensated,51951637.68291802,66395543.82344165,118347181.50635967,0.438976552053555,0.561023447946445,5132113.3267342355,2852094.627974516,0.40156853489202676,0.6566154507820058,1.7994190222148871,1.024810791015625
87,residual_physics_l0p05_compensated,49326364.113704525,68717600.99878281,118043965.11248733,0.4178643445829702,0.5821356554170298,4476839.242448605,3333268.7667622245,0.3502958062465859,0.6234346837271494,1.3430777881128346,1.1023181676864624
87,ideal,79120339.95094915,42485202.868746355,121605542.8196955,0.6506310330628666,0.3493689669371334,12780167.968374692,945604.0406808642,1.0,1.0,13.515348304954973,0.0
88,before,42218674.482539274,74833966.50362378,117052640.98616305,0.3606810929411665,0.6393189070588335,5137158.555955888,3587467.3375675967,0.4019633050729929,0.5336007720481591,1.4319736105079148,1.4944188594818115
88,residual_best_compensated,66192669.34865652,53791815.266822696,119984484.61547922,0.5516769068999859,0.44832309310001406,8647455.460163655,1134970.6239951148,0.6766308143650626,0.8366074942257936,7.619100686257828,0.6802343726158142
88,residual_physics_l0p05_compensated,68395158.98459849,51881404.69767395,120276563.68227243,0.5686490941433443,0.43135090585665564,9476042.250744676,1127420.5456140751,0.7414646094005746,0.8644447057103172,8.405064363611837,0.5874667763710022
88,ideal,79120339.95094915,42485202.868746355,121605542.8196955,0.6506310330628666,0.3493689669371334,12780167.968374692,945604.0406808642,1.0,1.0,13.515348304954973,0.0
89,before,32504225.532856904,83645863.70771459,116150089.24057148,0.2798467547066086,0.7201532452933915,5041303.400071374,5041303.400071374,0.39446300021614644,0.4108200944663279,1.0,2.0447282791137695
89,residual_best_compensated,72150106.69431418,48624948.8333341,120775055.52764829,0.5973924530947312,0.40260754690526884,10817006.418081746,867262.7806298173,0.8463900040163079,0.9119033960046661,12.47258231262536,0.5329091548919678
89,residual_physics_l0p05_compensated,71242747.52613677,49421428.70926176,120664176.23539853,0.590421695559023,0.409578304440977,10526337.497374432,823319.5909407003,0.8236462559351723,0.9004353061463575,12.785238700985307,0.5292021632194519
89,ideal,79120339.95094915,42485202.868746355,121605542.8196955,0.6506310330628666,0.3493689669371334,12780167.968374692,945604.0406808642,1.0,1.0,13.515348304954973,0.0
90,before,28456683.009296604,87349751.07166249,115806434.0809591,0.24572626931421468,0.7542737306857853,3434516.6728813522,3434516.6728813522,0.26873799165866,0.3596633056296067,1.0,1.892202377319336
90,residual_best_compensated,53361212.53128349,65161154.16770155,118522366.69898504,0.4502206125094231,0.549779387490577,5334475.7163873,3201434.7644189005,0.41740262957324087,0.6744310320755056,1.6662765631445164,1.054531455039978
90,residual_physics_l0p05_compensated,51416938.84891527,66875282.893545605,118292221.74246088,0.43466035290855654,0.5653396470914435,4777927.3453455595,3464658.178282544,0.373854816084486,0.6498574055772679,1.3790472535775558,1.0735630989074707
90,ideal,79120339.95094915,42485202.868746355,121605542.8196955,0.6506310330628666,0.3493689669371334,12780167.968374692,945604.0406808642,1.0,1.0,13.515348304954973,0.0
91,before,38774612.87413805,78016505.34782955,116791118.2219676,0.3319996714171782,0.6680003285828219,3791674.6869083825,3223507.9341132483,0.296684260824358,0.49007136342154833,1.1762572838063854,1.7424603700637817
91,residual_best_compensated,61934236.614080824,57628213.17411659,119562449.78819741,0.518007423934489,0.48199257606551105,7898801.730729056,2335312.6294109654,0.6180514802524603,0.7827852692806566,3.3823316121582256,0.7988614439964294
91,residual_physics_l0p05_compensated,64478883.056238644,55377932.50228167,119856815.55852032,0.5379659283935898,0.4620340716064102,8598123.68649733,1787850.0318610833,0.6727707889109059,0.81494699209094,4.809197378567045,0.7144392728805542
91,ideal,79120339.95094915,42485202.868746355,121605542.8196955,0.6506310330628666,0.3493689669371334,12780167.968374692,945604.0406808642,1.0,1.0,13.515348304954973,0.0
92,before,37394715.75177958,79108438.15531194,116503153.90709151,0.32097599504989344,0.6790240049501066,3777170.2097444655,2948980.8875823324,0.2955493401253649,0.4726308781656212,1.2808391623185829,2.047833204269409
92,residual_best_compensated,52486315.05172833,65977343.81411328,118463658.86584161,0.44305836536053916,0.5569416346394608,5369655.736248347,3297127.395298705,0.4201553336024917,0.6633732246887128,1.6285860667394323,0.9922071099281311
92,residual_physics_l0p05_compensated,52815194.12261474,65689150.78097011,118504344.90358485,0.44568149940481244,0.5543185005951875,5454253.437095693,3337314.8366991053,0.4267747850100701,0.6675299190493577,1.634323911282648,0.9838972687721252
92,ideal,79120339.95094915,42485202.868746355,121605542.8196955,0.6506310330628666,0.3493689669371334,12780167.968374692,945604.0406808642,1.0,1.0,13.515348304954973,0.0
93,before,37341651.04142827,79314114.32894865,116655765.37037691,0.32010120479575244,0.6798987952042476,3737551.3646218325,3539366.224472278,0.2924493147406695,0.47196019461719096,1.0559945277149454,1.7162021398544312
93,residual_best_compensated,49450990.728635065,68603210.5398356,118054201.26847066,0.41888378556030426,0.5811162144396957,4468556.982894358,3241186.7974763536,0.34964775063614784,0.6250098363997466,1.3786792499505605,1.1135493516921997
93,residual_physics_l0p05_compensated,46733718.43023962,71039047.6759543,117772766.10619392,0.3968126076626283,0.6031873923373716,4008104.619731821,3715499.8836772335,0.31361908776552244,0.5906662997051365,1.0787524546401,1.2141926288604736
93,ideal,79120339.95094915,42485202.868746355,121605542.8196955,0.6506310330628666,0.3493689669371334,12780167.968374692,945604.0406808642,1.0,1.0,13.515348304954973,0.0
94,before,26886911.017920997,88846939.13240099,115733850.15032199,0.23231674210266642,0.7676832578973335,5465567.006888032,5465567.006888032,0.4276600292275432,0.33982299664775967,1.0,1.8354990482330322
94,residual_best_compensated,77073161.93166752,44304376.577625975,121377538.5092935,0.6349870237792495,0.3650129762207505,12301676.085480398,918067.3160905227,0.9625598126661283,0.9741257681583424,13.399536036056244,0.37015199661254883
94,residual_physics_l0p05_compensated,76722214.76045395,44629193.32586782,121351408.08632177,0.632231763688136,0.3677682363118639,12305160.212422382,921158.122133221,0.96283243247446,0.9696901556289834,13.358358263102595,0.38722383975982666
94,ideal,79120339.95094915,42485202.868746355,121605542.8196955,0.6506310330628666,0.3493689669371334,12780167.968374692,945604.0406808642,1.0,1.0,13.515348304954973,0.0
95,before,44219529.62222565,72772739.80860546,116992269.4308311,0.3779696713069524,0.6220303286930476,5217562.685997268,3493337.877506973,0.40825462536239326,0.5588895301718833,1.4935751619081263,1.876635193824768
95,residual_best_compensated,69201244.7167911,51217932.852574915,120419177.56936601,0.574669634136378,0.42533036586362205,9891517.055001307,1271302.281287593,0.7739739477195036,0.8746328031412982,7.780617718221222,0.5726007223129272
95,residual_physics_l0p05_compensated,67584943.28124729,52647133.86324957,120232077.14449686,0.5621207325564426,0.43787926744355743,9460203.014681423,1475925.1298758823,0.7402252488458113,0.8542044096770406,6.409676766921759,0.6321468353271484
95,ideal,79120339.95094915,42485202.868746355,121605542.8196955,0.6506310330628666,0.3493689669371334,12780167.968374692,945604.0406808642,1.0,1.0,13.515348304954973,0.0
96,before,33643133.97599668,82790551.84286806,116433685.81886475,0.28894674027871214,0.7110532597212879,5076360.286917646,5076360.286917646,0.3972060695508393,0.4252147298261588,1.0,1.9688220024108887
96,residual_best_compensated,68082478.11519633,52409030.10983804,120491508.22503437,0.5650396373829348,0.43496036261706517,10964693.314631553,821728.4183932972,0.857945947327481,0.860492740013557,13.343451521453419,0.9678822159767151
96,residual_physics_l0p05_compensated,69867321.50209367,50794115.4561155,120661436.95820917,0.5790360471696692,0.4209639528303308,11179324.88375121,868506.5102913473,0.8747400590833496,0.8830513309903382,12.871895318321814,0.8626284599304199
96,ideal,79120339.95094915,42485202.868746355,121605542.8196955,0.6506310330628666,0.3493689669371334,12780167.968374692,945604.0406808642,1.0,1.0,13.515348304954973,0.0
97,before,31467645.626610696,84653210.72003265,116120856.34664334,0.2709904716227174,0.7290095283772826,3693253.108244121,3693253.108244121,0.28898314305283795,0.3977187869278512,1.0,1.6525999307632446
97,residual_best_compensated,43089052.44778199,74324431.07988766,117413483.52766964,0.36698555526314514,0.633014444736855,4348739.697290378,4348739.697290378,0.3402724993952818,0.5446014574064666,1.0,1.274735450744629
97,residual_physics_l0p05_compensated,39370086.01980659,77648853.15767641,117018939.177483,0.3364420007268555,0.6635579992731445,4781551.5516414335,4781551.5516414335,0.37413839657457365,0.49759753363312365,1.0,1.3945804834365845
97,ideal,79120339.95094915,42485202.868746355,121605542.8196955,0.6506310330628666,0.3493689669371334,12780167.968374692,945604.0406808642,1.0,1.0,13.515348304954973,0.0
98,before,48819188.868307166,69064972.04914153,117884160.91744868,0.4141284841692517,0.5858715158307484,4916449.411388575,3212762.8231887836,0.38469364593287275,0.6170245084711813,1.5302870712718286,1.505972981452942
98,residual_best_compensated,74176877.05864908,46858785.58847526,121035662.64712434,0.6128514145034214,0.38714858549657855,11490088.93472202,905294.7190775112,0.8990561754082534,0.9375196960052904,12.692097603784033,0.4507586658000946
98,residual_physics_l0p05_compensated,71726321.18975003,49011983.201858014,120738304.39160804,0.5940643406512457,0.40593565934875436,10756800.007245628,849839.1637343639,0.8416790791689114,0.9065471815997876,12.657453864538427,0.5446852445602417
98,ideal,79120339.95094915,42485202.868746355,121605542.8196955,0.6506310330628666,0.3493689669371334,12780167.968374692,945604.0406808642,1.0,1.0,13.515348304954973,0.0
99,before,43074156.156602256,74221025.0416863,117295181.19828856,0.36722869359641475,0.6327713064035853,5185769.442998225,5185769.442998225,0.40576692386443813,0.5444131835543956,1.0,1.6579015254974365
99,residual_best_compensated,69342281.2162303,51247474.74237399,120589755.95860429,0.5750263002442257,0.42497369975577426,10977762.440584676,833691.5979259596,0.8589685572012685,0.8764153599342371,13.16765392369903,0.8602151870727539
99,residual_physics_l0p05_compensated,67064208.38185701,53142886.592948824,120207094.97480583,0.557905574508002,0.442094425491998,9626778.206867643,1333355.9170023287,0.753259130137389,0.8476228542930128,7.219961365237508,0.9396179914474487
99,ideal,79120339.95094915,42485202.868746355,121605542.8196955,0.6506310330628666,0.3493689669371334,12780167.968374692,945604.0406808642,1.0,1.0,13.515348304954973,0.0
100,before,46458026.00600535,70885764.1533356,117343790.15934095,0.39591380117277675,0.6040861988272233,5251659.589610803,2913325.1930736545,0.4109225796254287,0.5871818300427819,1.8026341865633366,1.7176012992858887
100,residual_best_compensated,54284493.08558355,64297170.52026798,118581663.60585153,0.4577815105210316,0.5422184894789684,5464651.924728328,2128895.750993762,0.4275884274957062,0.6861003519352591,2.566895030993155,1.0186089277267456
100,residual_physics_l0p05_compensated,41756102.9554149,75235551.61351824,116991654.56893314,0.35691522706700085,0.6430847729329991,4818197.990513402,3054556.789725007,0.37700584236735607,0.5277543420731218,1.577380393358858,1.4993300437927246
100,ideal,79120339.95094915,42485202.868746355,121605542.8196955,0.6506310330628666,0.3493689669371334,12780167.968374692,945604.0406808642,1.0,1.0,13.515348304954973,0.0
101,before,29633282.468534715,86297930.33889428,115931212.80742899,0.25561090711401396,0.7443890928859861,4279477.8377696695,4279477.8377696695,0.33485301980063953,0.374534316800281,1.0,2.142462968826294
101,residual_best_compensated,65188212.2501451,54746948.39026075,119935160.64040585,0.5435287859045345,0.45647121409546554,8695293.607022356,1673265.699648178,0.6803739691480889,0.8239121860517623,5.19660064080118,0.6765958070755005
101,residual_physics_l0p05_compensated,64074209.39334537,55760068.97521582,119834278.3685612,0.5346901593238567,0.4653098406761434,8576187.14038178,1532718.4475278545,0.671054336813419,0.8098323317754744,5.595409355328401,0.7315400242805481
101,ideal,79120339.95094915,42485202.868746355,121605542.8196955,0.6506310330628666,0.3493689669371334,12780167.968374692,945604.0406808642,1.0,1.0,13.515348304954973,0.0
102,before,57170403.89010367,61251729.84581353,118422133.7359172,0.4827678921711913,0.5172321078288087,7259745.576557706,2534943.8585203965,0.5680477435447164,0.722575306495733,2.8638683859433067,1.2443190813064575
102,residual_best_compensated,71457969.08736834,49212748.583644584,120670717.67101292,0.5921732336272805,0.40782676637271953,10498253.471893447,791681.4629159338,0.8214487867351992,0.9031554860819466,13.260703911426841,0.47961175441741943
102,residual_physics_l0p05_compensated,70994448.69320664,49620531.96122542,120614980.65443206,0.5886039056509015,0.4113960943490985,10372793.367305968,766117.1709278421,0.8116320061656529,0.8972970634001298,13.539434646456899,0.5010454058647156
102,ideal,79120339.95094915,42485202.868746355,121605542.8196955,0.6506310330628666,0.3493689669371334,12780167.968374692,945604.0406808642,1.0,1.0,13.515348304954973,0.0
103,before,35064046.814408995,81379531.48010644,116443578.29451543,0.3011247792963138,0.6988752207036862,3106762.7021261966,3055489.6676273863,0.24309247811249987,0.443173611692607,1.0167806276820515,1.9262728691101074
103,residual_best_compensated,57863978.084252484,61160622.71768684,119024600.80193932,0.48615141487044317,0.5138485851295569,6392234.089254668,2336927.916226399,0.5001682376219657,0.7313413734082209,2.7353150453937216,0.9205474853515625
103,residual_physics_l0p05_compensated,62059187.55031201,57512315.51327196,119571503.06358397,0.5190131926108773,0.4809868073891227,7863714.686612033,2067976.0225438294,0.6153060512249351,0.7843645210420703,3.802614053976715,0.7424143552780151
103,ideal,79120339.95094915,42485202.868746355,121605542.8196955,0.6506310330628666,0.3493689669371334,12780167.968374692,945604.0406808642,1.0,1.0,13.515348304954973,0.0
104,before,32123732.03852959,84009075.1850552,116132807.22358479,0.2766120341574397,0.7233879658425604,3654688.3619654546,3059796.5839649653,0.28596559693184037,0.40601104669728133,1.1944220021415974,1.9441105127334595
104,residual_best_compensated,50282195.23420496,67886993.94642863,118169189.18063359,0.42551019925628436,0.5744898007437156,4534261.066932425,2318197.8648185306,0.3547888477015898,0.6355154093799084,1.9559422151772918,1.0610382556915283
104,residual_physics_l0p05_compensated,50609038.879585825,67614422.05024001,118223460.92982583,0.42807949015826857,0.5719205098417315,4693460.922953724,2455402.5384412827,0.3672456367215189,0.6396463780484389,1.9114832902034817,1.0407838821411133
104,ideal,79120339.95094915,42485202.868746355,121605542.8196955,0.6506310330628666,0.3493689669371334,12780167.968374692,945604.0406808642,1.0,1.0,13.515348304954973,0.0
105,before,33147835.20287592,83041993.35822508,116189828.56110099,0.28529033576673535,0.7147096642332647,3478235.0405987697,2455286.569308004,0.27215878924329284,0.41895466100658824,1.416630988854011,1.8303297758102417
105,residual_best_compensated,58110885.9889713,60973787.51240689,119084673.5013782,0.48797955505415036,0.5120204449458496,6865059.226709497,2488318.149409138,0.5371650234721098,0.7344620362475349,2.758915385614832,0.9221163392066956
105,residual_physics_l0p05_compensated,53254278.854324006,65222752.97632552,118477031.83064952,0.4494903191906884,0.5505096808093116,5302581.467987124,2370787.5285616494,0.4149070247831395,0.673079500003907,2.236632934881426,1.0887547731399536
105,ideal,79120339.95094915,42485202.868746355,121605542.8196955,0.6506310330628666,0.3493689669371334,12780167.968374692,945604.0406808642,1.0,1.0,13.515348304954973,0.0
106,before,54665222.52973599,63664942.161910094,118330164.69164608,0.4619719973532266,0.5380280026467734,7159342.985141672,2135065.1621090453,0.5601916189879432,0.6909123818682507,3.3532198980145314,1.2464674711227417
106,residual_best_compensated,77201328.31905495,44166671.48770361,121367999.80675855,0.6360929441201508,0.3639070558798492,12184058.653582819,919102.4988149424,0.9533566916908305,0.9757456599265891,13.25647429888669,0.24952751398086548
106,residual_physics_l0p05_compensated,77264890.70729119,44127863.8861815,121392754.59347269,0.6364868394826402,0.3635131605173598,12312263.881560665,912557.302303419,0.9633882678246574,0.9765490233635465,13.492044664464174,0.21495844423770905
106,ideal,79120339.95094915,42485202.868746355,121605542.8196955,0.6506310330628666,0.3493689669371334,12780167.968374692,945604.0406808642,1.0,1.0,13.515348304954973,0.0
107,before,47424859.48649141,70424554.27957839,117849413.7660698,0.40241913787224604,0.597580862127754,4064641.077915924,2390123.064769617,0.31804285264279214,0.5994016142485304,1.7005990770218828,1.4279958009719849
107,residual_best_compensated,64905883.36782771,55087103.66339789,119992987.0312256,0.5409139731719267,0.4590860268280733,9340869.703483691,1159552.4139057293,0.7308878667790788,0.8203438383614918,8.05558212933279,0.9374359250068665
107,residual_physics_l0p05_compensated,52451063.36826942,65825259.58638113,118276322.95465055,0.443462073033672,0.556537926966328,6563580.013199156,2047918.9880837693,0.5135754107020453,0.662927679542158,3.2049998322153725,1.230642318725586
107,ideal,79120339.95094915,42485202.868746355,121605542.8196955,0.6506310330628666,0.3493689669371334,12780167.968374692,945604.0406808642,1.0,1.0,13.515348304954973,0.0
108,before,36194846.118967056,80535440.80389437,116730286.92286143,0.3100724505447811,0.689927549455219,5865984.980181815,5865984.980181815,0.45899122724345676,0.45746575585249183,1.0,2.0214269161224365
108,residual_best_compensated,70132464.19755694,50453003.14062035,120585467.3381773,0.5815996383782562,0.41840036162174377,10561526.31176413,1084222.4556926775,0.8263996481031606,0.8864024628943169,9.74110640884733,0.6665001511573792
108,residual_physics_l0p05_compensated,69281426.68932986,51186600.18116398,120468026.87049384,0.5751021950729643,0.42489780492703566,10198386.947096242,1370809.1689179016,0.7979853607818594,0.8756462210890532,7.439683931459776,0.6483292579650879
108,ideal,79120339.95094915,42485202.868746355,121605542.8196955,0.6506310330628666,0.3493689669371334,12780167.968374692,945604.0406808642,1.0,1.0,13.515348304954973,0.0
109,before,52178125.637508444,66311106.517206736,118489232.15471518,0.44036175008187917,0.5596382499181208,7451760.545350886,1792970.7225067099,0.583072191522891,0.6594780263817926,4.156097169803618,1.5520633459091187
109,residual_best_compensated,47079807.09921387,70758236.2990532,117838043.39826708,0.39952977613599977,0.6004702238640003,4005291.79708922,4005291.79708922,0.313398994989781,0.5950405057460713,1.0,1.1504799127578735
109,residual_physics_l0p05_compensated,54373464.15850332,64316859.67516064,118690323.83366396,0.45811202128577777,0.5418879787142222,5937172.901818446,3137236.2561995294,0.4645614139430987,0.687224855103154,1.892485110130271,0.9955350160598755
109,ideal,79120339.95094915,42485202.868746355,121605542.8196955,0.6506310330628666,0.3493689669371334,12780167.968374692,945604.0406808642,1.0,1.0,13.515348304954973,0.0
110,before,35724637.64368873,80956059.85500014,116680697.49868886,0.3061743579660223,0.6938256420339777,4546100.935684721,2222400.0961907897,0.35571527283008536,0.4515228026805283,2.045581685978493,2.014941692352295
110,residual_best_compensated,66787510.66169431,53301230.433941744,120088741.09563605,0.5561513098759707,0.4438486901240293,8925486.86856485,893000.6382498967,0.6983857247143789,0.8441256787205338,9.994938957778379,0.760665774345398
110,residual_physics_l0p05_compensated,65362456.80020504,54627612.06751038,119990068.86771542,0.5447322217329895,0.4552677782670105,8970716.385698281,1289970.763222937,0.7019247640482401,0.8261144585668698,6.9542013210325235,0.7787835001945496
110,ideal,79120339.95094915,42485202.868746355,121605542.8196955,0.6506310330628666,0.3493689669371334,12780167.968374692,945604.0406808642,1.0,1.0,13.515348304954973,0.0
111,before,58414773.65738592,59784486.33007451,118199259.98746043,0.4942059168863075,0.5057940831136924,6680543.347439898,1929900.7501448619,0.5227273509997139,0.7383028648966916,3.4615994355867494,1.4420809745788574
111,residual_best_compensated,75035363.36528566,46085691.71958779,121121055.08487345,0.6195071807515709,0.38049281924842915,11613246.627411224,889674.1292174115,0.9086928009200594,0.9483700829875608,13.053371168190134,0.3532625436782837
111,residual_physics_l0p05_compensated,75780166.45755684,45439084.83228962,121219251.28984646,0.6251496000116306,0.3748503999883695,11895929.02267379,884804.6740654935,0.9308116334707802,0.957783630663581,13.444695051185104,0.33356592059135437
111,ideal,79120339.95094915,42485202.868746355,121605542.8196955,0.6506310330628666,0.3493689669371334,12780167.968374692,945604.0406808642,1.0,1.0,13.515348304954973,0.0
112,before,34442509.46536456,81972445.69645752,116414955.16182208,0.2958598353406391,0.7041401646593609,4265943.361658565,4265943.361658565,0.333793998029987,0.43531801666571807,1.0,1.7317187786102295
112,residual_best_compensated,69508786.5566828,50840668.61057137,120349455.16725416,0.5775579661751175,0.42244203382488255,9394619.908382256,997978.5698089778,0.7350936178327091,0.8785198167724626,9.413648942562435,0.6141809225082397
112,residual_physics_l0p05_compensated,62069724.03295884,57250041.69228364,119319765.72524248,0.5201964959928496,0.4798035040071505,7584734.035724584,1596539.3465228763,0.5934768662269129,0.7844976913830138,4.750734175291999,1.1204078197479248
112,ideal,79120339.95094915,42485202.868746355,121605542.8196955,0.6506310330628666,0.3493689669371334,12780167.968374692,945604.0406808642,1.0,1.0,13.515348304954973,0.0
113,before,32183879.414081685,84002814.85570917,116186694.26979086,0.27700142100049113,0.7229985789995088,4064211.8697070633,4064211.8697070633,0.31800926871729734,0.4067712478742402,1.0,1.8948808908462524
113,residual_best_compensated,66614068.47105721,53495123.23941538,120109191.71047258,0.5546125781250177,0.44538742187498226,9126798.425207894,1150335.4839995173,0.7141375956710988,0.8419335472061263,7.934031899525168,0.628627359867096
113,residual_physics_l0p05_compensated,69923485.00715071,50575402.28289972,120498887.29005043,0.5802832422745888,0.41971675772541117,10055857.937980186,1002286.2807958028,0.7868330027323602,0.8837611801276378,10.032919865964802,0.5391187071800232
113,ideal,79120339.95094915,42485202.868746355,121605542.8196955,0.6506310330628666,0.3493689669371334,12780167.968374692,945604.0406808642,1.0,1.0,13.515348304954973,0.0
114,before,33662362.60563122,82801626.88115694,116463989.48678815,0.289036660636204,0.710963339363796,4195568.340165784,4195568.340165784,0.3282874177043662,0.42545775999572655,1.0,2.3094189167022705
114,residual_best_compensated,62161438.62783983,57425475.57554874,119586914.20338857,0.5198013431646725,0.4801986568353275,7900218.246288061,1435609.7296531685,0.6181623172588682,0.785656869856436,5.503040334086262,0.742911159992218
114,residual_physics_l0p05_compensated,66200352.16660625,53836830.19154748,120037182.35815373,0.551498717864644,0.448501282135356,8861353.543874767,1240321.519365936,0.6933675336507884,0.8367045971699227,7.144400387735572,0.644588053226471
114,ideal,79120339.95094915,42485202.868746355,121605542.8196955,0.6506310330628666,0.3493689669371334,12780167.968374692,945604.0406808642,1.0,1.0,13.515348304954973,0.0
115,before,50647938.441436,66973254.885500945,117621193.32693695,0.4306021475284326,0.5693978524715674,5297731.54845586,2176426.3433455047,0.414527536849705,0.6401380286388471,2.434142356645263,1.7504160404205322
115,residual_best_compensated,68612637.44663589,51906062.66416113,120518700.11079702,0.569311130833289,0.43068886916671095,10868869.495044975,1045122.2617010345,0.8504480944179026,0.8671934105588078,10.399615330511542,0.8705679178237915
115,residual_physics_l0p05_compensated,67829797.38919456,52603777.49363299,120433574.88282755,0.5632133518845359,0.436786648115464,10697200.712033523,1070405.7365717737,0.8370156588320593,0.8572991146302684,9.993594341425922,0.9190844893455505
115,ideal,79120339.95094915,42485202.868746355,121605542.8196955,0.6506310330628666,0.3493689669371334,12780167.968374692,945604.0406808642,1.0,1.0,13.515348304954973,0.0
116,before,21455837.612410013,93820992.74503173,115276830.35744174,0.18612445836584302,0.813875541634157,3832818.6285851677,3832818.6285851677,0.29990361926930165,0.2711797955584065,1.0,1.9919716119766235
116,residual_best_compensated,49359182.12251696,69004170.98604411,118363353.10856107,0.41701405735984404,0.5829859426401559,6247037.827179338,1760105.6700931233,0.4888071770760772,0.6238494697206471,3.549240215133686,1.5552854537963867
116,residual_physics_l0p05_compensated,60426718.69899941,59172335.18297554,119599053.88197495,0.5052441197288305,0.4947558802711694,8906772.54844673,1458988.4970428168,0.6969213996629061,0.7637317880138168,6.104758582058474,1.2462806701660156
116,ideal,79120339.95094915,42485202.868746355,121605542.8196955,0.6506310330628666,0.3493689669371334,12780167.968374692,945604.0406808642,1.0,1.0,13.515348304954973,0.0
117,before,37629672.2330846,79051112.66051203,116680784.89359662,0.32250102077561266,0.6774989792243874,4797608.769596448,4797608.769596448,0.3753948133912187,0.4756004872629871,1.0,1.9701085090637207
117,residual_best_compensated,66795611.033572316,53334470.38188851,120130081.41546082,0.5560273517385269,0.44397264826147304,9263827.90979645,1365259.1913403156,0.7248596366433023,0.8442280591183307,6.78539867635088,0.6601014137268066
117,residual_physics_l0p05_compensated,66680120.836898655,53426351.937256336,120106472.77415499,0.555175081715056,0.4448249182849439,9168136.58897239,1342777.9670550062,0.7173721512627615,0.8427683814078297,6.8277383260019056,0.6590979695320129
117,ideal,79120339.95094915,42485202.868746355,121605542.8196955,0.6506310330628666,0.3493689669371334,12780167.968374692,945604.0406808642,1.0,1.0,13.515348304954973,0.0
118,before,49550709.23633902,67909897.86153692,117460607.09787594,0.42184959247699183,0.5781504075230082,8031318.007909548,5579985.333765823,0.6284203797464584,0.6262701761273789,1.439308085508778,1.7859004735946655
118,residual_best_compensated,71852913.65888384,48981428.54968533,120834342.20856917,0.5946398378605008,0.4053601621394992,11336088.152903205,916680.2203020385,0.8870061943594989,0.9081471806545477,12.366458773560161,0.7457627058029175
118,residual_physics_l0p05_compensated,71009824.56680135,49736188.7403695,120746013.30717085,0.5880924978132113,0.41190750218678873,11178124.758930122,848128.4112669663,0.8746461538370291,0.8974913986823625,13.179755105988983,0.7659003734588623
118,ideal,79120339.95094915,42485202.868746355,121605542.8196955,0.6506310330628666,0.3493689669371334,12780167.968374692,945604.0406808642,1.0,1.0,13.515348304954973,0.0
119,before,48466989.033232994,69111735.27639326,117578724.30962625,0.4122088355509141,0.587791164449086,5016877.348067113,3870301.170062025,0.39255175366095996,0.6125730635545831,1.2962498595391514,1.8297313451766968
119,residual_best_compensated,43002056.97547645,74306095.79035938,117308152.76583582,0.3665734730416805,0.6334265269583196,4053530.0810809582,3765223.9296575,0.3171734589961311,0.5435019238053791,1.0765707848482955,1.3570077419281006
119,residual_physics_l0p05_compensated,50582760.60655313,67552567.57527882,118135328.18183196,0.42817640908143056,0.5718235909185694,4224514.095543181,3526174.00879848,0.33055231402255425,0.639314247612081,1.1980447036936375,1.1831138134002686
119,ideal,79120339.95094915,42485202.868746355,121605542.8196955,0.6506310330628666,0.3493689669371334,12780167.968374692,945604.0406808642,1.0,1.0,13.515348304954973,0.0
120,before,54881785.364227146,63228703.20718704,118110488.57141419,0.46466478996099897,0.535335210039001,6152506.192524708,3857306.229401525,0.4814104327696992,0.6936495141230592,1.5950266394792543,1.7288334369659424
120,residual_best_compensated,61160681.71246245,58388529.68242382,119549211.39488627,0.5115941878565884,0.48840581214341156,8295457.309349349,1500133.3259316706,0.6490882850583002,0.7730083282045952,5.529813361220667,1.0131924152374268
120,residual_physics_l0p05_compensated,62461597.938227735,57243712.73080071,119705310.66902845,0.5217947106033327,0.4782052893966673,8711345.984318271,1694633.842109785,0.6816300072013944,0.7894505758816375,5.14054763209073,0.9806105494499207
120,ideal,79120339.95094915,42485202.868746355,121605542.8196955,0.6506310330628666,0.3493689669371334,12780167.968374692,945604.0406808642,1.0,1.0,13.515348304954973,0.0
121,before,38274892.37165847,78448151.8667951,116723044.23845357,0.32791204702874843,0.6720879529712516,3823735.1925294353,2800320.7900307286,0.29919287461569377,0.48375540847507836,1.3654632734014294,2.260042667388916
121,residual_best_compensated,71730730.45261638,48962850.08255434,120693580.53517072,0.5943210080814006,0.40567899191859935,10465075.161033988,903809.7236073341,0.8188527088947858,0.9066029101630001,11.578847723905001,0.5154479146003723
121,residual_physics_l0p05_compensated,66920330.39261428,53236594.88619495,120156925.27880923,0.5569411021240263,0.44305889787597375,9369010.338803139,1418563.0020772626,0.7330897654856594,0.8458043839814352,6.604578242266078,0.6787109971046448
121,ideal,79120339.95094915,42485202.868746355,121605542.8196955,0.6506310330628666,0.3493689669371334,12780167.968374692,945604.0406808642,1.0,1.0,13.515348304954973,0.0
122,before,37505619.8845124,79630404.3872574,117136024.27176979,0.32018860224839807,0.6798113977516019,4488888.978996078,2054125.6293135015,0.3512386527394717,0.4740325927285462,2.185304012051242,2.3353593349456787
122,residual_best_compensated,55029993.378474504,63854385.235702574,118884378.61417708,0.4628866636639183,0.5371133363360817,6841778.828236917,2417471.8081888366,0.5353434199900438,0.6955227115124946,2.8301379999805496,1.2115998268127441
122,residual_physics_l0p05_compensated,60913892.02283574,58646656.45186678,119560548.47470252,0.5094815371788324,0.4905184628211677,8368672.914524614,2282379.1509452206,0.654817130356456,0.7698891594828771,3.666644479756497,1.0124613046646118
122,ideal,79120339.95094915,42485202.868746355,121605542.8196955,0.6506310330628666,0.3493689669371334,12780167.968374692,945604.0406808642,1.0,1.0,13.515348304954973,0.0
123,before,42219717.764216065,74988419.4744832,117208137.23869927,0.3602114900796849,0.6397885099203151,3229743.05537504,3229743.05537504,0.252715227481144,0.5336139580592081,1.0,1.4821088314056396
123,residual_best_compensated,73269081.44504917,47669807.44184986,120938888.88689902,0.6058355762931621,0.3941644237068379,11296808.388349554,883368.5705790247,0.883932700751993,0.9260460899241904,12.788329542837136,0.5139166116714478
123,residual_physics_l0p05_compensated,73217776.81837027,47725511.90307702,120943288.72144729,0.6053893324085399,0.3946106675914601,11355957.010979006,888918.8023675634,0.8885608576569586,0.9253976520293241,12.775021723843992,0.5532266497612
123,ideal,79120339.95094915,42485202.868746355,121605542.8196955,0.6506310330628666,0.3493689669371334,12780167.968374692,945604.0406808642,1.0,1.0,13.515348304954973,0.0
124,before,29467039.86218104,86455459.6382852,115922499.50046624,0.25419603605133206,0.745803963948668,5640908.959262865,3919713.7578849616,0.4413798764790603,0.3724331806517667,1.439112472923697,1.8369156122207642
124,residual_best_compensated,66757107.14108188,53449753.16757388,120206860.30865575,0.5553518906464183,0.4446481093535816,9809191.299389,1019900.0402258637,0.7675322674680367,0.8437414093830754,9.617796757039727,0.8652476072311401
124,residual_physics_l0p05_compensated,66485829.38668969,53680022.69045687,120165852.07714656,0.5532838842103475,0.4467161157896526,9642351.893594382,855227.1783039086,0.7544777124569076,0.8403127366225644,11.274608826998634,0.8420097827911377
124,ideal,79120339.95094915,42485202.868746355,121605542.8196955,0.6506310330628666,0.3493689669371334,12780167.968374692,945604.0406808642,1.0,1.0,13.515348304954973,0.0
125,before,37891953.547595665,78711783.76300019,116603737.31059586,0.32496345676008104,0.6750365432399189,3022746.2114183973,2841844.436078969,0.23651850420889364,0.478915454244596,1.0636564665689539,1.9449478387832642
125,residual_best_compensated,69559423.64690766,50909127.88895826,120468551.53586592,0.5774073213306496,0.42259267866935035,10045948.295882633,1014916.508200359,0.7860576105683389,0.8791598176907631,9.89830021948901,0.5561001896858215
125,residual_physics_l0p05_compensated,70764926.15979747,49851768.41873355,120616694.57853103,0.5866926332799138,0.41330736672008617,10420333.119709076,856245.8217384508,0.8153518127065957,0.8943961338344649,12.169791495802563,0.5286799669265747
125,ideal,79120339.95094915,42485202.868746355,121605542.8196955,0.6506310330628666,0.3493689669371334,12780167.968374692,945604.0406808642,1.0,1.0,13.515348304954973,0.0
126,before,47728000.75053898,69650281.45558557,117378282.20612456,0.40661696400297664,0.5933830359970234,6302413.275899967,5709737.693254368,0.4931400973364102,0.6032330091115392,1.1038008424355117,1.9600889682769775
126,residual_best_compensated,72564698.97102077,48352433.19274764,120917132.16376841,0.6001192525203145,0.39988074747968555,11540812.03387263,910269.170548051,0.9030250668403637,0.9171434174323245,12.678460841340137,0.7064722776412964
126,residual_physics_l0p05_compensated,70679909.96834345,50039582.17937371,120719492.14771716,0.5854887948158091,0.4145112051841909,11189612.478514358,847829.1509216331,0.8755450246196873,0.8933216163146118,13.19795676564162,0.792644202709198
126,ideal,79120339.95094915,42485202.868746355,121605542.8196955,0.6506310330628666,0.3493689669371334,12780167.968374692,945604.0406808642,1.0,1.0,13.515348304954973,0.0
127,before,33488137.903985895,82698356.7194334,116186494.6234193,0.28822745718017223,0.7117725428198277,5783359.813850476,5783359.813850476,0.4525261192311208,0.4232557383442355,1.0,1.9678698778152466
127,residual_best_compensated,72932574.2619793,48039450.60244453,120972024.86442383,0.6028879349892385,0.39711206501076146,11710814.455788068,932506.0580414765,0.9163271159477087,0.9217929840442297,12.558432575102035,0.7158448100090027
127,residual_physics_l0p05_compensated,69885415.96112949,50759825.24700472,120645241.2081342,0.5792637592772092,0.42073624072279087,11086665.354378544,825719.7595790123,0.867489799962972,0.8832800264060433,13.426668340879969,0.8264897465705872
127,ideal,79120339.95094915,42485202.868746355,121605542.8196955,0.6506310330628666,0.3493689669371334,12780167.968374692,945604.0406808642,1.0,1.0,13.515348304954973,0.0
128,before,52512822.55644187,65380685.02712008,117893507.58356196,0.445425907098584,0.554574092901416,7444362.801307288,3171197.812800703,0.5824933459191475,0.6637082523785581,2.3474924116236884,1.5130512714385986
128,residual_best_compensated,41837281.104564525,75369638.9948028,117206920.09936732,0.3569523119376836,0.6430476880623164,3910783.4087651586,3565609.4954829924,0.3060040696211999,0.5287803506721742,1.0968064264242738,1.415238380432129
128,residual_physics_l0p05_compensated,64798771.935581885,55289557.5627614,120088329.49834329,0.5395925832782597,0.46040741672174035,9943370.724535568,1077032.5201852731,0.7780313020252196,0.81899005964527,9.232191728830148,1.0373815298080444
128,ideal,79120339.95094915,42485202.868746355,121605542.8196955,0.6506310330628666,0.3493689669371334,12780167.968374692,945604.0406808642,1.0,1.0,13.515348304954973,0.0
129,before,42010059.45067261,75311007.96884744,117321067.41952005,0.35807771250880144,0.6419222874911985,4527504.107887349,4235812.808318604,0.3542601411101118,0.530964091872164,1.0688631232702022,2.119838237762451
129,residual_best_compensated,67545829.81743158,52692881.36855981,120238711.18599139,0.561764419721268,0.43823558027873205,9562374.666931555,1551174.4934916839,0.7482197957487129,0.853710055585034,6.164602826472933,0.6428090929985046
129,residual_physics_l0p05_compensated,61465760.33539542,58034304.13832743,119500064.47372285,0.5143575495635927,0.4856424504364073,7737538.441939258,2254915.680870362,0.6054332353914496,0.776864209298156,3.4314092130277305,0.7788510322570801
129,ideal,79120339.95094915,42485202.868746355,121605542.8196955,0.6506310330628666,0.3493689669371334,12780167.968374692,945604.0406808642,1.0,1.0,13.515348304954973,0.0
130,before,49838040.57821937,67777691.45257509,117615732.03079446,0.42373617642553674,0.5762638235744633,6490159.033878389,1861732.7219525527,0.5078304956506585,0.6299017497790907,3.4860852781658282,2.2167446613311768
130,residual_best_compensated,63619302.9530868,56178668.075607635,119797971.02869444,0.5310549286168501,0.4689450713831499,8657395.914452482,1361849.1476608138,0.67740861746698,0.8040827806418394,6.357088763702571,1.2062917947769165
130,residual_physics_l0p05_compensated,62408581.07102894,57456156.33794921,119864737.40897815,0.5206583889479609,0.47934161105203915,9653794.4382541,1431657.2306865053,0.7553730484718983,0.7887804970216167,6.743090616477334,1.1516919136047363
130,ideal,79120339.95094915,42485202.868746355,121605542.8196955,0.6506310330628666,0.3493689669371334,12780167.968374692,945604.0406808642,1.0,1.0,13.515348304954973,0.0
131,before,41531621.852645695,75967543.79665066,117499165.64929636,0.3534631214029766,0.6465368785970234,5170423.918608456,1944686.9658951191,0.40456619438828867,0.5249171310233668,2.658743545508654,2.137558698654175
131,residual_best_compensated,58339339.08988254,60607589.078073725,118946928.16795626,0.4904652855558054,0.5095347144441946,5730109.635323868,1865036.923048985,0.44835949335747194,0.7373494492825758,3.0723840179829875,1.1781835556030273
131,residual_physics_l0p05_compensated,43442780.56563588,73891063.89533323,117333844.4609691,0.370249357849065,0.6297506421509351,3152536.1030514655,2631841.6503436747,0.2466740743042352,0.549072218250937,1.1978441418159778,1.2921576499938965
131,ideal,79120339.95094915,42485202.868746355,121605542.8196955,0.6506310330628666,0.3493689669371334,12780167.968374692,945604.0406808642,1.0,1.0,13.515348304954973,0.0
132,before,62358041.41443775,57362343.43601965,119720384.8504574,0.5208640240534568,0.4791359759465432,8731656.995511476,1574693.9656746446,0.6832192673146782,0.7881417275645779,5.54498663603539,0.7422043085098267
132,residual_best_compensated,70715952.19392376,49891426.810087696,120607379.00401145,0.5863318876332742,0.4136681123667258,10392260.663446506,863278.0191206111,0.8131552487543819,0.8937771531032891,12.038138853613708,0.602614164352417
132,residual_physics_l0p05_compensated,69891117.05138782,50653481.350008935,120544598.40139675,0.5797946816219846,0.42020531837801545,10380248.029852632,870738.9682729755,0.8122153054278466,0.8833520823433897,11.921193845775418,0.5827403664588928
132,ideal,79120339.95094915,42485202.868746355,121605542.8196955,0.6506310330628666,0.3493689669371334,12780167.968374692,945604.0406808642,1.0,1.0,13.515348304954973,0.0
133,before,61750664.45724736,57427659.33503394,119178323.7922813,0.5181367088605311,0.4818632911394689,7384904.2942165015,1792388.8280333537,0.5778409417224327,0.7804651053765674,4.120146353690104,1.34566330909729
133,residual_best_compensated,50298748.6665577,67901165.84747672,118199914.51403442,0.425539636583963,0.574460363416037,4906177.02882437,1868583.8176676058,0.38388987069379726,0.6357246277978651,2.625612499924319,1.4223847389221191
133,residual_physics_l0p05_compensated,59751820.13556313,59645394.88026912,119397215.01583225,0.5004456772935613,0.4995543227064388,8004099.047443393,1129835.9337175195,0.6262905986251531,0.7552017619313367,7.0843020730517585,1.0749109983444214
133,ideal,79120339.95094915,42485202.868746355,121605542.8196955,0.6506310330628666,0.3493689669371334,12780167.968374692,945604.0406808642,1.0,1.0,13.515348304954973,0.0
134,before,40256571.414534666,76572146.97678325,116828718.39131792,0.3445777028871894,0.6554222971128105,5217782.787898687,3275832.8007457405,0.4082718475070445,0.5088018003902893,1.5928110820280152,1.7014230489730835
134,residual_best_compensated,65946603.74146743,54048015.53756803,119994619.27903546,0.549579673969507,0.450420326030493,8871980.492686726,1543023.2300930775,0.694199052363082,0.833497477163915,5.749738772339516,0.6683571338653564
134,residual_physics_l0p05_compensated,67181368.71569689,52965250.12360521,120146618.8393021,0.5591615424946164,0.4408384575053837,9253976.67386478,1515726.6428123412,0.7240888145417425,0.8491036408254331,6.105307126286685,0.6389260292053223
134,ideal,79120339.95094915,42485202.868746355,121605542.8196955,0.6506310330628666,0.3493689669371334,12780167.968374692,945604.0406808642,1.0,1.0,13.515348304954973,0.0
135,before,39255865.20492138,78169062.27552862,117424927.48045,0.3343060630074229,0.6656939369925772,5156378.714507454,3482855.2953349114,0.4034672100763643,0.49615389960733425,1.48050328746478,1.9951808452606201
135,residual_best_compensated,57285923.49219357,61587493.83250659,118873417.32470016,0.48190692908001725,0.5180930709199828,5774639.665399704,2051839.630721199,0.4518438004640787,0.7240353558605552,2.81437183439623,1.1167664527893066
135,residual_physics_l0p05_compensated,53215690.41518006,65030880.97605333,118246571.39123338,0.4500400289756341,0.5499599710243659,7223377.868452964,2294794.8716816823,0.5652021073844768,0.6725917816856103,3.1477226821408637,1.3119776248931885
135,ideal,79120339.95094915,42485202.868746355,121605542.8196955,0.6506310330628666,0.3493689669371334,12780167.968374692,945604.0406808642,1.0,1.0,13.515348304954973,0.0
136,before,41455429.3800485,75386698.90785351,116842128.28790201,0.3547986500032014,0.6452013499967987,3960536.25799077,2992538.3996069706,0.30989704265165835,0.5239541362657049,1.3234704886363138,1.8551379442214966
136,residual_best_compensated,67153827.93425326,52947681.52678855,120101509.46104181,0.5591422475504892,0.4408577524495108,8956712.725740802,1202484.6632452677,0.7008290304090475,0.8487555535768103,7.448504749797316,0.7597947716712952
136,residual_physics_l0p05_compensated,67364959.09638454,52842159.12646742,120207118.22285196,0.5604074042561826,0.43959259574381737,9515436.41265805,1140827.8434592925,0.7445470541705383,0.8514240350603601,8.34081712434781,0.6754008531570435
136,ideal,79120339.95094915,42485202.868746355,121605542.8196955,0.6506310330628666,0.3493689669371334,12780167.968374692,945604.0406808642,1.0,1.0,13.515348304954973,0.0
137,before,46470046.990053326,70790926.30555262,117260973.29560594,0.3962959344786086,0.6037040655213914,7823636.806708814,4708246.623192635,0.6121701080978655,0.5873337629598476,1.6616879770422157,1.7738418579101562
137,residual_best_compensated,73727571.35494442,47338286.952847615,121065858.30779204,0.6089873097624516,0.3910126902375484,11922124.154811198,919915.4775199393,0.932861303882173,0.9318409324410387,12.960021269511453,0.6909939050674438
137,residual_physics_l0p05_compensated,71662734.96932508,49203086.3546076,120865821.32393268,0.5929114962720659,0.4070885037279342,11638170.518413128,890433.7759306732,0.9106430015014274,0.9057435169483924,13.070225807920437,0.7937633395195007
137,ideal,79120339.95094915,42485202.868746355,121605542.8196955,0.6506310330628666,0.3493689669371334,12780167.968374692,945604.0406808642,1.0,1.0,13.515348304954973,0.0
138,before,45398125.13317493,71955023.62214714,117353148.75532208,0.3868505073334565,0.6131494926665435,3756924.1044805455,3154082.9917155323,0.2939651586565438,0.5737857693902683,1.191130390147763,1.8096084594726562
138,residual_best_compensated,56865021.49024414,62133351.49579612,118998372.98604026,0.4778638569866413,0.5221361430133588,6671445.82451345,2892358.764621094,0.5220155041015385,0.7187155859731866,2.3065761779339384,0.9555611610412598
138,residual_physics_l0p05_compensated,59903394.13275145,59440691.73917854,119344085.87192999,0.5019385225090645,0.49806147749093554,7442896.461223956,2605085.059350512,0.5823786103314025,0.7571175018950715,2.857064660713837,0.8450813889503479
138,ideal,79120339.95094915,42485202.868746355,121605542.8196955,0.6506310330628666,0.3493689669371334,12780167.968374692,945604.0406808642,1.0,1.0,13.515348304954973,0.0
139,before,40057906.31546324,76636689.44105732,116694595.75652057,0.3432713062312049,0.6567286937687951,3553250.597464507,3138526.640665463,0.278028473980721,0.506290877166317,1.1321396961955084,1.924816608428955
139,residual_best_compensated,73105659.89636016,47777385.560062826,120883045.45642298,0.6047635515827069,0.39523644841729316,11019094.64439113,828850.126985631,0.8622026464486661,0.9239806090530223,13.294435611013858,0.43364667892456055
139,residual_physics_l0p05_compensated,74547417.60704878,46509389.9538732,121056807.56092198,0.6158052496926512,0.38419475030734884,11449224.184640432,871050.9313304278,0.8958586626539055,0.9422029487394094,13.144150098264737,0.3740902841091156
139,ideal,79120339.95094915,42485202.868746355,121605542.8196955,0.6506310330628666,0.3493689669371334,12780167.968374692,945604.0406808642,1.0,1.0,13.515348304954973,0.0
140,before,53976944.39025032,64278386.34693932,118255330.73718964,0.45644406940274473,0.5435559305972553,3825682.151020572,2205291.77889907,0.29934521678333625,0.6822132516583405,1.7347736873759338,1.351933479309082
140,residual_best_compensated,43129733.56111684,74195766.62206376,117325500.18318059,0.3676074978907252,0.6323925021092749,2664020.3278370337,2504390.6961635686,0.20844955515681132,0.5451156249815815,1.0637399076422056,1.253761649131775
140,residual_physics_l0p05_compensated,34895750.87504356,81570470.51493457,116466221.38997814,0.299621215993587,0.700378784006413,2929556.9185088957,2643293.4195024325,0.22922679308740415,0.44104652351945495,1.108298040956932,1.7385690212249756
140,ideal,79120339.95094915,42485202.868746355,121605542.8196955,0.6506310330628666,0.3493689669371334,12780167.968374692,945604.0406808642,1.0,1.0,13.515348304954973,0.0
141,before,44062103.117703386,73422450.92033729,117484554.03804068,0.37504592393853226,0.6249540760614677,3529387.239049427,2673761.9919110783,0.27616125607919334,0.5568998205141661,1.3200080073420404,1.6682407855987549
141,residual_best_compensated,52981358.917669505,65366823.53195344,118348182.44962294,0.4476736171273436,0.5523263828726565,5063642.970995729,2428588.6156230182,0.3962109874867078,0.6696300717428089,2.085014702951956,1.3729242086410522
141,residual_physics_l0p05_compensated,47763720.37412753,69998264.73941705,117761985.11354457,0.4055954077886372,0.5944045922113629,5740536.070923598,2152584.3649252406,0.44917532266625176,0.603684468541702,2.666811189592082,1.2784055471420288
141,ideal,79120339.95094915,42485202.868746355,121605542.8196955,0.6506310330628666,0.3493689669371334,12780167.968374692,945604.0406808642,1.0,1.0,13.515348304954973,0.0
142,before,30681550.48554366,85315468.06164396,115997018.54718761,0.2645029231769642,0.7354970768230358,3799464.535158776,3483581.7512883143,0.2972937871052074,0.3877833500786873,1.0906775860086075,2.0179574489593506
142,residual_best_compensated,64412281.149089105,55368008.563640736,119780289.71272984,0.5377535928788423,0.4622464071211577,8093814.328067791,1825084.4858931194,0.6333104813721095,0.8141052122503728,4.434761453855118,0.7181298136711121
142,residual_physics_l0p05_compensated,55498727.17321432,63306507.85168636,118805235.02490067,0.4671404181943852,0.5328595818056149,6071465.370891281,2302646.6538211433,0.47506929376166995,0.7014470262339734,2.636733413186059,0.9109923839569092
142,ideal,79120339.95094915,42485202.868746355,121605542.8196955,0.6506310330628666,0.3493689669371334,12780167.968374692,945604.0406808642,1.0,1.0,13.515348304954973,0.0
143,before,58830958.76777549,60386456.27711138,119217415.04488687,0.4934762152461105,0.5065237847538895,8377279.151520883,2224937.546790136,0.6554905359812933,0.7435630181094759,3.7651749657452553,1.352128267288208
143,residual_best_compensated,64468392.74981113,55702146.941272974,120170539.6910841,0.5364741883953965,0.4635258116046035,10640442.792370815,1069088.0136350659,0.8325745654283451,0.8148144053700789,9.952822084490172,1.1597049236297607
143,residual_physics_l0p05_compensated,63882778.63474049,56223164.99117161,120105943.6259121,0.5318869050620254,0.4681130949379746,10515310.845473615,1287349.7161190284,0.8227834619618769,0.8074128431999252,8.168185158865851,1.1781697273254395
143,ideal,79120339.95094915,42485202.868746355,121605542.8196955,0.6506310330628666,0.3493689669371334,12780167.968374692,945604.0406808642,1.0,1.0,13.515348304954973,0.0
144,before,38236107.49376523,78543956.67562452,116780064.16938974,0.32741981917653057,0.6725801808234695,4207599.600010492,3817582.2169121476,0.3292288184648633,0.48326520737233686,1.1021634534471951,2.099024534225464
144,residual_best_compensated,69024004.76441523,51475527.20964439,120499531.97405963,0.5728155423813122,0.42718445761868784,10571048.125415727,1200182.9646482347,0.8271446941522548,0.872392671811153,8.807863831423427,0.8393617272377014
144,residual_physics_l0p05_compensated,62982757.99257393,56848463.324015796,119831221.31658973,0.5255955609947075,0.4744044390052925,9222549.160445776,1563424.299396403,0.7216297300057041,0.7960375047885316,5.898941934065091,1.1491667032241821
144,ideal,79120339.95094915,42485202.868746355,121605542.8196955,0.6506310330628666,0.3493689669371334,12780167.968374692,945604.0406808642,1.0,1.0,13.515348304954973,0.0
145,before,30515917.62263495,85600648.65247981,116116566.27511476,0.2628041682728858,0.7371958317271142,3891762.955723476,3891762.955723476,0.30451579082167635,0.3856899204623409,1.0,1.5810730457305908
145,residual_best_compensated,75683189.76259597,45555684.43589336,121238874.19848932,0.6242485363126129,0.3757514636873871,12083556.805668643,943484.319744349,0.9454928006869818,0.9565579446387105,12.80737427511552,0.47164493799209595
145,residual_physics_l0p05_compensated,75243002.89177059,45947542.63779472,121190545.5295653,0.6208652874940191,0.3791347125059808,11990236.957414245,936115.663910156,0.9381908741015628,0.9509944337754068,12.808499440476206,0.47178152203559875
145,ideal,79120339.95094915,42485202.868746355,121605542.8196955,0.6506310330628666,0.3493689669371334,12780167.968374692,945604.0406808642,1.0,1.0,13.515348304954973,0.0
146,before,30984365.373912744,85173240.61871669,116157605.99262942,0.2667441801088669,0.7332558198911331,4505269.111223309,4505269.111223309,0.35252033638148367,0.39161061988764934,1.0,1.6261277198791504
146,residual_best_compensated,57708551.49139906,61223944.77067978,118932496.26207884,0.4852210565246431,0.5147789434753569,6980987.97818932,1727129.2615633518,0.5462360115660609,0.7293769405841231,4.041960340519223,1.165968894958496
146,residual_physics_l0p05_compensated,55100377.1271129,63607922.45080004,118708299.57791294,0.4641661730732513,0.5358338269267487,6390179.593933339,2371643.699878638,0.5000074811024573,0.696412289953159,2.694409617372263,1.443266749382019
146,ideal,79120339.95094915,42485202.868746355,121605542.8196955,0.6506310330628666,0.3493689669371334,12780167.968374692,945604.0406808642,1.0,1.0,13.515348304954973,0.0
147,before,48144617.7034714,69442620.11948368,117587237.82295509,0.40943744061715454,0.5905625593828454,5448077.52730558,2669114.3240034455,0.4262915433339516,0.6084986203714339,2.041155554226664,1.6081794500350952
147,residual_best_compensated,63229454.0125492,56480936.458931945,119710390.47148114,0.5281868496420324,0.4718131503579676,8187749.531826718,1768483.315298721,0.6406605572076834,0.7991554896218653,4.629814407066484,0.7047500014305115
147,residual_physics_l0p05_compensated,64515180.585634336,55331264.98711756,119846445.5727519,0.5383153440831158,0.4616846559168843,8447259.819430595,1705741.501303141,0.6609662596245884,0.8154057556581618,4.952250861562033,0.684026837348938
147,ideal,79120339.95094915,42485202.868746355,121605542.8196955,0.6506310330628666,0.3493689669371334,12780167.968374692,945604.0406808642,1.0,1.0,13.515348304954973,0.0
148,before,34772178.577197544,81640329.21294272,116412507.79014026,0.2986979598436469,0.7013020401563532,6099408.329314547,4376409.073419988,0.477255724995783,0.43948469633414927,1.393701600327801,2.2219953536987305
148,residual_best_compensated,68522928.05266193,51795312.011962906,120318240.06462483,0.5695140488745278,0.4304859511254721,9685183.13118372,1038411.2412226383,0.7578290954508813,0.8660595757695542,9.326924388626864,0.594253420829773
148,residual_physics_l0p05_compensated,67665320.2533725,52545476.30864282,120210796.56201532,0.5628888767779254,0.43711112322207457,9413341.49291913,1152394.2342509134,0.7365585112975839,0.8552202922196971,8.168507975083761,0.6161879897117615
148,ideal,79120339.95094915,42485202.868746355,121605542.8196955,0.6506310330628666,0.3493689669371334,12780167.968374692,945604.0406808642,1.0,1.0,13.515348304954973,0.0
149,before,30712900.0351761,85441035.79467331,116153935.8298494,0.2644154915264047,0.7355845084735954,4817563.122390779,4817563.122390779,0.3769561663283404,0.38817957625329513,1.0,2.177755355834961
149,residual_best_compensated,65147933.57814571,54842236.87281799,119990170.4509637,0.54294392060031,0.4570560793996899,9175837.799551202,1223408.2386873474,0.7179747419797122,0.8234031049226322,7.500225606945718,0.8327305912971497
149,residual_physics_l0p05_compensated,63705078.413071655,56107257.15673218,119812335.56980383,0.531707174475006,0.468292825524994,8708906.654901478,1692387.0814346625,0.681439138863605,0.805166894537685,5.145930709609769,0.8327584266662598
149,ideal,79120339.95094915,42485202.868746355,121605542.8196955,0.6506310330628666,0.3493689669371334,12780167.968374692,945604.0406808642,1.0,1.0,13.515348304954973,0.0
150,before,39359615.06880594,77492978.58294526,116852593.6517512,0.33683133457959047,0.6631686654204094,3594785.322985601,2430688.107462124,0.28127840978937974,0.49746519154501906,1.4789167363553313,2.2277731895446777
150,residual_best_compensated,50699519.8264898,67390022.58521244,118089542.41170223,0.42933115660430965,0.5706688433956904,3827927.5085952957,2419601.53503829,0.29952090755518523,0.6407899644758995,1.582048718833665,1.2748123407363892
150,residual_physics_l0p05_compensated,39707750.17272116,77241628.45667262,116949378.62939379,0.3395293813279065,0.6604706186720934,3124092.9418911906,2594367.769351405,0.24444850409023966,0.5018652624260472,1.204182760361773,1.5112074613571167
150,ideal,79120339.95094915,42485202.868746355,121605542.8196955,0.6506310330628666,0.3493689669371334,12780167.968374692,945604.0406808642,1.0,1.0,13.515348304954973,0.0
151,before,28679572.346043587,87166131.69649775,115845704.04254134,0.2475669907924402,0.7524330092075597,4057896.0018156604,4057896.0018156604,0.317515075846982,0.3624803983883734,1.0,2.0219814777374268
151,residual_best_compensated,64935282.93956252,55014676.27100255,119949959.21056508,0.5413531056360966,0.4586468943639033,8931440.519831553,1973699.299540409,0.6988515754982993,0.8207154188141673,4.525228600887333,0.7408329248428345
151,residual_physics_l0p05_compensated,67157006.90641426,53038542.06288099,120195548.96929525,0.5587312299190876,0.4412687700809124,9447792.604688343,1708112.8786954202,0.7392541810144815,0.8487957325265337,5.531128956713998,0.7117934226989746
151,ideal,79120339.95094915,42485202.868746355,121605542.8196955,0.6506310330628666,0.3493689669371334,12780167.968374692,945604.0406808642,1.0,1.0,13.515348304954973,0.0
152,before,27316415.511240404,88480184.19486722,115796599.70610763,0.2358999796243552,0.7641000203756447,3450132.9326655804,2942064.6258617113,0.2699599051595523,0.34525149320863996,1.17269107630668,1.6657931804656982
152,residual_best_compensated,71340481.3563145,49404155.769548684,120744637.12586318,0.5908376806992246,0.40916231930077535,11010737.438053217,845265.2658402304,0.8615487265347341,0.9016705615843184,13.026369215713679,0.7064539194107056
152,residual_physics_l0p05_compensated,72166513.70710498,48699452.25354236,120865965.96064734,0.5970788644555376,0.40292113554446235,11383052.859267725,864094.5509079094,0.8906810057141491,0.9121107638294375,13.173388082713265,0.6574588418006897
152,ideal,79120339.95094915,42485202.868746355,121605542.8196955,0.6506310330628666,0.3493689669371334,12780167.968374692,945604.0406808642,1.0,1.0,13.515348304954973,0.0
153,before,42144070.27876636,74790166.22920153,116934236.50796789,0.3604083075865866,0.6395916924134133,7564871.291362106,4213755.303590013,0.5919226813044901,0.5326578513804879,1.7952801589871692,1.7528221607208252
153,residual_best_compensated,70639460.67714874,49926827.031134054,120566287.7082828,0.5858972853843278,0.41410271461567216,10249120.266106121,958693.8335991141,0.8019550518794586,0.8928103787337347,10.690712620554809,0.5099836587905884
153,residual_physics_l0p05_compensated,68670864.0965862,51632898.09746429,120303762.19405049,0.5708122742314559,0.4291877257685442,9528037.202011041,1225281.9865248322,0.7455330184696126,0.8679293357328706,7.776199525331013,0.5771251320838928
153,ideal,79120339.95094915,42485202.868746355,121605542.8196955,0.6506310330628666,0.3493689669371334,12780167.968374692,945604.0406808642,1.0,1.0,13.515348304954973,0.0
154,before,36505543.14164185,79945919.7526029,116451462.89424476,0.3134829072503306,0.6865170927496693,4207270.96144932,3056319.641491492,0.3292031037354493,0.4613926477600267,1.3765808079537654,1.7672549486160278
154,residual_best_compensated,44477738.20185182,72856033.6770148,117333771.87886661,0.37907021558780096,0.6209297844121991,4879832.576120928,2344203.089433798,0.3818285165106102,0.5621530219590298,2.0816594765684604,1.421994924545288
154,residual_physics_l0p05_compensated,51889836.98622496,66563932.35422077,118453769.34044573,0.43805982093393214,0.5619401790660679,5823451.972476382,2872742.239208657,0.4556631796144519,0.6558343533204507,2.02714044197733,1.2427747249603271
154,ideal,79120339.95094915,42485202.868746355,121605542.8196955,0.6506310330628666,0.3493689669371334,12780167.968374692,945604.0406808642,1.0,1.0,13.515348304954973,0.0
155,before,32477888.089395616,83923463.16969606,116401351.25909168,0.27901641809213007,0.7209835819078699,3033219.2115706457,3033219.2115706457,0.23733797701849713,0.4104872161764012,1.0,1.5766280889511108
155,residual_best_compensated,65941794.012218595,54298165.782922745,120239959.79514134,0.5484182972496567,0.4515817027503433,10360650.46310252,1134807.2665963026,0.8106818696546543,0.8334366871160991,9.129876735965798,1.0138849020004272
155,residual_physics_l0p05_compensated,61886657.83154505,57856913.75472852,119743571.58627357,0.5168265570478376,0.48317344295216236,9145804.808022374,1481596.9990930182,0.7156247735283471,0.7821839222368336,6.17293691443835,1.0972121953964233
155,ideal,79120339.95094915,42485202.868746355,121605542.8196955,0.6506310330628666,0.3493689669371334,12780167.968374692,945604.0406808642,1.0,1.0,13.515348304954973,0.0
156,before,43303101.737700395,74013649.73325938,117316751.47095978,0.3691126901721235,0.6308873098278764,4174264.479079932,3211182.386828813,0.3266204708270975,0.5473068210342152,1.299915101739894,1.5096421241760254
156,residual_best_compensated,62551849.85370251,57037672.996164,119589522.84986651,0.523054598455339,0.4769454015446611,7857557.099191938,1472816.5374101107,0.6148242432052492,0.7905912675865863,5.3350549098322455,0.7392299771308899
156,residual_physics_l0p05_compensated,60366427.737117544,58961454.965121135,119327882.70223868,0.5058870263184937,0.4941129736815063,7247902.876834301,1497838.030005722,0.567121096903396,0.7629697720528231,4.838909636181833,0.7916489839553833
156,ideal,79120339.95094915,42485202.868746355,121605542.8196955,0.6506310330628666,0.3493689669371334,12780167.968374692,945604.0406808642,1.0,1.0,13.515348304954973,0.0
157,before,46085400.037206054,71180089.04030597,117265489.07751203,0.39300053579057503,0.606999464209425,4191785.137730121,2784050.9444468496,0.32799139636528646,0.582472219732332,1.5056423971304045,1.7023736238479614
157,residual_best_compensated,53799145.141689375,64798742.8843448,118597888.02603418,0.4536265024372068,0.5463734975627932,5594556.880333287,2951704.3033645777,0.4377530009133965,0.6799660513976847,1.895364950329267,0.9475050568580627
157,residual_physics_l0p05_compensated,48763132.28883861,69242046.37714815,118005178.66598676,0.4132287484336809,0.5867712515663192,4215326.350629906,3327893.6324200374,0.3298334075937804,0.6163160107637231,1.266664988797893,1.1243302822113037
157,ideal,79120339.95094915,42485202.868746355,121605542.8196955,0.6506310330628666,0.3493689669371334,12780167.968374692,945604.0406808642,1.0,1.0,13.515348304954973,0.0
158,before,39994466.956918545,76748872.9363237,116743339.89324224,0.34258457050733776,0.6574154294926623,3273700.578639786,3034867.7092784755,0.25615473808644446,0.5054890686985574,1.0786963031802437,2.0183167457580566
158,residual_best_compensated,71337816.60237005,49369213.998521164,120707030.60089122,0.590999681188772,0.409000318811228,10788941.985140715,831131.96673041,0.8441940678587803,0.9016368818257873,12.981021566988131,0.6187835335731506
158,residual_physics_l0p05_compensated,69330890.2054979,51123448.765420154,120454338.97091806,0.57557818836428,0.42442181163572,10143256.429794656,766974.1336449699,0.7936716054823978,0.8762713892341687,13.22503065597508,0.6710939407348633
158,ideal,79120339.95094915,42485202.868746355,121605542.8196955,0.6506310330628666,0.3493689669371334,12780167.968374692,945604.0406808642,1.0,1.0,13.515348304954973,0.0
159,before,49863795.559871055,67669501.53112072,117533297.09099178,0.42425250370767326,0.5757474962923267,5129023.276450491,2803114.4686026853,0.4013267500976961,0.6302272663487574,1.8297587679347391,1.6906429529190063
159,residual_best_compensated,56040269.4891156,62691154.94290044,118731424.43201604,0.47199189058161667,0.5280081094183834,7443664.088428205,1377280.5428889864,0.5824386742684452,0.7082915660354583,5.4046099226918285,1.0422759056091309
159,residual_physics_l0p05_compensated,47086083.05734834,70686231.92670693,117772314.98405527,0.39980604154484983,0.6001939584551501,3684971.9184986525,2192057.066467553,0.28833517115090673,0.5951198274241425,1.6810565632020227,1.1523998975753784
159,ideal,79120339.95094915,42485202.868746355,121605542.8196955,0.6506310330628666,0.3493689669371334,12780167.968374692,945604.0406808642,1.0,1.0,13.515348304954973,0.0
160,before,29143989.62382422,86773603.06142198,115917592.6852462,0.25141990054054686,0.7485800994594531,4676729.466495832,4121779.656375144,0.3659364632819135,0.3683501567598434,1.1346383980672885,2.1011109352111816
160,residual_best_compensated,62559812.57121824,57096175.11989489,119655987.69111313,0.5228306061265714,0.47716939387342866,8252322.358415883,1894368.5986190403,0.6457131376392516,0.7906919081743373,4.3562389940541,0.8347198963165283
160,residual_physics_l0p05_compensated,57552968.081789345,61506596.30270496,119059564.3844943,0.48339642748839706,0.5166035725116029,6828833.307439348,2395345.2672484466,0.5343304817540516,0.7274105257569602,2.8508764063410728,0.9284652471542358
160,ideal,79120339.95094915,42485202.868746355,121605542.8196955,0.6506310330628666,0.3493689669371334,12780167.968374692,945604.0406808642,1.0,1.0,13.515348304954973,0.0
161,before,27430423.09130337,88402849.85462692,115833272.9459303,0.2368095314384114,0.7631904685615886,3751327.933927051,3751327.933927051,0.2935272793917843,0.34669243216483814,1.0,1.9775470495224
161,residual_best_compensated,47213946.70691151,70559528.13813141,117773474.84504293,0.40088777858538954,0.5991122214146104,3698650.6491939556,2729665.6733867167,0.2894054802993586,0.5967358928965917,1.354983024204943,1.171345591545105
161,residual_physics_l0p05_compensated,45674694.150208324,71863661.5520814,117538355.70228973,0.3885939519682982,0.6114060480317018,4448413.4417541735,2510364.9699289175,0.3480715944236449,0.5772813182871113,1.7720186088639267,1.371071696281433
161,ideal,79120339.95094915,42485202.868746355,121605542.8196955,0.6506310330628666,0.3493689669371334,12780167.968374692,945604.0406808642,1.0,1.0,13.515348304954973,0.0
162,before,49119735.770679,68717170.12973465,117836905.90041365,0.4168450910633302,0.5831549089366698,3905709.7775467318,2976210.724559968,0.30560707709097795,0.6208231132617845,1.3123095570204257,1.7437576055526733
162,residual_best_compensated,49316610.95598172,68658675.8703151,117975286.82629682,0.41802492948030695,0.581975070519693,3935881.9179261997,2350174.669841601,0.3079679334157251,0.623311413810351,1.6747188915075293,1.1289265155792236
162,residual_physics_l0p05_compensated,51786837.95398172,66527308.37923781,118314146.33321953,0.4377062216053984,0.5622937783946016,4954365.259119695,2517237.1737169926,0.38766041818695773,0.6545325511251228,1.9681757884593767,1.0102496147155762
162,ideal,79120339.95094915,42485202.868746355,121605542.8196955,0.6506310330628666,0.3493689669371334,12780167.968374692,945604.0406808642,1.0,1.0,13.515348304954973,0.0
163,before,45222204.42492234,72043542.08870992,117265746.51363227,0.38563865211624443,0.6143613478837555,4518857.152924486,3541861.0468588704,0.35358354945777515,0.5715623119536387,1.2758425847710975,1.754109501838684
163,residual_best_compensated,62404425.051379286,57150998.27036946,119555423.32174875,0.5219706753363741,0.4780293246636259,7758763.661407455,1639064.397530009,0.6070940288583836,0.7887279691930933,4.733653951058627,0.7555417418479919
163,residual_physics_l0p05_compensated,57690310.449929565,61312727.003460675,119003037.45339024,0.4847801508640067,0.5152198491359933,6466088.944861092,1739959.7629407248,0.5059471018582717,0.7291463925167008,3.716229008613788,0.8810595870018005
163,ideal,79120339.95094915,42485202.868746355,121605542.8196955,0.6506310330628666,0.3493689669371334,12780167.968374692,945604.0406808642,1.0,1.0,13.515348304954973,0.0
164,before,44817721.98334754,72408446.70077541,117226168.68412295,0.38231840626057784,0.6176815937394222,5489177.295202641,2251113.7741980916,0.4295074453470366,0.56645006847964,2.4384273056825108,1.804829478263855
164,residual_best_compensated,49392931.205869295,68657294.90108317,118050226.10695247,0.41840607032060856,0.5815939296793914,4278430.94930604,2653071.7912812196,0.3347711047220412,0.624276023541994,1.6126329349119886,1.0716050863265991
164,residual_physics_l0p05_compensated,47220907.511768535,70588983.7046346,117809891.21640314,0.4008229446968013,0.5991770553031986,3789472.195852387,2683641.5321021937,0.2965119241961192,0.5968238703352798,1.4120634781218178,1.1202406883239746
164,ideal,79120339.95094915,42485202.868746355,121605542.8196955,0.6506310330628666,0.3493689669371334,12780167.968374692,945604.0406808642,1.0,1.0,13.515348304954973,0.0
165,before,42736448.902266964,74215666.03131239,116952114.93357936,0.3654183502926671,0.6345816497073329,5230051.44278201,2730556.441267364,0.4092318235350343,0.5401449100036922,1.915379357752637,2.1663615703582764
165,residual_best_compensated,76213252.51767229,45066106.44864099,121279358.96631327,0.6284107466204648,0.3715892533795352,12101242.13125816,976037.0871448952,0.9468766107928648,0.9632573945577191,12.398342532922316,0.4477420449256897
165,residual_physics_l0p05_compensated,76686921.6026284,44648327.110286474,121335248.71291487,0.6320250909451168,0.3679749090548831,12230856.045764444,906297.6767580396,0.95701841134095,0.9692440862889448,13.49540703835413,0.35348519682884216
165,ideal,79120339.95094915,42485202.868746355,121605542.8196955,0.6506310330628666,0.3493689669371334,12780167.968374692,945604.0406808642,1.0,1.0,13.515348304954973,0.0
166,before,36003049.49161548,80458415.10283312,116461464.59444861,0.3091413079595742,0.6908586920404257,5709698.374545244,4090547.414570064,0.4467623890917742,0.45504164307099365,1.3958274518975011,1.7588094472885132
166,residual_best_compensated,69687616.4417128,50972051.668105036,120659668.10981783,0.5775551808934775,0.4224448191065225,11256749.892938077,840180.2572751138,0.8807982743883801,0.8807800432217027,13.398017622368503,0.8838919997215271
166,residual_physics_l0p05_compensated,54308433.52359718,64358576.739605874,118667010.26320305,0.45765401355558927,0.5423459864444108,5874178.731125298,1457256.0795396327,0.45963235738851893,0.6864029345332164,4.030985914967692,1.4817875623703003
166,ideal,79120339.95094915,42485202.868746355,121605542.8196955,0.6506310330628666,0.3493689669371334,12780167.968374692,945604.0406808642,1.0,1.0,13.515348304954973,0.0
167,before,39104605.89147645,78021460.20196138,117126066.09343784,0.3338676623893488,0.6661323376106513,4206486.969001768,2205251.4474001583,0.32914175927976674,0.4942421369235705,1.907486320419801,2.2569379806518555
167,residual_best_compensated,51588140.2188002,66304442.56243153,117892582.78123173,0.43758597022621964,0.5624140297737804,7201478.744731013,3702738.209796428,0.5634885834483172,0.6520212154141704,1.944906265767825,1.560148000717163
167,residual_physics_l0p05_compensated,53728045.177615106,64843211.453805,118571256.6314201,0.4531287489397979,0.5468712510602021,5436231.033427859,1968828.6114341458,0.4253645998143487,0.6790674207280194,2.7611499557942563,1.0282909870147705
167,ideal,79120339.95094915,42485202.868746355,121605542.8196955,0.6506310330628666,0.3493689669371334,12780167.968374692,945604.0406808642,1.0,1.0,13.515348304954973,0.0
168,before,54405309.73760566,63703610.104377955,118108919.84198362,0.4606367563973476,0.5393632436026524,7515408.059796813,2994470.5875577005,0.5880523697649476,0.6876273505818399,2.5097618560770045,1.4001290798187256
168,residual_best_compensated,77444885.39104499,43974514.24031308,121419399.63135807,0.6378295859325257,0.36217041406747424,12400979.385190113,963632.4024342342,0.9703299217879683,0.978823971674757,12.868993771757745,0.32451966404914856
168,residual_physics_l0p05_compensated,77413098.33925396,44002672.21345073,121415770.55270469,0.6375868471357281,0.3624131528642719,12391767.046982843,948098.6238840781,0.9696090910265835,0.9784222159212966,13.070124494240334,0.3156868815422058
168,ideal,79120339.95094915,42485202.868746355,121605542.8196955,0.6506310330628666,0.3493689669371334,12780167.968374692,945604.0406808642,1.0,1.0,13.515348304954973,0.0
169,before,61987006.38415886,57179226.15176766,119166232.53592652,0.5201725779613857,0.4798274220386143,5758386.570315057,1758875.1220865767,0.45057205699991876,0.7834522250863414,3.2739030179037427,1.264936089515686
169,residual_best_compensated,54528732.60225313,64088908.952659704,118617641.55491284,0.4597017095219315,0.5402982904780685,5568283.896667094,2079376.9161185261,0.43569723891314677,0.6891872890846823,2.6778617447870605,1.0956064462661743
169,residual_physics_l0p05_compensated,51395203.84400991,66843842.500375934,118239046.34438585,0.43467200923047894,0.565327990769521,4680029.024386923,2465995.949956556,0.3661946412572934,0.6495826973932682,1.8978251057019668,1.1305441856384277
169,ideal,79120339.95094915,42485202.868746355,121605542.8196955,0.6506310330628666,0.3493689669371334,12780167.968374692,945604.0406808642,1.0,1.0,13.515348304954973,0.0
170,before,31935092.894213893,84174111.19816536,116109204.09237924,0.2750435948971416,0.7249564051028584,4905667.743348598,3610624.284859847,0.38385002102382165,0.4036268412649912,1.3586757735827448,1.8917696475982666
170,residual_best_compensated,42000853.64765783,75173725.53196661,117174579.17962444,0.3584468059686566,0.6415531940313435,3660656.164460625,3271382.13182284,0.2864325549960801,0.530847739957846,1.11899375155567,1.3020126819610596
170,residual_physics_l0p05_compensated,39947910.42465553,77021215.79235752,116969126.21701305,0.3415252530017202,0.6584747469982798,3256306.7903601713,3181497.9876418286,0.254793739676826,0.5049006418503932,1.0235137042389872,1.3519610166549683
170,ideal,79120339.95094915,42485202.868746355,121605542.8196955,0.6506310330628666,0.3493689669371334,12780167.968374692,945604.0406808642,1.0,1.0,13.515348304954973,0.0
171,before,47060441.91416649,70314833.8221083,117375275.73627478,0.40093999029151994,0.5990600097084801,6701556.324437866,5151664.612701428,0.5243715372928804,0.5947957496560521,1.3008526036254728,1.61928129196167
171,residual_best_compensated,62263195.467072815,57607460.166412234,119870655.63348505,0.5194198291318932,0.4805801708681068,9807928.057638517,971173.8880214927,0.7674334235597556,0.7869429720053407,10.099044237710663,1.1948035955429077
171,residual_physics_l0p05_compensated,62364084.49988492,57470362.2077651,119834446.70765002,0.5204186793804731,0.4795813206195268,9519834.613912875,990845.2947532431,0.7448911968504865,0.7882181059705721,9.607791109593617,1.1416473388671875
171,ideal,79120339.95094915,42485202.868746355,121605542.8196955,0.6506310330628666,0.3493689669371334,12780167.968374692,945604.0406808642,1.0,1.0,13.515348304954973,0.0
172,before,48916035.07346258,68481052.29702398,117397087.37048656,0.4166716242208918,0.5833283757791082,5538522.397636552,3074482.3500188077,0.4333685137270469,0.6182485452386606,1.8014487536748003,1.9046040773391724
172,residual_best_compensated,64306888.76938159,55747612.82972009,120054501.59910168,0.5356474593857526,0.46435254061424736,9954888.342458954,1375758.1923586081,0.7789325122402878,0.8127731605962362,7.23592881201909,1.052738904953003
172,residual_physics_l0p05_compensated,64167444.23090005,55860543.9505215,120027988.18142155,0.5346040136398135,0.4653959863601866,9841104.39891926,1361980.1455983855,0.7700293472880541,0.8110107245580696,7.225585799266974,1.0463091135025024
172,ideal,79120339.95094915,42485202.868746355,121605542.8196955,0.6506310330628666,0.3493689669371334,12780167.968374692,945604.0406808642,1.0,1.0,13.515348304954973,0.0
173,before,48983506.527952276,68951553.93269902,117935060.46065131,0.41534303994608524,0.5846569600539147,4296985.121324062,2275457.451338132,0.336222898787967,0.6191013152663364,1.8884049529456715,1.3511539697647095
173,residual_best_compensated,52346639.27783419,66087915.42764008,118434554.70547427,0.44198789287476953,0.5580121071252305,5212848.662981604,1957492.2845765084,0.40788577081937555,0.6616078660719433,2.6630238617310167,0.9999008178710938
173,residual_physics_l0p05_compensated,50741122.578681506,67499209.66627875,118240332.24496026,0.42913548714968397,0.570864512850316,4741708.073133528,2080600.6098271583,0.37102079447368574,0.6413157806215013,2.2790092681590806,1.0372593402862549
173,ideal,79120339.95094915,42485202.868746355,121605542.8196955,0.6506310330628666,0.3493689669371334,12780167.968374692,945604.0406808642,1.0,1.0,13.515348304954973,0.0
174,before,39798952.296748415,77099396.376475,116898348.67322342,0.3404577801864596,0.6595422198135403,2926717.755697724,1994407.6408025157,0.2290046392926968,0.503017963793152,1.4674621656182898,1.6374428272247314
174,residual_best_compensated,70228522.24464935,50350712.05388069,120579234.29853004,0.5824263410959932,0.4175736589040067,10451487.347061899,1217311.5426731063,0.8177895136374376,0.8876165381517281,8.585712843986819,0.6700820326805115
174,residual_physics_l0p05_compensated,67863009.97411741,52463552.78648846,120326562.76060587,0.5639902646361915,0.4360097353638085,9948681.212745644,1474051.879889428,0.7784468277227862,0.8577188876613682,6.749206963795547,0.717990517616272
174,ideal,79120339.95094915,42485202.868746355,121605542.8196955,0.6506310330628666,0.3493689669371334,12780167.968374692,945604.0406808642,1.0,1.0,13.515348304954973,0.0
175,before,53151198.40287651,64736150.84687938,117887349.24975589,0.45086431021763407,0.5491356897823659,8191296.991055541,3713340.509834079,0.6409381325288843,0.6717766687532906,2.205910545871687,1.5166047811508179
175,residual_best_compensated,68390705.19714431,51967261.31211926,120357966.50926358,0.5682274898843568,0.43177251011564327,9887324.571603447,1349644.8299465303,0.7736459016869135,0.8643884144019516,7.3258714827923725,0.6682496070861816
175,residual_physics_l0p05_compensated,66962963.50456905,53231781.025523454,120194744.53009251,0.5571205610225654,0.44287943897743465,9518439.565026134,1452411.2609206692,0.7447820395303173,0.8463432228183412,6.553542940029596,0.7088558077812195
175,ideal,79120339.95094915,42485202.868746355,121605542.8196955,0.6506310330628666,0.3493689669371334,12780167.968374692,945604.0406808642,1.0,1.0,13.515348304954973,0.0
176,before,55113043.05028193,62942305.38829838,118055348.4385803,0.46684071309954367,0.5331592869004563,4700041.4605501965,2678473.757254845,0.367760538999232,0.6965723742396632,1.7547461302616034,1.7994588613510132
176,residual_best_compensated,39595448.67270334,77312477.99334602,116907926.66604936,0.3386891702032216,0.6613108297967784,2804474.149181127,2268335.3394261478,0.21943953758048956,0.5004458865729171,1.2363578261275132,1.4376652240753174
176,residual_physics_l0p05_compensated,39288508.235985935,77625499.36293122,116914007.59891716,0.3360462021862111,0.6639537978137889,2859118.8377729384,2616202.330548914,0.22371527861355212,0.49656647406144794,1.0928508106531107,1.5604192018508911
176,ideal,79120339.95094915,42485202.868746355,121605542.8196955,0.6506310330628666,0.3493689669371334,12780167.968374692,945604.0406808642,1.0,1.0,13.515348304954973,0.0
177,before,33970133.558094345,82440341.87173209,116410475.42982642,0.2918133736046111,0.7081866263953889,4812818.284698515,3591951.0246803015,0.37658490065295924,0.4293476693749574,1.3398897289048857,2.217991590499878
177,residual_best_compensated,71003355.36102563,49653514.96094282,120656870.32196845,0.5884733722294948,0.41152662777050514,10570087.665694773,1176366.007612038,0.8270695417971894,0.8974096345521814,8.985373257385687,0.570953905582428
177,residual_physics_l0p05_compensated,69794449.12176962,50612613.69163726,120407062.81340688,0.5796541123997775,0.4203458876002225,9519625.242562909,1013020.0482737486,0.7448748143310638,0.8821302987959716,9.397272303529395,0.6004663109779358
177,ideal,79120339.95094915,42485202.868746355,121605542.8196955,0.6506310330628666,0.3493689669371334,12780167.968374692,945604.0406808642,1.0,1.0,13.515348304954973,0.0
178,before,32313401.42253955,84137966.74696165,116451368.1695012,0.2774840856786299,0.7225159143213701,3835569.4590104274,3835569.4590104274,0.30011886138756383,0.40840827330332913,1.0,1.6748912334442139
178,residual_best_compensated,54036716.820104346,64543551.363177076,118580268.18328142,0.4556973740064703,0.5443026259935297,5780730.253060272,2794578.2312156833,0.45232036600497294,0.6829687139059886,2.068551951235077,1.1638320684432983
178,residual_physics_l0p05_compensated,57297850.15144776,61849871.87425521,119147722.02570297,0.48089757132819766,0.5191024286718023,7510571.774670841,1938132.5466467445,0.5876739486723657,0.7241860966089088,3.8751589965635937,1.3920998573303223
178,ideal,79120339.95094915,42485202.868746355,121605542.8196955,0.6506310330628666,0.3493689669371334,12780167.968374692,945604.0406808642,1.0,1.0,13.515348304954973,0.0
179,before,32370492.259317353,83839731.2923435,116210223.55166085,0.2785511572906248,0.7214488427093751,3842315.3187540346,3842315.3187540346,0.30064669950051354,0.4091298429630803,1.0,1.963633418083191
179,residual_best_compensated,66448843.19724546,53545118.171248965,119993961.36849442,0.5537682266625481,0.4462317733374519,8576359.611115105,984600.3037843424,0.671067831998596,0.8398452690981938,8.710498644121474,0.7283278107643127
179,residual_physics_l0p05_compensated,63181847.02906899,56564460.575403064,119746307.60447206,0.5276308580450074,0.4723691419549926,8636992.162890578,1937765.9992172413,0.675812100769203,0.7985537861470102,4.457190479335215,0.8726547360420227
179,ideal,79120339.95094915,42485202.868746355,121605542.8196955,0.6506310330628666,0.3493689669371334,12780167.968374692,945604.0406808642,1.0,1.0,13.515348304954973,0.0
180,before,38260161.19375106,79122747.439094,117382908.63284507,0.3259432027998447,0.6740567972001553,5347969.470707533,2252716.830203612,0.41845846501715867,0.48356922148553133,2.374008752011746,2.310865879058838
180,residual_best_compensated,70116098.3206879,50455498.29809122,120571596.61877912,0.581530810630132,0.418469189369868,10486445.940251911,1038477.7073305119,0.8205248918638052,0.886195614985433,10.097901829022542,0.6658583879470825
180,residual_physics_l0p05_compensated,67767662.22846167,52495754.42863993,120263416.6571016,0.5634935719619767,0.4365064280380233,9659385.650188921,1073801.8581668793,0.755810539743426,0.8565137898860697,8.99550096391038,0.6786707043647766
180,ideal,79120339.95094915,42485202.868746355,121605542.8196955,0.6506310330628666,0.3493689669371334,12780167.968374692,945604.0406808642,1.0,1.0,13.515348304954973,0.0
181,before,22356163.949865136,92962473.19948065,115318637.14934579,0.193864274695792,0.8061357253042081,5105927.218913197,5105927.218913197,0.3995195705993948,0.28255899764491527,1.0,1.9726359844207764
181,residual_best_compensated,69796903.85692134,50817818.93845715,120614722.79537849,0.5786764852523932,0.4213235147476067,10907591.97766607,962859.734198616,0.8534779828134947,0.8821613241322284,11.328329132741658,0.7925711870193481
181,residual_physics_l0p05_compensated,66282931.525670215,53941450.925699785,120224382.45137,0.5513268621070375,0.4486731378929624,10094496.049323013,1243969.991766586,0.7898562893932585,0.8377483156260764,8.114742410295301,0.901649534702301
181,ideal,79120339.95094915,42485202.868746355,121605542.8196955,0.6506310330628666,0.3493689669371334,12780167.968374692,945604.0406808642,1.0,1.0,13.515348304954973,0.0
182,before,53653863.3188121,64703712.42726967,118357575.74608177,0.4533200598322352,0.5466799401677648,5971536.560861093,3108941.1668669833,0.4672502408135813,0.6781298380678716,1.920762163176884,1.3697831630706787
182,residual_best_compensated,69502847.05331829,51039296.79186967,120542143.84518796,0.5765854566398011,0.4234145433601989,10623452.799711766,936414.4226217088,0.8312451625049178,0.8784447475378234,11.344819711307897,0.872050940990448
182,residual_physics_l0p05_compensated,63302745.65862681,56457004.90114708,119759750.55977389,0.5285811415165854,0.47141885848341464,8613257.180567846,1379211.891718565,0.6739549278133025,0.8000818209056167,6.245057218753609,1.0855791568756104
182,ideal,79120339.95094915,42485202.868746355,121605542.8196955,0.6506310330628666,0.3493689669371334,12780167.968374692,945604.0406808642,1.0,1.0,13.515348304954973,0.0
183,before,22454123.04062625,92951188.19529781,115405311.23592407,0.1945675012714371,0.8054324987285628,3896861.2170540704,3896861.2170540704,0.3049147105653926,0.28379710014576204,1.0,1.8961035013198853
183,residual_best_compensated,68682059.48558591,51886763.376681015,120568822.86226693,0.5696502450226755,0.43034975497732453,11162820.301587608,862506.8580140687,0.8734486377026257,0.8680708339747469,12.942297441309767,0.9537256956100464
183,residual_physics_l0p05_compensated,66467778.28968469,53824778.809579246,120292557.09926394,0.5525510463198176,0.4474489536801824,10452249.2565657,960905.333212026,0.8178491301859592,0.8400845892584834,10.877501555358092,1.03499436378479
183,ideal,79120339.95094915,42485202.868746355,121605542.8196955,0.6506310330628666,0.3493689669371334,12780167.968374692,945604.0406808642,1.0,1.0,13.515348304954973,0.0
184,before,45979480.12606138,71535305.02661254,117514785.15267392,0.3912654911152273,0.6087345088847727,3760460.0283021852,3254149.648449471,0.29424183137558707,0.5811335006215402,1.1555891506384655,1.5056651830673218
184,residual_best_compensated,72324399.42449676,48445578.13780859,120769977.56230535,0.5988607506959628,0.40113924930403727,10679559.151936298,892797.4746671189,0.8356352732110816,0.9141062774671399,11.961905644858808,0.5061128735542297
184,residual_physics_l0p05_compensated,76750821.26212272,44558971.46156663,121309792.72368935,0.6326844646164731,0.3673155353835269,12019464.627593754,940396.1010352711,0.9404778291910291,0.9700517124889072,12.78127867008558,0.2900506258010864
184,ideal,79120339.95094915,42485202.868746355,121605542.8196955,0.6506310330628666,0.3493689669371334,12780167.968374692,945604.0406808642,1.0,1.0,13.515348304954973,0.0
185,before,31092586.094720837,85081517.57967733,116174103.67439817,0.26763783934037666,0.7323621606596233,3776306.478351419,3776306.478351419,0.2954817563975779,0.3929784188742966,1.0,2.23551607131958
185,residual_best_compensated,60732409.40284737,58683042.77251444,119415452.17536181,0.5085808268234978,0.4914191731765022,7488294.783349455,2038100.2049527015,0.5859308580199962,0.7675954051827707,3.6741543743298126,0.7712627053260803
185,residual_physics_l0p05_compensated,64720553.581400946,55172258.82535772,119892812.40675867,0.5398201300160049,0.4601798699839951,8641374.32867183,1584189.6844940665,0.6761549887337506,0.8180014598208831,5.454759877086042,0.6699606776237488
185,ideal,79120339.95094915,42485202.868746355,121605542.8196955,0.6506310330628666,0.3493689669371334,12780167.968374692,945604.0406808642,1.0,1.0,13.515348304954973,0.0
186,before,45290192.04011688,71967481.22463198,117257673.26474886,0.3862450173120777,0.6137549826879223,4489794.693045938,2610423.6029927977,0.3513095214520036,0.5724216057235679,1.7199487040718142,1.6945043802261353
186,residual_best_compensated,77179989.81771208,44215875.13227393,121395864.94998601,0.6357711594996216,0.36422884050037835,12371619.555441363,921280.2625564061,0.9680326257100605,0.9754759631412101,13.428725283999993,0.3596380650997162
186,residual_physics_l0p05_compensated,76589636.34761205,44753891.26933654,121343527.61694859,0.6311802355819631,0.36881976441803693,12319439.197889604,940599.0677991691,0.963949709297625,0.9680145003812419,13.097439301864133,0.4300903379917145
186,ideal,79120339.95094915,42485202.868746355,121605542.8196955,0.6506310330628666,0.3493689669371334,12780167.968374692,945604.0406808642,1.0,1.0,13.515348304954973,0.0
187,before,26573432.790716246,89112272.49972972,115685705.29044597,0.22970368485890055,0.7702963151410994,4004126.897767042,4004126.897767042,0.313307846006054,0.3358609531656526,1.0,1.9988412857055664
187,residual_best_compensated,71026275.91259736,49611647.73133564,120637923.643933,0.5887557889526834,0.41124421104731657,10418806.091242343,878476.1276589044,0.8152323284814658,0.897699326830879,11.860090175709097,0.48496562242507935
187,residual_physics_l0p05_compensated,66055152.74464702,53982968.19408984,120038120.93873686,0.5502847947641499,0.44971520523585007,8938578.236244092,1223758.619000909,0.6994100749194495,0.8348694253032543,7.304200434185014,0.6477680206298828
187,ideal,79120339.95094915,42485202.868746355,121605542.8196955,0.6506310330628666,0.3493689669371334,12780167.968374692,945604.0406808642,1.0,1.0,13.515348304954973,0.0
188,before,52640716.60935285,65448268.42292196,118088985.03227481,0.4457716068519486,0.5542283931480514,4604627.953321361,2014880.9282633953,0.36029479148598004,0.6653247021181606,2.2853102080280454,1.3926234245300293
188,residual_best_compensated,67376098.72699435,52904246.316807926,120280345.04380228,0.560158841433803,0.439841158566197,9890618.63873323,1347906.973260379,0.7739036500309051,0.8515648285733395,7.337760568750046,0.7953554391860962
188,residual_physics_l0p05_compensated,62597553.69884091,57139700.87467495,119737254.57351586,0.5227909552611921,0.4772090447388078,8680758.542863686,1584905.2207355804,0.6792366551319791,0.7911689173434848,5.477146790414889,0.9314678311347961
188,ideal,79120339.95094915,42485202.868746355,121605542.8196955,0.6506310330628666,0.3493689669371334,12780167.968374692,945604.0406808642,1.0,1.0,13.515348304954973,0.0
189,before,32467951.753043864,83682563.21646068,116150514.96950454,0.2795334292023446,0.7204665707976554,4238427.063374702,4238427.063374702,0.33164095134453236,0.410361631069488,1.0,2.0496699810028076
189,residual_best_compensated,70799690.9825759,49801309.77614306,120601000.75871895,0.58705724278542,0.41294275721458,10377029.433524659,858397.7470427195,0.8119634623897943,0.8948355255610421,12.088835821476392,0.5510165691375732
189,residual_physics_l0p05_compensated,70283340.15662093,50259475.034524634,120542815.19114557,0.583057066032282,0.4169429339677179,10267443.724183638,1031202.0252778416,0.8033887934486508,0.8883093803716373,9.956772264307018,0.5610907673835754
189,ideal,79120339.95094915,42485202.868746355,121605542.8196955,0.6506310330628666,0.3493689669371334,12780167.968374692,945604.0406808642,1.0,1.0,13.515348304954973,0.0
190,before,33949986.4344484,82301045.61660182,116251032.05105023,0.2920403013673003,0.7079596986326996,5432051.298722424,3293188.8048928087,0.4250375513189159,0.4290930303825259,1.6494806767992864,1.8761653900146484
190,residual_best_compensated,50127772.40709803,68004253.99692237,118132026.4040204,0.42433685371363467,0.5756631462863654,4368764.983833981,3901141.6301480834,0.34183940263107315,0.6335636631260037,1.1198683354821308,1.1380867958068848
190,residual_physics_l0p05_compensated,51582217.8402775,66749174.46840989,118331392.30868739,0.43591321655133225,0.5640867834486677,4960796.35599992,3094765.8346947012,0.38816362729157505,0.651946362619979,1.602963397225594,1.0118240118026733
190,ideal,79120339.95094915,42485202.868746355,121605542.8196955,0.6506310330628666,0.3493689669371334,12780167.968374692,945604.0406808642,1.0,1.0,13.515348304954973,0.0
191,before,47578816.470654346,69741411.74112362,117320228.21177796,0.4055465727936407,0.5944534272063594,5160531.550950895,4657459.645911249,0.40379215388412315,0.6013474727251039,1.1080142273441465,1.978276014328003
191,residual_best_compensated,64413007.17561654,55438167.47419421,119851174.64981075,0.5374416009173277,0.4625583990826722,8523494.905797303,1348871.1924863283,0.6669313679514395,0.814114388481515,6.3189835718014224,0.6790516376495361
191,residual_physics_l0p05_compensated,62847992.73527,56814514.13425317,119662506.86952317,0.5252103969691843,0.47478960303081574,8057549.569279158,1472597.3497603564,0.6304729006080403,0.7943342100682678,5.471658339321611,0.7175111174583435
191,ideal,79120339.95094915,42485202.868746355,121605542.8196955,0.6506310330628666,0.3493689669371334,12780167.968374692,945604.0406808642,1.0,1.0,13.515348304954973,0.0
192,before,40052436.15411348,76695655.22901663,116748091.3831301,0.3430671600675177,0.6569328399324824,3638660.433416041,3623238.901927016,0.28471147190084894,0.5062217399336768,1.0042562833714395,2.25956130027771
192,residual_best_compensated,60640059.178849414,58501934.02550875,119141993.20435816,0.5089730123520481,0.49102698764795194,7831669.253686781,1752229.8713258167,0.6127986168152662,0.7664281930088188,4.469544425561575,0.9859650135040283
192,residual_physics_l0p05_compensated,67786825.18746817,52365933.90273476,120152759.09020293,0.564172023187401,0.435827976812599,8964840.433542889,971884.5737299519,0.7014649929270832,0.8567559900462104,9.22418224947962,0.708901584148407
192,ideal,79120339.95094915,42485202.868746355,121605542.8196955,0.6506310330628666,0.3493689669371334,12780167.968374692,945604.0406808642,1.0,1.0,13.515348304954973,0.0
193,before,54513559.29601875,64014555.542825356,118528114.8388441,0.45992091724514234,0.5400790827548576,4914859.2158157965,2311083.869799126,0.38456921911964825,0.6889955140462563,2.1266468430862204,1.3166224956512451
193,residual_best_compensated,55743296.68952138,63106762.09329919,118850058.78282057,0.4690220371820204,0.5309779628179796,6258119.6966095995,2480103.7575574764,0.4896742916130445,0.7045381342405704,2.523329791158775,0.9508785605430603
193,residual_physics_l0p05_compensated,59585154.944665104,59709973.95837438,119295128.90303949,0.49947684781911456,0.5005231521808855,7275695.134442384,2457922.5352429855,0.5692957363664185,0.7530952847473238,2.960099445820461,0.8306740522384644
193,ideal,79120339.95094915,42485202.868746355,121605542.8196955,0.6506310330628666,0.3493689669371334,12780167.968374692,945604.0406808642,1.0,1.0,13.515348304954973,0.0
194,before,35506086.24299257,80854312.13328919,116360398.37628175,0.30513891958477457,0.6948610804152254,6123288.725283746,5065583.639497085,0.4791242760217392,0.44876053698713453,1.2088022153142597,1.8621708154678345
194,residual_best_compensated,62609390.28481257,57234967.622207835,119844357.9070204,0.5224225101475967,0.4775774898524034,9427981.00558381,1528378.9944884288,0.7377039980158262,0.7913185196578707,6.1686146169128,1.1204848289489746
194,residual_physics_l0p05_compensated,63118910.74044992,56750295.30361608,119869206.044066,0.5265648520041613,0.47343514799583875,9336125.23521834,1653535.8074846559,0.7305166300099618,0.7977583359674725,5.646158488348899,1.0690752267837524
194,ideal,79120339.95094915,42485202.868746355,121605542.8196955,0.6506310330628666,0.3493689669371334,12780167.968374692,945604.0406808642,1.0,1.0,13.515348304954973,0.0
195,before,38353563.633850425,78228953.86335687,116582517.4972073,0.3289821189079158,0.6710178810920842,4333329.163421208,2361362.1439939286,0.3390666831722632,0.48474973259250165,1.835097244377756,1.916972279548645
195,residual_best_compensated,73738449.9856374,47240960.03279683,120979410.01843423,0.6095123953274487,0.3904876046725512,11363489.22460721,1040504.0791426478,0.889150224999144,0.9319784271825896,10.92113856388768,0.5926104187965393
195,residual_physics_l0p05_compensated,74895392.22710216,46239391.411341146,121134783.6384433,0.6182814710813862,0.3817185289186138,11786140.535414703,953447.9575805934,0.9222210979214225,0.9466009912689171,12.361598178176852,0.5327668786048889
195,ideal,79120339.95094915,42485202.868746355,121605542.8196955,0.6506310330628666,0.3493689669371334,12780167.968374692,945604.0406808642,1.0,1.0,13.515348304954973,0.0
196,before,38324530.95571963,78360256.65349913,116684787.60921876,0.3284449647718412,0.6715550352281587,3889813.8179294895,3210700.155957335,0.3043632781317954,0.4843827892989213,1.2115157532577696,1.5968719720840454
196,residual_best_compensated,69584994.05550553,50854438.74438381,120439432.79988934,0.5777592308253503,0.4222407691746497,9925613.534853406,842630.4576243805,0.776641868824803,0.8794830014462137,11.779319682837704,0.5485829710960388
196,residual_physics_l0p05_compensated,64057351.6187412,55709314.39236671,119766666.0111079,0.5348512549627132,0.46514874503728676,8278618.109546888,1269344.281549906,0.6477706811078567,0.809619266783405,6.521964316440971,0.7181723713874817
196,ideal,79120339.95094915,42485202.868746355,121605542.8196955,0.6506310330628666,0.3493689669371334,12780167.968374692,945604.0406808642,1.0,1.0,13.515348304954973,0.0
197,before,40122692.12125106,76607286.6242943,116729978.74554536,0.34372226014632273,0.6562777398536773,3868087.7930874717,2964361.9417823567,0.3026632985309185,0.5071097033471447,1.304863531867414,1.921156644821167
197,residual_best_compensated,63061203.09672246,56722414.70119021,119783617.79791267,0.5264593293810279,0.4735406706189721,8896690.710277868,1462498.6625008848,0.6961325338049761,0.797028970500094,6.083212886543399,0.9809975624084473
197,residual_physics_l0p05_compensated,51053100.43356036,67285777.968707,118338878.40226735,0.4314144355840218,0.5685855644159782,5387547.523846548,1963632.5707727198,0.42155529858280144,0.6452588609352646,2.7436637607444374,1.3962410688400269
197,ideal,79120339.95094915,42485202.868746355,121605542.8196955,0.6506310330628666,0.3493689669371334,12780167.968374692,945604.0406808642,1.0,1.0,13.515348304954973,0.0
198,before,33201041.267175622,83024066.50638828,116225107.7735639,0.28566152273964507,0.7143384772603549,4437131.550165346,3286016.4736897,0.3471888289062632,0.4196271311240408,1.3503071532636346,1.798727035522461
198,residual_best_compensated,54706263.32344489,63916959.642516956,118623222.96596184,0.46117667313037425,0.5388233268696258,5459205.952186081,1863058.8791030445,0.42716230065952343,0.6914310954346274,2.930238015244249,1.022336483001709
198,residual_physics_l0p05_compensated,53514804.419147894,65005202.43246147,118520006.85160936,0.4515254921150152,0.5484745078849848,6130007.652418306,1893548.881724151,0.47965000675948744,0.6763722761090831,3.2373115431996093,1.0647621154785156
198,ideal,79120339.95094915,42485202.868746355,121605542.8196955,0.6506310330628666,0.3493689669371334,12780167.968374692,945604.0406808642,1.0,1.0,13.515348304954973,0.0
199,before,46479128.98975139,70709410.57706442,117188539.56681582,0.39661838232271,0.6033816176772899,4675055.021491201,2525811.4343907475,0.36580544426801825,0.5874485501271385,1.8509121297959734,1.933266520500183
199,residual_best_compensated,73249447.6111805,47731314.65190266,120980762.26308316,0.6054635980214211,0.39453640197857887,11621114.288896332,865965.9164674305,0.9093084157933988,0.9257979383884306,13.41982873448739,0.6158214807510376
199,residual_physics_l0p05_compensated,70778692.38766952,49925215.72800879,120703908.11567831,0.586382773288813,0.41361722671118695,11041755.68378386,837635.7385811794,0.8639757874158901,0.8945701248446221,13.182049398330143,0.7252010703086853
199,ideal,79120339.95094915,42485202.868746355,121605542.8196955,0.6506310330628666,0.3493689669371334,12780167.968374692,945604.0406808642,1.0,1.0,13.515348304954973,0.0
200,before,57913834.29745521,61144590.03115526,119058424.32861046,0.48643205740409046,0.5135679425959095,8276951.696333254,2210144.2338370713,0.647640290551351,0.7319715048413472,3.744982598698316,1.3475406169891357
200,residual_best_compensated,67173204.52989008,53241973.24493463,120415177.77482471,0.5578466582967088,0.4421533417032913,10898988.562617734,872592.9390186178,0.8528047979954527,0.8490004538849842,12.490346959345715,1.0365122556686401
200,residual_physics_l0p05_compensated,65082014.30083292,55119356.2176236,120201370.51845652,0.5414415328221219,0.458558467177878,10530395.455101762,1054492.7822661584,0.8239637758408083,0.8225699528235176,9.986218618273906,1.0989882946014404
200,ideal,79120339.95094915,42485202.868746355,121605542.8196955,0.6506310330628666,0.3493689669371334,12780167.968374692,945604.0406808642,1.0,1.0,13.515348304954973,0.0
201,before,37050485.813713774,79462974.86455761,116513460.67827138,0.31799317948353867,0.6820068205164613,3501656.1563432203,2963061.7804270484,0.2739914033217938,0.4682801645782022,1.1817695396950338,2.3089568614959717
201,residual_best_compensated,71887547.84432508,48853239.68945472,120740787.5337798,0.5953874354531025,0.40461256454689754,10708238.996711064,815580.9479093916,0.837879363026312,0.9085849212590839,13.129584530094633,0.48580402135849
201,residual_physics_l0p05_compensated,69968328.18467116,50548752.8553527,120517081.04002386,0.5805677301579732,0.4194322698420268,10204683.538168335,853271.8290575877,0.7984780453136805,0.884327951928015,11.959475504352573,0.5780522227287292
201,ideal,79120339.95094915,42485202.868746355,121605542.8196955,0.6506310330628666,0.3493689669371334,12780167.968374692,945604.0406808642,1.0,1.0,13.515348304954973,0.0
202,before,49785080.99175622,68476878.77132165,118261959.76307787,0.42097290702347584,0.5790270929765242,5900167.563967593,2271648.5084794774,0.4616658856572088,0.6292323948888567,2.597306555985132,1.0313736200332642
202,residual_best_compensated,75466903.30148731,45728725.88685158,121195629.18833889,0.6226866744856879,0.3773133255143121,11924003.130572796,908738.1306665506,0.9330083266573234,0.9538243054601788,13.121495322119536,0.4495812952518463
202,residual_physics_l0p05_compensated,75860795.6698156,45383935.88268237,121244731.55249797,0.6256832333945043,0.37431676660549573,12045165.503928628,915114.1470121727,0.9424888259477596,0.9588027012629836,13.162473275334913,0.386585533618927
202,ideal,79120339.95094915,42485202.868746355,121605542.8196955,0.6506310330628666,0.3493689669371334,12780167.968374692,945604.0406808642,1.0,1.0,13.515348304954973,0.0
203,before,32696806.5056377,83415676.81693813,116112483.32257584,0.281595962552981,0.718404037447019,3687158.3420132124,3343045.9610296325,0.2885062505545554,0.4132541205701109,1.1029337870298366,1.7670979499816895
203,residual_best_compensated,53177163.8586376,65285385.447303906,118462549.3059415,0.4488943060080718,0.5511056939919282,5118414.956405605,2453629.8941981653,0.4004966890162505,0.6721048454999677,2.0860582798198584,1.0131185054779053
203,residual_physics_l0p05_compensated,52034368.909737006,66328518.77715927,118362887.68689628,0.4396172645549406,0.5603827354450593,4994846.6451391475,2766855.507570919,0.39082793414759504,0.6576610886909212,1.805243039064309,1.005372166633606
203,ideal,79120339.95094915,42485202.868746355,121605542.8196955,0.6506310330628666,0.3493689669371334,12780167.968374692,945604.0406808642,1.0,1.0,13.515348304954973,0.0
204,before,38194628.905609116,78491468.31947881,116686097.22508793,0.32732801776660275,0.6726719822333973,4033906.986480287,3242457.847227185,0.3156380257647972,0.48274096053287907,1.2440892608457241,1.6814801692962646
204,residual_best_compensated,63730710.73038241,56035906.07157382,119766616.80195624,0.5321241630776486,0.46787583692235135,8336206.320999952,2011940.0287373946,0.652276741716416,0.805490860755811,4.14336719878842,0.7041174173355103
204,residual_physics_l0p05_compensated,60939897.49450588,58503251.20412968,119443148.69863556,0.5102000253548408,0.48979997464515923,7598232.860430581,2330526.844836146,0.5945330984094163,0.7702178419896291,3.260306946159547,0.7724529504776001
204,ideal,79120339.95094915,42485202.868746355,121605542.8196955,0.6506310330628666,0.3493689669371334,12780167.968374692,945604.0406808642,1.0,1.0,13.515348304954973,0.0
205,before,38048383.79430046,78564449.00198138,116612832.79628183,0.32627956016444204,0.673720439835558,4329719.80835266,3350175.538145622,0.3387842647347685,0.48089257222464726,1.2923859538265368,2.350335121154785
205,residual_best_compensated,55278202.56658985,63518603.70824826,118796806.2748381,0.4653172446294805,0.5346827553705195,6316438.851820916,1790035.2495602684,0.4942375458171857,0.6986598212401477,3.528667300474995,1.1626009941101074
205,residual_physics_l0p05_compensated,59376250.04961362,59946092.532811634,119322342.58242525,0.497612171908189,0.5023878280918109,7683441.457798511,1633917.1977527281,0.601200350168453,0.7504549409977772,4.702466849829497,1.0837481021881104
205,ideal,79120339.95094915,42485202.868746355,121605542.8196955,0.6506310330628666,0.3493689669371334,12780167.968374692,945604.0406808642,1.0,1.0,13.515348304954973,0.0
206,before,42293893.62865073,74650862.61165226,116944756.24030298,0.3616570335290919,0.6383429664709082,6271720.321562319,3759301.5400712914,0.49073848928136743,0.5345514649566842,1.6683206320936368,2.00960373878479
206,residual_best_compensated,63829282.64369668,55921797.15535444,119751079.79905112,0.5330163431578715,0.46698365684212856,8331467.3591560805,1402631.8118901947,0.6519059358040369,0.8067367087055971,5.939881933754624,0.7423385381698608
206,residual_physics_l0p05_compensated,64714570.2410877,55140818.69896143,119855388.94004913,0.5399387613139155,0.46006123868608445,8570702.460336555,1392493.0352025237,0.6706251812609414,0.817925836532144,6.154933808405034,0.7134092450141907
206,ideal,79120339.95094915,42485202.868746355,121605542.8196955,0.6506310330628666,0.3493689669371334,12780167.968374692,945604.0406808642,1.0,1.0,13.515348304954973,0.0
207,before,43446667.280458406,73620167.09601848,117066834.37647688,0.37112703620854437,0.6288729637914556,3706880.8522726265,2539691.4798085303,0.2900494626866822,0.5491213423424782,1.4595791976087158,1.7748665809631348
207,residual_best_compensated,72455585.45222452,48339273.475191996,120794858.92741652,0.599823420430184,0.400176579569816,10799537.380665693,851687.7642191517,0.8450231176452305,0.9157643343942095,12.68016030565729,0.49950531125068665
207,residual_physics_l0p05_compensated,72604363.40980832,48231374.09318729,120835737.50299561,0.6008517422919557,0.3991482577080443,10982515.664499087,815232.2333337263,0.8593404790669414,0.9176447352832354,13.471640614096335,0.49475976824760437
207,ideal,79120339.95094915,42485202.868746355,121605542.8196955,0.6506310330628666,0.3493689669371334,12780167.968374692,945604.0406808642,1.0,1.0,13.515348304954973,0.0
208,before,33456188.271112747,82975435.76493835,116431624.03605111,0.2873462304429731,0.7126537695570269,3389741.600839955,3389741.600839955,0.2652345109413333,0.42285192773254,1.0,1.9186533689498901
208,residual_best_compensated,40664810.63895157,76320653.6742885,116985464.31324007,0.34760566945366433,0.6523943305463357,4004590.1215257966,2747974.782482118,0.3133440915201897,0.5139615257487749,1.457287798656084,1.5286256074905396
208,residual_physics_l0p05_compensated,48622261.43091528,69361662.73347056,117983924.16438584,0.4121092070405317,0.5878907929594682,4391188.675068614,3059352.425109212,0.3435939719990284,0.6145355475097651,1.435332732191473,1.153230905532837
208,ideal,79120339.95094915,42485202.868746355,121605542.8196955,0.6506310330628666,0.3493689669371334,12780167.968374692,945604.0406808642,1.0,1.0,13.515348304954973,0.0
209,before,35639135.578040935,80714135.94099504,116353271.51903598,0.30630110449632003,0.6936988955036799,3722386.7775062136,3043385.0812808867,0.29126274292462256,0.4504421442088786,1.2231073880205627,1.8411924839019775
209,residual_best_compensated,66050180.56509141,53811107.511568524,119861288.07665993,0.5510551540447952,0.44894484595520484,8172958.834192231,1008491.2595171925,0.6395032408350749,0.8348065820500693,8.104144440582433,0.8397479057312012
209,residual_physics_l0p05_compensated,53929109.27744234,64627518.81108711,118556628.08852945,0.45488059290259175,0.5451194070974082,5480539.384753056,2241304.7185547934,0.4288315613937928,0.681608664862611,2.445245101829322,1.0416876077651978
209,ideal,79120339.95094915,42485202.868746355,121605542.8196955,0.6506310330628666,0.3493689669371334,12780167.968374692,945604.0406808642,1.0,1.0,13.515348304954973,0.0
210,before,35878517.041167445,80653371.68695512,116531888.72812256,0.30788582792882263,0.6921141720711774,2532835.5002422957,2244598.7965036873,0.1981848365772619,0.4534676805409383,1.1284134626587086,1.5416878461837769
210,residual_best_compensated,54382811.59888271,64189634.724328406,118572446.32321112,0.4586462815369697,0.5413537184630303,5266225.644916053,2128598.3422417464,0.4120623185820132,0.6873429971685848,2.474034457515313,1.0017898082733154
210,residual_physics_l0p05_compensated,67258022.65140824,52797768.46766055,120055791.11906879,0.5602230598331001,0.4397769401668999,8544436.179687489,969507.6151757858,0.6685699437465313,0.8500724680038663,8.813170774463961,0.6979987025260925
210,ideal,79120339.95094915,42485202.868746355,121605542.8196955,0.6506310330628666,0.3493689669371334,12780167.968374692,945604.0406808642,1.0,1.0,13.515348304954973,0.0
211,before,49708127.4303312,67782153.40324305,117490280.83357425,0.42308288887949025,0.5769171111205097,3768841.267749836,2160909.457299283,0.2948976317898219,0.628259780748514,1.744099575768508,2.0969393253326416
211,residual_best_compensated,49431039.40183463,68426266.95598745,117857306.35782208,0.41941429792870827,0.5805857020712918,5578234.458710051,1979552.9236414416,0.4364758329087485,0.624757672078754,2.8179264075692085,1.2180830240249634
211,residual_physics_l0p05_compensated,53591350.099206254,64729346.14793751,118320696.24714376,0.4529330184743562,0.5470669815256438,5341987.211175334,2576295.1438556467,0.41799037574423187,0.6773397350470226,2.0735152274442403,1.1895971298217773
211,ideal,79120339.95094915,42485202.868746355,121605542.8196955,0.6506310330628666,0.3493689669371334,12780167.968374692,945604.0406808642,1.0,1.0,13.515348304954973,0.0
212,before,49364149.01161424,68160834.15680972,117524983.16842397,0.42003110896745194,0.579968891032548,7028735.902429864,4643273.22780121,0.5499721067690895,0.6239122461078613,1.5137459196555343,1.698012113571167
212,residual_best_compensated,66354193.45983955,53895933.833520204,120250127.29335976,0.5518014404921436,0.44819855950785636,10203759.170550564,1174554.6201523792,0.7984057170297285,0.8386489934317269,8.687343266528375,0.9523540735244751
212,residual_physics_l0p05_compensated,64227127.93679538,55805133.61339159,120032261.55018698,0.5350822112931799,0.4649177887068201,9824314.39040116,1427468.1516513748,0.768715592370306,0.8117650654258204,6.882335258433504,1.0352116823196411
212,ideal,79120339.95094915,42485202.868746355,121605542.8196955,0.6506310330628666,0.3493689669371334,12780167.968374692,945604.0406808642,1.0,1.0,13.515348304954973,0.0
213,before,49109707.306430504,68814616.20757893,117924323.51400943,0.41645104116790854,0.5835489588320915,5835243.748398964,3927484.505803129,0.4565858416601904,0.620696363752686,1.4857458354773874,1.4858014583587646
213,residual_best_compensated,66922888.62180011,53407631.8395094,120330520.46130951,0.5561588894092598,0.44384111059074016,10470150.039466977,1282879.3386335694,0.819249799014849,0.8458367173762034,8.161445682505907,0.8997712135314941
213,residual_physics_l0p05_compensated,59177160.68172784,60080676.90562561,119257837.58735345,0.49621192098491657,0.5037880790150835,8006655.921606268,2084236.0408741473,0.6264906643965266,0.7479386554508597,3.841530308749581,1.2982581853866577
213,ideal,79120339.95094915,42485202.868746355,121605542.8196955,0.6506310330628666,0.3493689669371334,12780167.968374692,945604.0406808642,1.0,1.0,13.515348304954973,0.0
214,before,30761938.050341703,85499563.8331505,116261501.8834922,0.2645926428953998,0.7354073571046003,3991399.7133251107,3991399.7133251107,0.31231199176740665,0.38879936650187097,1.0,2.3971309661865234
214,residual_best_compensated,64433157.739343174,55397261.89437189,119830419.63371506,0.5377028465417681,0.46229715345823186,8428961.505865015,1824912.6003312664,0.6595344855187347,0.8143690709530402,4.618830241149604,0.6883950233459473
214,residual_physics_l0p05_compensated,68119376.24542606,52171768.891305014,120291145.13673107,0.566287536526458,0.433712463473542,9601390.560348468,1507066.5492074024,0.7512726424337847,0.8609590945597154,6.370913457934581,0.585018515586853
214,ideal,79120339.95094915,42485202.868746355,121605542.8196955,0.6506310330628666,0.3493689669371334,12780167.968374692,945604.0406808642,1.0,1.0,13.515348304954973,0.0
215,before,65158169.007640354,54086667.47322928,119244836.48086964,0.5464234002123323,0.4535765997876677,9935544.19218843,2230779.1669845255,0.7774189053519909,0.8235324702603063,4.453844799715826,1.086338758468628
215,residual_best_compensated,76498579.26150332,44785687.922174245,121284267.18367757,0.6307378610421988,0.3692621389578013,11982681.567428043,890298.8735299652,0.9375996932966705,0.9668636321447659,13.459167391639676,0.29315587878227234
215,residual_physics_l0p05_compensated,77066824.63387597,44290508.44819179,121357333.08206776,0.6350405259957353,0.36495947400426465,12173534.74558693,912418.4587735628,0.9525332355342345,0.9740456712098777,13.342052244263142,0.25686851143836975
215,ideal,79120339.95094915,42485202.868746355,121605542.8196955,0.6506310330628666,0.3493689669371334,12780167.968374692,945604.0406808642,1.0,1.0,13.515348304954973,0.0
216,before,41782253.46685626,75297103.1616553,117079356.62851158,0.35687122538117283,0.6431287746188271,5217527.238120783,3489518.9213558906,0.4082518516995922,0.5280848577339187,1.495199583584277,2.2629218101501465
216,residual_best_compensated,74711534.41082445,46360541.60569367,121072076.01651812,0.6170831199807906,0.3829168800192094,11451043.66634032,903722.6038961872,0.896001030242844,0.9442772169222484,12.670971841328127,0.35780069231987
216,residual_physics_l0p05_compensated,76541489.46349996,44750333.80214661,121291823.26564658,0.631052344689906,0.368947655310094,11997201.287644107,918197.0571687593,0.9387358067070727,0.9674059731157886,13.066041972120034,0.28096330165863037
216,ideal,79120339.95094915,42485202.868746355,121605542.8196955,0.6506310330628666,0.3493689669371334,12780167.968374692,945604.0406808642,1.0,1.0,13.515348304954973,0.0
217,before,31034275.3914827,85264382.60966787,116298658.00115056,0.26684981516446793,0.7331501848355321,4394338.413238455,3368484.31053118,0.34384042714559887,0.3922414313528288,1.3045447174861582,2.38010311126709
217,residual_best_compensated,63289652.95965125,56437358.97122285,119727011.9308741,0.5286163242442927,0.4713836757557073,8360729.836803926,1782757.7266678056,0.6541956144467791,0.7999163426103556,4.6897734401808835,0.8097587823867798
217,residual_physics_l0p05_compensated,59782577.90146822,59486456.47212146,119269034.37358968,0.5012414011352654,0.4987585988647346,7143461.2725314135,1754971.8975080226,0.558948934803388,0.755590508566199,4.0704134822185996,0.9036140441894531
217,ideal,79120339.95094915,42485202.868746355,121605542.8196955,0.6506310330628666,0.3493689669371334,12780167.968374692,945604.0406808642,1.0,1.0,13.515348304954973,0.0
218,before,24344248.162144218,91355758.25733972,115700006.41948393,0.21040835619214482,0.7895916438078552,4276635.977949096,4276635.977949096,0.33463065497510625,0.30768634433619085,1.0,2.1411445140838623
218,residual_best_compensated,64454742.39928735,55426909.70463634,119881652.1039237,0.5376531042749766,0.4623468957250234,8812263.938890403,1061719.939572936,0.6895264569837337,0.8146418789308315,8.299989112416059,0.8354346752166748
218,residual_physics_l0p05_compensated,67489508.25354454,52771113.78196864,120260622.03551318,0.5611937399892607,0.4388062600107393,9791085.68409146,1035212.4762248363,0.7661155712757532,0.8529982087461306,9.458044516423456,0.7448962330818176
218,ideal,79120339.95094915,42485202.868746355,121605542.8196955,0.6506310330628666,0.3493689669371334,12780167.968374692,945604.0406808642,1.0,1.0,13.515348304954973,0.0
219,before,37337275.03430057,79201740.96566746,116539015.99996802,0.32038433406980904,0.6796156659301911,7155348.68876381,4984251.391825578,0.5598790803430878,0.4719048863724285,1.435591451205479,1.9022912979125977
219,residual_best_compensated,71666276.69817689,49151797.57739319,120818074.27557008,0.593175128207354,0.4068248717926461,11334213.744628228,862765.2153697595,0.8868595289729708,0.9057882807708685,13.137077785143052,0.7228081822395325
219,residual_physics_l0p05_compensated,72528826.13562042,48360721.20585263,120889547.34147304,0.5999594483611592,0.4000405516388407,11371466.25254168,862835.9937684863,0.8897743973851572,0.9166900215618998,13.179174645781918,0.6455346345901489
219,ideal,79120339.95094915,42485202.868746355,121605542.8196955,0.6506310330628666,0.3493689669371334,12780167.968374692,945604.0406808642,1.0,1.0,13.515348304954973,0.0
220,before,36848875.61763358,79577320.10810983,116426195.72574341,0.31649986833234467,0.6835001316676553,6650607.800174764,4629597.743019362,0.5203850071949054,0.4657320183467125,1.4365411790263503,1.996124267578125
220,residual_best_compensated,67467797.71298061,52933879.10725303,120401676.82023364,0.5603559642588181,0.4396440357411819,10654417.180139584,995447.286529289,0.8336680086290409,0.8527238097663312,10.70314553499574,0.9633249640464783
220,residual_physics_l0p05_compensated,65865060.21096552,54409247.281506084,120274307.4924716,0.5476236910787305,0.4523763089212694,10618209.05271226,957316.1469908077,0.8308348590556609,0.8324668505190793,11.091643117155337,1.0695183277130127
220,ideal,79120339.95094915,42485202.868746355,121605542.8196955,0.6506310330628666,0.3493689669371334,12780167.968374692,945604.0406808642,1.0,1.0,13.515348304954973,0.0
221,before,21997597.472210042,93372334.90913296,115369932.381343,0.19067010804426346,0.8093298919557365,4245915.926666179,3859790.6162953814,0.3322269266861717,0.2780270848917928,1.100037890330279,1.823421835899353
221,residual_best_compensated,61870524.5494242,57989439.36690302,119859963.91632722,0.5161900815573018,0.4838099184426982,9890355.375959748,1309113.317640092,0.773883050710604,0.7819800140871612,7.5550032550191,1.2687562704086304
221,residual_physics_l0p05_compensated,65885472.684910245,54422535.494551994,120308008.17946224,0.547639959150762,0.452360040849238,10836536.707397845,889429.2528674293,0.8479181755837262,0.8327248432673079,12.183697210837124,1.1136757135391235
221,ideal,79120339.95094915,42485202.868746355,121605542.8196955,0.6506310330628666,0.3493689669371334,12780167.968374692,945604.0406808642,1.0,1.0,13.515348304954973,0.0
222,before,44136975.883251354,73010229.03968361,117147204.92293496,0.3767650787083377,0.6232349212916624,4396728.423715087,3097112.4633363294,0.34402743646210754,0.5578461355274027,1.4196218173423256,1.622995138168335
222,residual_best_compensated,64130295.261000305,55814154.37326312,119944449.63426343,0.5346666349009683,0.46533336509903167,9359604.092308147,1447875.878213793,0.7323537621312224,0.8105411996555885,6.464369103140836,0.9956110715866089
222,residual_physics_l0p05_compensated,67100980.71918517,53262928.73070593,120363909.4498911,0.5574842245143267,0.4425157754856734,10599503.816356279,967078.7840795697,0.8293712447743566,0.8480876189458311,10.960331247928782,0.9598096609115601
222,ideal,79120339.95094915,42485202.868746355,121605542.8196955,0.6506310330628666,0.3493689669371334,12780167.968374692,945604.0406808642,1.0,1.0,13.515348304954973,0.0
223,before,54586317.771703295,63392198.72134667,117978516.49304996,0.46268015054180595,0.537319849458194,4444602.797927939,2075958.895893417,0.34777342589912597,0.6899151066027297,2.1409878619080964,1.70197331905365
223,residual_best_compensated,58644108.678530656,60320257.4418569,118964366.12038755,0.49295524862617246,0.5070447513738275,6525632.2572236825,1303131.0874032164,0.5106061417480395,0.741201424499531,5.007656037296663,1.1775054931640625
223,residual_physics_l0p05_compensated,49948394.70359596,68146256.4762645,118094651.17986046,0.42295221844995823,0.5770477815500418,4394554.4603607645,2059577.518892441,0.34385733201905944,0.631296512812781,2.133716463716297,1.159706473350525
223,ideal,79120339.95094915,42485202.868746355,121605542.8196955,0.6506310330628666,0.3493689669371334,12780167.968374692,945604.0406808642,1.0,1.0,13.515348304954973,0.0
224,before,41091065.35516797,75961106.39774062,117052171.75290859,0.35104914962115524,0.6489508503788447,4737386.262987449,4370073.690177042,0.37068262911022776,0.5193489484580385,1.084051802978985,1.3988726139068604
224,residual_best_compensated,58693315.89698071,60429399.05906605,119122714.95604676,0.4927130473699919,0.5072869526300081,6797962.408961939,1895455.8025832162,0.5319149502403969,0.7418233533041918,3.5864526092865665,0.897370457649231
224,residual_physics_l0p05_compensated,52891278.44879422,65535491.51555305,118426769.96434727,0.44661589997529527,0.5533841000247047,5149402.550180978,2335693.1482711784,0.4029213514973739,0.6684915469471479,2.2046571288666224,1.0587823390960693
224,ideal,79120339.95094915,42485202.868746355,121605542.8196955,0.6506310330628666,0.3493689669371334,12780167.968374692,945604.0406808642,1.0,1.0,13.515348304954973,0.0
225,before,45150699.43188166,71983591.26134953,117134290.69323118,0.38546098810747975,0.6145390118925204,7829031.974740631,6020654.671959648,0.6125922596724902,0.5706585621329856,1.3003622365526537,1.7653623819351196
225,residual_best_compensated,72572386.93098782,48262016.292539,120834403.22352682,0.6005937464410612,0.3994062535589388,10946166.289561257,842028.4982469897,0.8564962774079508,0.917240585366282,12.999757505060655,0.4654864966869354
225,residual_physics_l0p05_compensated,74734215.2455606,46352191.78877851,121086407.03433912,0.6171973970981449,0.38280260290185514,11533686.366623266,881587.4030050962,0.902467510220842,0.9445638794258501,13.082862036490093,0.3703911602497101
225,ideal,79120339.95094915,42485202.868746355,121605542.8196955,0.6506310330628666,0.3493689669371334,12780167.968374692,945604.0406808642,1.0,1.0,13.515348304954973,0.0
226,before,44199716.99097633,72855039.72508259,117054756.71605892,0.3775986404225511,0.6224013595774489,3812763.9321188615,2760319.870241474,0.2983344148178474,0.5586391188204962,1.381276124272264,2.0918514728546143
226,residual_best_compensated,57441794.29391021,61702553.74760089,119144348.0415111,0.4821193387528287,0.5178806612471714,7461970.082482783,1898997.3802783347,0.5838710493436303,0.7260054030293778,3.9294262119461627,1.1544197797775269
226,residual_physics_l0p05_compensated,56934012.040634856,62207599.203924775,119141611.24455963,0.4778684075689352,0.5221315924310648,7630607.010622342,2571258.528016049,0.5970662537068955,0.7195875558160043,2.9676545269487247,1.1874250173568726
226,ideal,79120339.95094915,42485202.868746355,121605542.8196955,0.6506310330628666,0.3493689669371334,12780167.968374692,945604.0406808642,1.0,1.0,13.515348304954973,0.0
227,before,50800520.37680878,67308586.66541055,118109107.04221933,0.43011518458648246,0.5698848154135175,5251649.843452836,2300543.807332461,0.4109218170252821,0.6420665079081143,2.2827862815367372,1.2209382057189941
227,residual_best_compensated,67349080.03700192,52826500.19096388,120175580.2279658,0.560422341288012,0.43957765871198795,9265809.315406993,1463738.2911246505,0.7250146741682743,0.8512233400255251,6.330236334999264,0.6062312126159668
227,residual_physics_l0p05_compensated,60775418.74975311,58625984.159202404,119401402.90895551,0.5090008766152843,0.49099912338471574,7477147.1698101405,2010800.6591928138,0.5850585992541568,0.7681389992438226,3.7184924998043596,0.8019978404045105
227,ideal,79120339.95094915,42485202.868746355,121605542.8196955,0.6506310330628666,0.3493689669371334,12780167.968374692,945604.0406808642,1.0,1.0,13.515348304954973,0.0
228,before,52395780.17032642,65874539.87507447,118270320.04540089,0.443017150458484,0.556982849541516,5823462.370539458,1700265.0393787203,0.45566399322371753,0.6622289565844802,3.425032118914449,1.095819354057312
228,residual_best_compensated,58770455.31776665,60377086.25636913,119147541.57413578,0.4932578091105522,0.5067421908894478,6899510.226145603,1953108.813279071,0.539860684399365,0.742798316516354,3.5325785123881692,0.8663807511329651
228,residual_physics_l0p05_compensated,61879109.82123308,57627011.07625498,119506120.89748806,0.5177902969029743,0.4822097030970257,7708688.364463148,1862564.651301118,0.6031758255086137,0.7820885231230703,4.138749416874279,0.7862601280212402
228,ideal,79120339.95094915,42485202.868746355,121605542.8196955,0.6506310330628666,0.3493689669371334,12780167.968374692,945604.0406808642,1.0,1.0,13.515348304954973,0.0
229,before,43166608.04839384,73780829.85246715,116947437.90086098,0.36911119066145903,0.6308888093385411,6318348.488212626,3692085.140786724,0.49438696767114226,0.5455816807050511,1.7113225311121314,1.7715044021606445
229,residual_best_compensated,73041005.14542936,47855991.84303188,120896996.98846124,0.6041589697418258,0.39584103025817424,11147006.246147094,844933.133097798,0.8722112474367351,0.9231634392712583,13.19276734394184,0.4957728087902069
229,residual_physics_l0p05_compensated,71003716.35169998,49633523.531660646,120637239.88336062,0.5885721226741483,0.4114278773258518,10455476.023339922,841767.1543559433,0.818101612530652,0.8974141971042959,12.420864807132636,0.5834411978721619
229,ideal,79120339.95094915,42485202.868746355,121605542.8196955,0.6506310330628666,0.3493689669371334,12780167.968374692,945604.0406808642,1.0,1.0,13.515348304954973,0.0
230,before,59896813.74676598,58609136.490613796,118505950.23737977,0.5054329645624243,0.4945670354375758,8106499.922005625,3515244.0076304255,0.6343030813104847,0.7570343325609971,2.306098781310518,1.3616265058517456
230,residual_best_compensated,75376860.00429957,45780812.90705778,121157672.91135734,0.6221385587312128,0.3778614412687872,11721892.81361623,881042.4541706973,0.9171939557150399,0.952686250476548,13.304572053397527,0.3863978087902069
230,residual_physics_l0p05_compensated,74022715.38840787,46981146.72628504,121003862.11469291,0.6117384527631508,0.3882615472368493,11392603.325569209,853584.5086283498,0.891428293725161,0.9355712505064872,13.346778450649627,0.44284874200820923
230,ideal,79120339.95094915,42485202.868746355,121605542.8196955,0.6506310330628666,0.3493689669371334,12780167.968374692,945604.0406808642,1.0,1.0,13.515348304954973,0.0
231,before,46083998.83823166,71199199.68040189,117283198.51863354,0.3929292466466115,0.6070707533533886,3997636.5077099153,2691358.231080141,0.31279999743370446,0.5824545100135003,1.4853602398761747,1.4544944763183594
231,residual_best_compensated,47889149.83849674,69979687.20506793,117868837.04356466,0.40629186678745943,0.5937081332125407,3944389.7903018678,2655089.816571546,0.30863364237954477,0.6052697684082973,1.4855956155167527,1.1989996433258057
231,residual_physics_l0p05_compensated,40697909.25778133,76323492.38290028,117021401.64068161,0.34778176202969874,0.6522182379703013,3881841.681288557,2713903.0199721614,0.3037394884710758,0.5143798583652711,1.4303538677400405,1.4865034818649292
231,ideal,79120339.95094915,42485202.868746355,121605542.8196955,0.6506310330628666,0.3493689669371334,12780167.968374692,945604.0406808642,1.0,1.0,13.515348304954973,0.0
232,before,54952456.685144074,63248611.88521575,118201068.57035983,0.4649065981364908,0.5350934018635092,6344098.890203208,1823506.9701743764,0.49640183962386636,0.6945427271825676,3.47906478777898,1.3593075275421143
232,residual_best_compensated,66289563.27563329,53693899.05451672,119983462.33015001,0.5524891679924104,0.4475108320075896,8518993.667188277,1793353.387726115,0.666579162986672,0.8378321341481807,4.750315094332828,0.7898374199867249
232,residual_physics_l0p05_compensated,59320294.548467584,60004551.680562474,119324846.22903006,0.49713279692486867,0.5028672030751313,7587145.898758972,2313732.498102563,0.5936655854237464,0.7497477208167123,3.2791802444668994,0.9395235776901245
232,ideal,79120339.95094915,42485202.868746355,121605542.8196955,0.6506310330628666,0.3493689669371334,12780167.968374692,945604.0406808642,1.0,1.0,13.515348304954973,0.0
233,before,57142000.71060767,61163760.328303285,118305761.03891096,0.48300268903907034,0.5169973109609297,6615196.40658989,2388301.6049368693,0.5176141990433615,0.7222163194196713,2.7698329193078406,1.7732242345809937
233,residual_best_compensated,40957401.78772218,76025356.03143418,116982757.81915635,0.350114859243088,0.6498851407569121,4778265.48513026,2642201.855251779,0.3738812742488495,0.5176595779683685,1.808440742569584,1.714544415473938
233,residual_physics_l0p05_compensated,42638396.26707738,74660164.52395076,117298560.79102813,0.3635031493953222,0.6364968506046779,4694136.624802988,3073781.248259268,0.36729850784582146,0.538905625197151,1.527153771095895,1.5551903247833252
233,ideal,79120339.95094915,42485202.868746355,121605542.8196955,0.6506310330628666,0.3493689669371334,12780167.968374692,945604.0406808642,1.0,1.0,13.515348304954973,0.0
234,before,49718978.81950692,68077882.6903587,117796861.50986561,0.4220738836521795,0.5779261163478205,6845604.3982961,2872553.1979111503,0.5356427564360631,0.6283969311852088,2.3831079623778786,1.5307705402374268
234,residual_best_compensated,63217001.58930297,56550035.12592508,119767036.71522805,0.527833060941593,0.472166939058407,8672699.633591896,1467553.692610015,0.6786060758397716,0.7989981037555515,5.909630207919461,0.9156599044799805
234,residual_physics_l0p05_compensated,66441339.48433241,53710439.423148766,120151778.90748118,0.5529784085468541,0.4470215914531459,9573966.463089384,1236139.0241525162,0.7491268101311931,0.8397504298581489,7.7450564022547495,0.814821720123291
234,ideal,79120339.95094915,42485202.868746355,121605542.8196955,0.6506310330628666,0.3493689669371334,12780167.968374692,945604.0406808642,1.0,1.0,13.515348304954973,0.0
235,before,56562668.5693682,61736514.06628537,118299182.63565357,0.47813237005680775,0.5218676299431922,7115284.2334647,2835813.845951662,0.5567441876407185,0.7148941549598291,2.5090801512314727,1.3126952648162842
235,residual_best_compensated,77069916.19766574,44286160.68149467,121356076.8791604,0.6350725746878556,0.36492742531214445,12180594.136776501,923249.0517276527,0.9530856063017424,0.974084745407381,13.193183479564114,0.2447776347398758
235,residual_physics_l0p05_compensated,76885643.97166894,44443016.76639503,121328660.73806398,0.6336972938130183,0.3663027061869817,12089152.241919907,937552.1708881778,0.945930622495358,0.971755733346626,12.894378166142378,0.258606493473053
235,ideal,79120339.95094915,42485202.868746355,121605542.8196955,0.6506310330628666,0.3493689669371334,12780167.968374692,945604.0406808642,1.0,1.0,13.515348304954973,0.0
236,before,27573069.671207685,88206659.03797741,115779728.7091851,0.2381510993212428,0.7618489006787572,2984255.349809202,2984255.349809202,0.23350673928495497,0.34849533872455146,1.0,1.8633254766464233
236,residual_best_compensated,74299554.45059453,46733434.89247504,121032989.34306957,0.613878537197751,0.386121462802249,11428441.094302023,901465.6430637588,0.894232464125855,0.939070212497276,12.677622472067648,0.4513150453567505
236,residual_physics_l0p05_compensated,56915701.473983146,62083550.40683261,118999251.88081576,0.4782862125132293,0.5217137874867707,6823724.139638225,1782096.636740564,0.5339307086201017,0.7193561290215408,3.8290427123630875,1.1000066995620728
236,ideal,79120339.95094915,42485202.868746355,121605542.8196955,0.6506310330628666,0.3493689669371334,12780167.968374692,945604.0406808642,1.0,1.0,13.515348304954973,0.0
237,before,39218505.589565806,77665053.07610977,116883558.66567557,0.3355348351579823,0.6644651648420178,4894281.136303463,3871841.123438536,0.38295906191645224,0.4956817123621994,1.2640707560740276,1.4118812084197998
237,residual_best_compensated,65588136.00737093,54552365.72399265,120140501.73136358,0.5459286007813354,0.4540713992186646,9915479.438020686,1030138.5093136898,0.7758489139232869,0.8289668124281626,9.625384691837883,0.960813581943512
237,residual_physics_l0p05_compensated,67984825.10604331,52417674.21231437,120402499.31835768,0.5646462946444644,0.43535370535553564,10434312.658346932,913603.68658856,0.816445658943394,0.8592585060705081,11.421049204944824,0.8711715340614319
237,ideal,79120339.95094915,42485202.868746355,121605542.8196955,0.6506310330628666,0.3493689669371334,12780167.968374692,945604.0406808642,1.0,1.0,13.515348304954973,0.0
238,before,38920756.26727876,77674694.69123724,116595450.958516,0.3338102468605447,0.6661897531394553,3946400.3879123298,2838048.6406029104,0.3087909640685427,0.4919184661163966,1.390533034371801,1.8767184019088745
238,residual_best_compensated,68784598.94104853,51588356.774045214,120372955.71509375,0.5714290102159844,0.4285709897840157,9785253.790276038,1023942.3961732055,0.7656592475537292,0.8693668275906261,9.556449490563732,0.5598502159118652
238,residual_physics_l0p05_compensated,65620346.11015386,54363878.20415712,119984224.31431098,0.54690811633915,0.45309188366085,8802523.668263596,1301561.6620758302,0.6887643174992676,0.8293739151125407,6.763047748521308,0.6593902707099915
238,ideal,79120339.95094915,42485202.868746355,121605542.8196955,0.6506310330628666,0.3493689669371334,12780167.968374692,945604.0406808642,1.0,1.0,13.515348304954973,0.0
239,before,42526122.521975674,74703384.48567194,117229507.00764762,0.36275954414106193,0.6372404558589381,4681356.779526297,4228737.600961558,0.36629853309523014,0.5374866001377123,1.1070341130794732,1.6070584058761597
239,residual_best_compensated,46345822.54106606,71376245.08391526,117722067.62498133,0.393688485736647,0.606311514263353,3585193.521919506,3585193.521919506,0.2805278874887472,0.5857636932525602,1.0,1.166839361190796
239,residual_physics_l0p05_compensated,50873044.73026131,67354852.57249734,118227897.30275865,0.43029645194471605,0.569703548055284,4644515.398076595,3388671.4880712116,0.3634158337800984,0.6429831413995464,1.3706006659029062,1.0674501657485962
239,ideal,79120339.95094915,42485202.868746355,121605542.8196955,0.6506310330628666,0.3493689669371334,12780167.968374692,945604.0406808642,1.0,1.0,13.515348304954973,0.0
240,before,34509601.21798169,81850127.50595164,116359728.72393334,0.29657684489671393,0.703423155103286,2850822.9774850663,2850822.9774850663,0.22306615879694244,0.4361659876509125,1.0,1.6277568340301514
240,residual_best_compensated,48114497.49997537,69913325.0559588,118027822.55593416,0.40765386040375007,0.5923461395962499,4653915.017545631,3362260.6769592613,0.36415131859471866,0.6081179318719316,1.3841624623092899,1.334787130355835
240,residual_physics_l0p05_compensated,55630591.45224723,62937491.53696042,118568082.98920766,0.46918690131231067,0.5308130986876893,5206545.019292237,2974300.414349354,0.4073925344468204,0.7031136555623441,1.7505108072384141,1.2897619009017944
240,ideal,79120339.95094915,42485202.868746355,121605542.8196955,0.6506310330628666,0.3493689669371334,12780167.968374692,945604.0406808642,1.0,1.0,13.515348304954973,0.0
241,before,38309256.98884088,78577413.11605185,116886670.10489273,0.3277470130209253,0.6722529869790747,5037446.821234493,3262530.4890973587,0.39416123745008386,0.4841897420131258,1.544030573221769,1.94321608543396
241,residual_best_compensated,65389917.362723544,54664830.882987976,120054748.24571152,0.5446674814468185,0.4553325185531815,9381965.216578536,1673156.9830412772,0.7341034358699183,0.8264615319305022,5.60734307161367,0.8253452777862549
241,residual_physics_l0p05_compensated,66059252.34669405,54068993.62679817,120128245.97349222,0.5499060758888533,0.4500939241111467,9537124.770808779,1505704.961188245,0.7462440864947142,0.8349212400711075,6.333993057499421,0.8250522613525391
241,ideal,79120339.95094915,42485202.868746355,121605542.8196955,0.6506310330628666,0.3493689669371334,12780167.968374692,945604.0406808642,1.0,1.0,13.515348304954973,0.0
242,before,38097610.55603012,78471847.44473276,116569458.00076288,0.32682326236586595,0.673176737634134,6542063.380634094,5868062.809532933,0.511891815258049,0.4815147480363308,1.1148591269347383,2.190051317214966
242,residual_best_compensated,63525972.2537154,56496410.014233984,120022382.26794939,0.5292843805740665,0.4707156194259336,10125317.016781196,1091166.7854157658,0.7922679139927513,0.8029031762641375,9.27934863131227,1.1493148803710938
242,residual_physics_l0p05_compensated,65922513.09541938,54355887.05707495,120278400.15249433,0.5480827231808859,0.45191727681911403,10618689.395706873,936589.2367130059,0.8308724440855136,0.8331929960903631,11.337616299087047,1.071816325187683
242,ideal,79120339.95094915,42485202.868746355,121605542.8196955,0.6506310330628666,0.3493689669371334,12780167.968374692,945604.0406808642,1.0,1.0,13.515348304954973,0.0
243,before,27126891.27167419,88759402.9988171,115886294.27049129,0.23408196320746144,0.7659180367925386,6707463.875871716,6707463.875871716,0.5248337809385406,0.3428561010795906,1.0,2.374556303024292
243,residual_best_compensated,76940485.33834292,44401712.17102781,121342197.50937073,0.6340785556681643,0.36592144433183565,12148317.582949772,934808.434788923,0.9505600875521768,0.9724488720099328,12.995515584637216,0.2796812951564789
243,residual_physics_l0p05_compensated,76587463.82402994,44721295.13418424,121308758.95821418,0.6313432309567286,0.3686567690432714,12097616.497319074,905163.1261315813,0.9465929185950738,0.9679870419099631,13.365122979568298,0.3153107762336731
243,ideal,79120339.95094915,42485202.868746355,121605542.8196955,0.6506310330628666,0.3493689669371334,12780167.968374692,945604.0406808642,1.0,1.0,13.515348304954973,0.0
244,before,25835137.757989794,89842446.6696149,115677584.42760469,0.22333745890206047,0.7766625410979395,4966023.4002042115,4966023.4002042115,0.3885726238100266,0.32652966069162936,1.0,1.846986174583435
244,residual_best_compensated,59528892.07559545,59676205.81322032,119205097.88881578,0.4993820996742846,0.5006179003257154,8103809.980631766,2109505.0319174007,0.6340926035311226,0.752384179750751,3.8415694004132988,1.308692455291748
244,residual_physics_l0p05_compensated,59973080.599105,59713455.532760754,119686536.13186575,0.5010846043119596,0.49891539568804044,9724237.701289834,1732093.124528664,0.760884968441186,0.7579982674023578,5.614154091129476,1.3035653829574585
244,ideal,79120339.95094915,42485202.868746355,121605542.8196955,0.6506310330628666,0.3493689669371334,12780167.968374692,945604.0406808642,1.0,1.0,13.515348304954973,0.0
245,before,51424761.076133914,66227206.89087135,117651967.96700527,0.4370922302851377,0.5629077697148622,4504852.964869607,2462505.7365141576,0.3524877744969504,0.6499562705116639,1.8293776530431678,1.6553773880004883
245,residual_best_compensated,45149946.17619992,72480671.71155214,117630617.88775207,0.3838281817008208,0.6161718182991791,3839498.3443006393,3839498.3443006393,0.30042628186121756,0.5706490417532425,1.0,1.1877762079238892
245,residual_physics_l0p05_compensated,51566303.22168594,66786157.31991149,118352460.54159743,0.43570115049329194,0.5642988495067081,5110839.550091094,3274541.9510419173,0.3999039420090706,0.6517452181531904,1.5607799889278837,1.014838695526123
245,ideal,79120339.95094915,42485202.868746355,121605542.8196955,0.6506310330628666,0.3493689669371334,12780167.968374692,945604.0406808642,1.0,1.0,13.515348304954973,0.0
246,before,46850369.55462452,70458536.09534222,117308905.64996675,0.39937606863727315,0.6006239313627267,5374886.513062243,4518489.68291397,0.4205646221835839,0.5921406503519768,1.1895316555411461,1.8315839767456055
246,residual_best_compensated,55395175.25860043,63239169.15552376,118634344.41412419,0.46694045920824656,0.5330595407917534,7272550.101678469,2753485.3602047297,0.5690496494001361,0.7001382361721753,2.641216186142255,1.5199227333068848
246,residual_physics_l0p05_compensated,41821591.427117325,75376096.18482518,117197687.6119425,0.35684655797641934,0.6431534420235807,4163519.394463344,3807750.3806497674,0.3257797084331151,0.5285820492308896,1.09343286146632,1.3141158819198608
246,ideal,79120339.95094915,42485202.868746355,121605542.8196955,0.6506310330628666,0.3493689669371334,12780167.968374692,945604.0406808642,1.0,1.0,13.515348304954973,0.0
247,before,43467248.81903156,73862955.35877317,117330204.17780474,0.37046938700592685,0.6295306129940731,4064915.4695668574,2298964.248128573,0.31806432275583074,0.5493814718943218,1.7681507978542175,1.6381386518478394
247,residual_best_compensated,53766750.82079931,64795921.320550345,118562672.14134966,0.4534880148171672,0.5465119851828327,5532102.659842615,1920941.35739798,0.4328661934281413,0.679556620385253,2.879891485774532,0.983154833316803
247,residual_physics_l0p05_compensated,51755515.71680352,66561615.54137994,118317131.25818346,0.43743044786867097,0.5625695521313291,4931396.459709027,1912993.665059828,0.3858631961576772,0.6541366701519418,2.5778425458375995,1.0197746753692627
247,ideal,79120339.95094915,42485202.868746355,121605542.8196955,0.6506310330628666,0.3493689669371334,12780167.968374692,945604.0406808642,1.0,1.0,13.515348304954973,0.0
248,before,43952748.90355052,73706605.8282174,117659354.73176792,0.37355932304533807,0.6264406769546619,4456435.916410216,2667885.1864488553,0.3486993228444211,0.555517695333452,1.6704001877764645,1.6040525436401367
248,residual_best_compensated,50440590.17674429,67760353.93296966,118200944.10971396,0.42673593308971713,0.5732640669102828,4919766.028968334,3087312.9958893647,0.38495315876462627,0.6375173591015288,1.5935430050399193,1.1244409084320068
248,residual_physics_l0p05_compensated,52485577.077144176,65928969.93768291,118414547.01482709,0.44323588951087467,0.5567641104891253,5314145.793042821,3047114.9232795043,0.4158118896553629,0.6633638974463802,1.7439925722668148,1.0199871063232422
248,ideal,79120339.95094915,42485202.868746355,121605542.8196955,0.6506310330628666,0.3493689669371334,12780167.968374692,945604.0406808642,1.0,1.0,13.515348304954973,0.0
249,before,40548920.97356285,76487829.60892835,117036750.5824912,0.3464631474451496,0.6535368525548504,4528780.346259538,2493351.64138214,0.35436000195508244,0.512496799163164,1.8163424168077225,1.7631933689117432
249,residual_best_compensated,67143983.14470594,52999090.87670265,120143074.02140859,0.5588668651240053,0.4411331348759947,9134867.74314845,1508042.2753924837,0.7147689894024272,0.8486311255276711,6.057434789598989,0.6230816841125488
249,residual_physics_l0p05_compensated,66954773.28963589,53192164.51348103,120146937.80311692,0.5572740721811298,0.4427259278188702,9233121.95857293,1542262.8104375876,0.7224570116308999,0.8462397068964146,5.986737082737026,0.6067751049995422
249,ideal,79120339.95094915,42485202.868746355,121605542.8196955,0.6506310330628666,0.3493689669371334,12780167.968374692,945604.0406808642,1.0,1.0,13.515348304954973,0.0
250,before,36892043.44294464,79570924.3883419,116462967.83128655,0.31677059351937603,0.6832294064806239,3149176.918316013,3149176.918316013,0.24641123075290122,0.46627761541237,1.0,1.9768859148025513
250,residual_best_compensated,64888342.96908231,55015203.34421778,119903546.31330009,0.5411711743665474,0.4588288256334526,8638352.474334659,1599996.4532149206,0.6759185400153418,0.8201221456999553,5.39898226460275,0.6673284769058228
250,residual_physics_l0p05_compensated,64620217.96360565,55250949.522499956,119871167.4861056,0.5390805755779082,0.4609194244220918,8558125.375834726,1593046.8536066217,0.6696410717771731,0.8167333204542234,5.372174306398663,0.6754713654518127
250,ideal,79120339.95094915,42485202.868746355,121605542.8196955,0.6506310330628666,0.3493689669371334,12780167.968374692,945604.0406808642,1.0,1.0,13.515348304954973,0.0
251,before,34254109.48786084,82278819.93165196,116532929.41951281,0.2939436059703583,0.7060563940296417,3010575.1608115514,3010575.1608115514,0.23556616534785801,0.4329368340567895,1.0,2.4669077396392822
251,residual_best_compensated,68295080.36425152,51998052.26235163,120293132.62660316,0.5677388132890628,0.43226118671093716,9543321.179633543,1484807.376284933,0.7467289321430732,0.8631798145279865,6.427312614456052,0.6022611856460571
251,residual_physics_l0p05_compensated,66382973.80247861,53690611.853814974,120073585.65629359,0.5528524316122077,0.4471475683877923,9023346.623361668,1706583.2783110247,0.7060428818846898,0.8390127474633312,5.287375505221119,0.674644947052002
251,ideal,79120339.95094915,42485202.868746355,121605542.8196955,0.6506310330628666,0.3493689669371334,12780167.968374692,945604.0406808642,1.0,1.0,13.515348304954973,0.0
252,before,43072703.08486043,74488885.52702092,117561588.61188135,0.36638415313577427,0.6336158468642258,4333797.995706557,2922865.5158091285,0.33910336753247733,0.5443948182169523,1.482722339521271,1.2038758993148804
252,residual_best_compensated,73895767.4594526,47166068.72660032,121061836.18605292,0.6103968830101543,0.3896031169898458,11800588.12984361,890058.6402107544,0.9233515677606811,0.9339667588039241,13.258214230749317,0.6134757399559021
252,residual_physics_l0p05_compensated,74085182.2193821,46996778.05859636,121081960.27797846,0.6118597852999593,0.3881402147000407,11839581.660086937,895092.0028090065,0.9264026646116629,0.9363607672225802,13.227223149052367,0.6154338121414185
252,ideal,79120339.95094915,42485202.868746355,121605542.8196955,0.6506310330628666,0.3493689669371334,12780167.968374692,945604.0406808642,1.0,1.0,13.515348304954973,0.0
253,before,46886278.666039675,70338801.82214546,117225080.48818514,0.3999679801522102,0.6000320198477898,4830878.205052469,3536048.563963808,0.3779980213880422,0.5925945047140463,1.3661798240794505,2.0951459407806396
253,residual_best_compensated,62597886.34624979,56993860.2602226,119591746.60647239,0.5234298195529653,0.47657018044703475,7930409.024332686,1963286.6518135066,0.6205246319107048,0.7911731216657752,4.03935360993123,0.7488871812820435
253,residual_physics_l0p05_compensated,64048152.186912745,55724381.03439677,119772533.22130951,0.5347482470673629,0.46525175293263715,8384731.661318526,1835452.3400216831,0.6560736667989856,0.8095029953943519,4.568209960286668,0.706952691078186
253,ideal,79120339.95094915,42485202.868746355,121605542.8196955,0.6506310330628666,0.3493689669371334,12780167.968374692,945604.0406808642,1.0,1.0,13.515348304954973,0.0
254,before,38957076.926267624,77792709.90310079,116749786.82936841,0.3336800690112093,0.6663199309887907,3993959.637472374,2489586.6070328406,0.312512296188569,0.4923775220179686,1.6042661967211045,1.6514248847961426
254,residual_best_compensated,69321406.23977913,51233709.3836395,120555115.62341863,0.5750183713175668,0.4249816286824332,10759873.579244554,797295.1452331165,0.8419195745995295,0.8761515216283842,13.495471085677485,0.8019972443580627
254,residual_physics_l0p05_compensated,69828655.57703002,50760058.78434299,120588714.361373,0.5790645994265409,0.42093540057345913,10725485.155073548,896239.236704963,0.8392288099510442,0.882562633329438,11.967212230638278,0.8085036277770996
254,ideal,79120339.95094915,42485202.868746355,121605542.8196955,0.6506310330628666,0.3493689669371334,12780167.968374692,945604.0406808642,1.0,1.0,13.515348304954973,0.0
255,before,43988827.03003764,73373098.47391891,117361925.50395656,0.3748134400585876,0.6251865599414124,3554182.588640121,2397309.1793976068,0.2781013987793559,0.5559736858727936,1.4825716345578803,1.5731464624404907
255,residual_best_compensated,62103467.50098133,57476717.73095688,119580185.23193821,0.5193458044953283,0.4806541955046717,8094513.338786283,2042170.5341529849,0.6333651763276235,0.784924174232347,3.9636813887061497,0.8481501340866089
255,residual_physics_l0p05_compensated,67160977.56900597,53014550.24253154,120175527.8115375,0.5588573546714903,0.44114264532850966,9451479.235947968,1535267.741622812,0.7395426460228248,0.8488459176318325,6.156241663722801,0.6818921566009521
255,ideal,79120339.95094915,42485202.868746355,121605542.8196955,0.6506310330628666,0.3493689669371334,12780167.968374692,945604.0406808642,1.0,1.0,13.515348304954973,0.0
