sample_index,state,main_lobe_energy,side_lobe_energy,total_energy,main_lobe_ratio,side_lobe_ratio,peak_intensity,max_side_lobe_intensity,strehl_ratio,synthesis_efficiency,peak_to_sidelobe_ratio,phase_rmse_rad
0,before,56315923.90234375,62062447.18684013,118378371.08918388,0.4757281535823505,0.5242718464176495,4926504.5,2233264.25,0.38548041778480535,0.7117756005801794,2.2059657740905494,1.4895875453948975
0,baseline_compensated,71330836.76953125,49322091.01729582,120652927.78682707,0.5912068449392338,0.4087931550607662,10464911.0,938845.6875,0.8188398618860097,0.9015487212739636,11.146571943964966,0.5120019912719727
0,physics_compensated,73069014.03125,47794470.64775601,120863484.67900601,0.6045582272041019,0.39544177279589815,10965982.0,892077.25,0.8580467799797311,0.9235175016587098,12.292637212752595,0.4791869521141052
0,ideal,79120334.91516113,42485201.56443155,121605536.47959268,0.6506310255737309,0.3493689744262691,12780168.0,945604.1875,1.0,1.0,13.515346239940376,0.0
1,before,52444699.96777344,65521797.722932816,117966497.69070625,0.444572832070314,0.5554271679296859,7454678.5,2579689.25,0.5833005090386918,0.6628472948706379,2.88975833038805,1.4297587871551514
1,baseline_compensated,68784036.57421875,51540909.23209955,120324945.8063183,0.571652337869633,0.42834766213036696,9590533.0,1045568.9375,0.7504230773805164,0.8693597751826284,9.172549657922485,0.5718652009963989
1,physics_compensated,67001074.6328125,53112996.87926233,120114071.51207483,0.5578120347546208,0.4421879652453791,9109910.0,1267061.375,0.7128161382542076,0.8468249623141278,7.189793785640416,0.6184656620025635
1,ideal,79120334.91516113,42485201.56443155,121605536.47959268,0.6506310255737309,0.3493689744262691,12780168.0,945604.1875,1.0,1.0,13.515346239940376,0.0
2,before,50243502.3515625,67602713.7655727,117846216.1171352,0.42634803226623874,0.5736519677337613,4302801.5,3299984.0,0.33667800767564243,0.6350264114204954,1.303885564293645,1.4991962909698486
2,baseline_compensated,71471728.734375,49172248.17385474,120643976.90822974,0.5924185406184131,0.40758145938158685,10319123.0,889802.3125,0.8074325001048499,0.9033294514110999,11.597096180844101,0.5140515565872192
2,physics_compensated,74646170.9296875,46383574.79316172,121029745.72284922,0.6167588842219226,0.38324111577807735,11249683.0,932232.4375,0.88024531445909,0.9434511495651381,12.06746573866134,0.3944188952445984
2,ideal,79120334.91516113,42485201.56443155,121605536.47959268,0.6506310255737309,0.3493689744262691,12780168.0,945604.1875,1.0,1.0,13.515346239940376,0.0
3,before,46923292.625,70356591.25525409,117279883.88025409,0.40009668386873526,0.5999033161312648,6982117.5,2386976.25,0.5463243910408689,0.593062360963395,2.9250888022032058,1.9030169248580933
3,baseline_compensated,53807544.4765625,65024552.56393783,118832097.04050033,0.45280312151879154,0.5471968784812085,7220250.0,1539810.5,0.5649573620628461,0.680072253666002,4.689051022836901,1.467187523841858
3,physics_compensated,56163947.3671875,63007654.13585666,119171601.50304416,0.47128633549288024,0.5287136645071198,8277290.5,1410833.875,0.6476667990592925,0.709854772826869,5.866949076481453,1.372548222541809
3,ideal,79120334.91516113,42485201.56443155,121605536.47959268,0.6506310255737309,0.3493689744262691,12780168.0,945604.1875,1.0,1.0,13.515346239940376,0.0
4,before,38367212.09375,78178708.70549783,116545920.79924783,0.3292025309048621,0.6707974690951378,4204439.0,3567045.5,0.32898151260609404,0.4849222660001409,1.1786894784493218,1.9157333374023438
4,baseline_compensated,55032080.96875,63736066.39543322,118768147.36418322,0.4633572400519398,0.5366427599480602,6114364.5,3088315.0,0.47842598782739004,0.6955491407835874,1.9798383584576056,0.9644225835800171
4,physics_compensated,56145847.40625,62756341.67667599,118902189.08292599,0.4722019656601291,0.5277980343398708,6446544.5,2931903.75,0.5044178214245697,0.7096260078582057,2.1987572068148555,0.9403501152992249
4,ideal,79120334.91516113,42485201.56443155,121605536.47959268,0.6506310255737309,0.3493689744262691,12780168.0,945604.1875,1.0,1.0,13.515346239940376,0.0
5,before,35798808.3671875,80878845.54022852,116677653.90741602,0.30681803385928497,0.693181966140715,4175291.5,3811341.0,0.326700830536813,0.452460273399673,1.0954914556320203,2.2775397300720215
5,baseline_compensated,60087082.796875,59053403.108607665,119140485.90548266,0.5043380706416095,0.4956619293583905,6139125.5,1570558.75,0.48036344279668314,0.7594391866680665,3.908879881125109,1.198236346244812
5,physics_compensated,62056413.3125,57306717.214501336,119363130.52700134,0.5198959933315599,0.4801040066684401,6596031.0,1205728.625,0.5161145768975807,0.7843295074400485,5.470576764319583,1.2029308080673218
5,ideal,79120334.91516113,42485201.56443155,121605536.47959268,0.6506310255737309,0.3493689744262691,12780168.0,945604.1875,1.0,1.0,13.515346239940376,0.0
6,before,42939136.6328125,74147683.53775647,117086820.17056897,0.36672903551620845,0.6332709644837916,5977946.0,5977946.0,0.46775175412404596,0.5427067097081316,1.0,2.0889110565185547
6,baseline_compensated,68727097.5546875,51859969.28624308,120587066.84093058,0.569937550975903,0.43006244902409696,11265132.0,1110836.5,0.8814541405089511,0.8686401242914599,10.14112517908801,0.9567124247550964
6,physics_compensated,66917782.1875,53435326.11565158,120353108.30315158,0.5560120808757516,0.44398791912424845,10640391.0,1053156.0,0.8325705108101865,0.8457722311116903,10.103337967024828,1.0887295007705688
6,ideal,79120334.91516113,42485201.56443155,121605536.47959268,0.6506310255737309,0.3493689744262691,12780168.0,945604.1875,1.0,1.0,13.515346239940376,0.0
7,before,46744874.71484375,70913566.80809525,117658441.522939,0.39729299580880684,0.6027070041911932,3942011.5,3417796.25,0.30844754935928853,0.5908073413107664,1.1533781453473126,1.497049331665039
7,baseline_compensated,66663009.20703125,53419696.181661725,120082705.38869298,0.5551424661132615,0.44485753388673854,9088210.0,1420800.0,0.7111181950033834,0.8425521615715154,6.3965442004504505,0.8224677443504333
7,physics_compensated,66847523.55078125,53297469.97009191,120144993.52087316,0.556390421205255,0.443609578794745,9397748.0,1408036.875,0.7353383773984817,0.8448842339009343,6.674362132738889,0.807181715965271
7,ideal,79120334.91516113,42485201.56443155,121605536.47959268,0.6506310255737309,0.3493689744262691,12780168.0,945604.1875,1.0,1.0,13.515346239940376,0.0
8,before,33823251.0859375,82554696.46481775,116377947.55075525,0.2906328200296397,0.7093671799703603,4101705.75,3395531.5,0.3209430228147236,0.42749125268750915,1.2079716386079764,1.8186533451080322
8,baseline_compensated,51764562.455078125,66496721.39327246,118261283.84835058,0.43771351680451165,0.5622864831954884,4437381.5,3483191.25,0.34720838568006307,0.6542510532922294,1.273941389236092,1.1205990314483643
8,physics_compensated,43556788.578125,73886302.66626608,117443091.24439108,0.3708756991714931,0.6291243008285069,3696543.75,3696543.75,0.2892406226584815,0.5505131977111816,1.0,1.228397011756897
8,ideal,79120334.91516113,42485201.56443155,121605536.47959268,0.6506310255737309,0.3493689744262691,12780168.0,945604.1875,1.0,1.0,13.515346239940376,0.0
9,before,61117341.96875,57725021.32210249,118842363.29085249,0.5142723543722587,0.4857276456277413,6972286.5,1706269.0,0.5455551523266361,0.7724606074315116,4.086276255385288,1.4227296113967896
9,baseline_compensated,71098360.71875,49482858.42365548,120581219.14240548,0.5896304683632647,0.41036953163673534,10071124.0,970437.125,0.788027512627377,0.8986104620890077,10.37792530865923,0.6561411619186401
9,physics_compensated,73740230.453125,47145826.25000754,120886056.70313254,0.6099978150020519,0.3900021849979481,10761256.0,1041385.375,0.8420277417323465,0.9320009897859369,10.333596244329819,0.5413274765014648
9,ideal,79120334.91516113,42485201.56443155,121605536.47959268,0.6506310255737309,0.3493689744262691,12780168.0,945604.1875,1.0,1.0,13.515346239940376,0.0
10,before,43329682.45703125,73948191.05420579,117277873.51123704,0.36946169946438867,0.6305383005356113,4681661.0,4126942.25,0.36632233629479677,0.5476428089377104,1.1344139841065137,1.580066442489624
10,baseline_compensated,51959325.85839844,66337863.67781031,118297189.53620875,0.4392270523256563,0.5607729476743437,4572317.5,1991808.125,0.3577666193433451,0.6567126632377529,2.295561225306278,1.0546377897262573
10,physics_compensated,50712811.01953125,67510291.43160683,118223102.45113808,0.4289585535152995,0.5710414464847005,4624914.0,2240364.25,0.36188209732454224,0.6409579923278813,2.0643580614179147,1.0298131704330444
10,ideal,79120334.91516113,42485201.56443155,121605536.47959268,0.6506310255737309,0.3493689744262691,12780168.0,945604.1875,1.0,1.0,13.515346239940376,0.0
11,before,49227666.39453125,68329479.88676015,117557146.2812914,0.41875520078327705,0.5812447992167229,3766110.75,1922238.0,0.2946839783326792,0.6221872853207322,1.959232285492223,1.6444764137268066
11,baseline_compensated,58823230.6015625,60160734.78354061,118983965.3851031,0.4943794771940524,0.5056205228059476,6689074.0,1819640.0,0.5233948411319789,0.7434653893292699,3.676042513903849,1.2231485843658447
11,physics_compensated,58529184.376464844,60465373.14928001,118994557.52574486,0.49186438097222945,0.5081356190277705,6759874.5,1906126.125,0.5289347135342822,0.7397489461997893,3.5463941296119637,1.1172620058059692
11,ideal,79120334.91516113,42485201.56443155,121605536.47959268,0.6506310255737309,0.3493689744262691,12780168.0,945604.1875,1.0,1.0,13.515346239940376,0.0
12,before,36411032.296875,80216445.30959883,116627477.60647383,0.31219943227901786,0.6878005677209821,3891608.25,3643017.25,0.30450368492808544,0.4601981568444786,1.068237667554278,1.4989207983016968
12,baseline_compensated,59162617.29431152,60226638.769351214,119389256.06366274,0.4955438977085496,0.5044561022914504,8278823.5,1778023.0,0.6477867505341088,0.7477548895331422,4.656195954720496,1.171282410621643
12,physics_compensated,60702401.765625,58762674.1353122,119465075.9009372,0.5081183878036509,0.49188161219634907,8017472.5,1874340.875,0.627337019356866,0.7672161882367504,4.277489013304477,1.1305830478668213
12,ideal,79120334.91516113,42485201.56443155,121605536.47959268,0.6506310255737309,0.3493689744262691,12780168.0,945604.1875,1.0,1.0,13.515346239940376,0.0
13,before,41870219.265625,74970103.93805757,116840323.20368257,0.3583541890125937,0.6416458109874064,2895475.0,2508953.25,0.22656001079172042,0.5291966889488201,1.1540569757527368,1.6936798095703125
13,baseline_compensated,41914380.24609375,75206502.4833501,117120882.72944385,0.3578728171210803,0.6421271828789197,4608153.0,2667140.0,0.3605706122173042,0.5297548385132286,1.7277506992508829,1.512375831604004
13,physics_compensated,38645704.75,78193177.28836061,116838882.03836061,0.3307606515552915,0.6692393484447086,3861485.5,2678636.0,0.30214669322030824,0.4884421279490143,1.4415865014880709,1.6071640253067017
13,ideal,79120334.91516113,42485201.56443155,121605536.47959268,0.6506310255737309,0.3493689744262691,12780168.0,945604.1875,1.0,1.0,13.515346239940376,0.0
14,before,32764286.78515625,83434371.00035782,116198657.78551407,0.28196785926421275,0.7180321407357872,5329984.0,3987018.25,0.417051168654434,0.4141070284938584,1.3368346131849285,1.992608904838562
14,baseline_compensated,68547025.328125,51796026.022554636,120343051.35067964,0.5695968696055328,0.43040313039446726,9795633.0,1052276.75,0.7664713797189521,0.8663641957737711,9.308989293928617,0.6177006363868713
14,physics_compensated,68615839.7421875,51735298.33058645,120351138.07277395,0.5701303771693198,0.42986962283068014,9811984.0,1095548.125,0.7677507838707598,0.8672339394892937,8.956232753353486,0.6178537011146545
14,ideal,79120334.91516113,42485201.56443155,121605536.47959268,0.6506310255737309,0.3493689744262691,12780168.0,945604.1875,1.0,1.0,13.515346239940376,0.0
15,before,25670470.28125,90172423.39486596,115842893.67611596,0.22159728116790506,0.7784027188320949,4598873.0,4598873.0,0.35984448717732037,0.32444845321718924,1.0,2.143601179122925
15,baseline_compensated,51559612.31640625,67224153.94921754,118783766.2656238,0.43406278431270523,0.5659372156872948,7918748.5,2095614.625,0.619612238274176,0.6516606934448951,3.778723628634726,1.6034414768218994
15,physics_compensated,57145869.6875,62204881.56881806,119350751.25631806,0.4788061163081692,0.5211938836918307,8895914.0,1423067.5,0.6960717574291668,0.722265265292117,6.251224204052162,1.4272781610488892
15,ideal,79120334.91516113,42485201.56443155,121605536.47959268,0.6506310255737309,0.3493689744262691,12780168.0,945604.1875,1.0,1.0,13.515346239940376,0.0
16,before,36006861.53125,80449452.09946921,116456313.63071921,0.30918771519272953,0.6908122848072704,4782630.5,2738862.5,0.37422281929314233,0.4550898523098936,1.7462105162270833,2.2150144577026367
16,baseline_compensated,52981056.59375,65537729.03707573,118518785.63082573,0.4470266575189248,0.5529733424810752,5482436.0,3180691.5,0.4289799633306855,0.669626293298181,1.7236616628805403,0.9862884879112244
16,physics_compensated,54323139.3125,64341132.933379725,118664272.24587972,0.4577885009899112,0.5422114990100888,5761431.0,2921458.25,0.4508102710386906,0.6865888443312256,1.9721079361650984,0.9638810157775879
16,ideal,79120334.91516113,42485201.56443155,121605536.47959268,0.6506310255737309,0.3493689744262691,12780168.0,945604.1875,1.0,1.0,13.515346239940376,0.0
17,before,35108110.63671875,81531474.29043806,116639584.9271568,0.3009965326835165,0.6990034673164836,4532997.5,4532997.5,0.3546899774713447,0.44373056148415385,1.0,2.2047994136810303
17,baseline_compensated,66364667.25,53698413.07254338,120063080.32254338,0.5527483308916836,0.4472516691083164,9004464.0,1441838.625,0.7045653859949259,0.8387814247899894,6.245126079903707,0.6391628384590149
17,physics_compensated,70161714.90625,50373778.765006825,120535493.67125683,0.5820834408958905,0.4179165591041095,10193176.0,1211248.25,0.7975776218278194,0.8867722183112945,8.415430940767097,0.5207239985466003
17,ideal,79120334.91516113,42485201.56443155,121605536.47959268,0.6506310255737309,0.3493689744262691,12780168.0,945604.1875,1.0,1.0,13.515346239940376,0.0
18,before,57502955.984375,61297320.188491,118800276.172866,0.48403049081049765,0.5159695091895024,6079635.5,2056003.125,0.47570857440997644,0.7267784703645916,2.957016663094809,1.1049381494522095
18,baseline_compensated,55813365.45996094,62831339.20923686,118644704.6691978,0.4704244122447636,0.5295755877552364,7248015.5,2159648.5,0.5671299078384572,0.7054237765778961,3.3561088760508944,1.130677580833435
18,physics_compensated,54226281.703125,64253788.416339114,118480070.11946411,0.457682727976514,0.542317272023486,6264125.5,2204517.75,0.4901442218912928,0.6853646633481842,2.841494698783895,1.3225442171096802
18,ideal,79120334.91516113,42485201.56443155,121605536.47959268,0.6506310255737309,0.3493689744262691,12780168.0,945604.1875,1.0,1.0,13.515346239940376,0.0
19,before,43008701.744140625,74133397.65738718,117142099.4015278,0.36714982883070724,0.6328501711692928,4272135.0,2733028.5,0.33427846957880364,0.5435859414682438,1.5631505489240234,1.6207301616668701
19,baseline_compensated,58078837.46875,60976107.823883,119054945.292633,0.487832213319608,0.512167786680392,6522469.5,2648117.0,0.5103586666466357,0.73405702252179,2.463059411649863,0.9017267227172852
19,physics_compensated,56485807.09375,62402475.62944746,118888282.72319746,0.4751166876996912,0.5248833123003088,6235343.0,2505175.5,0.487892099696968,0.7139227501288815,2.488984504279241,0.9139357805252075
19,ideal,79120334.91516113,42485201.56443155,121605536.47959268,0.6506310255737309,0.3493689744262691,12780168.0,945604.1875,1.0,1.0,13.515346239940376,0.0
20,before,64262325.04736328,55421892.24095085,119684217.28831413,0.5369323249410414,0.4630676750589587,8438567.0,1706331.5,0.660286077616507,0.8122099725218587,4.945444071096384,0.9220142960548401
20,baseline_compensated,72497316.86083984,48364181.976463675,120861498.83730352,0.5998379761815743,0.40016202381842564,11179536.0,926703.5,0.8747565759698933,0.9162918349445437,12.063767968935048,0.5504108667373657
20,physics_compensated,71675273.49511719,49109512.8829813,120784786.37809849,0.5934130915357883,0.40658690846421175,11083306.0,938836.125,0.8672269409916991,0.9059020487207605,11.805368056113094,0.5928871631622314
20,ideal,79120334.91516113,42485201.56443155,121605536.47959268,0.6506310255737309,0.3493689744262691,12780168.0,945604.1875,1.0,1.0,13.515346239940376,0.0
21,before,33269056.708496094,82988784.32592987,116257841.03442596,0.2861661322150697,0.7138338677849303,6208351.0,4537694.5,0.48578007738239437,0.4204868033504878,1.36817297859078,2.1776747703552246
21,baseline_compensated,73646519.77636719,47294226.07971576,120940745.85608295,0.6089471274139905,0.39105287258600946,11124384.0,834541.375,0.870441139740886,0.9308165828081568,13.329937056745688,0.42762064933776855
21,physics_compensated,73315600.36328125,47589173.744016066,120904774.10729732,0.606391276974862,0.393608723025138,11048315.0,848659.75,0.8644890270613032,0.9266341003472222,13.018544829067244,0.4271293580532074
21,ideal,79120334.91516113,42485201.56443155,121605536.47959268,0.6506310255737309,0.3493689744262691,12780168.0,945604.1875,1.0,1.0,13.515346239940376,0.0
22,before,50103671.046875,67801235.76947048,117904906.81634548,0.42494983796492,0.5750501620350801,5822614.0,2266628.5,0.4555976102974546,0.633259086941429,2.5688435489097574,1.5862189531326294
22,baseline_compensated,67449140.00390625,52773890.35644078,120223030.36034703,0.5610334376178966,0.43896656238210335,9474007.0,1470777.375,0.7413053568622885,0.8524880497059368,6.441496286955053,0.6218716502189636
22,physics_compensated,65897046.734375,54136153.19307959,120033199.92745459,0.5489901691715435,0.45100983082845647,9000293.0,1706480.375,0.704239020958097,0.8328711803992596,5.274184884780758,0.6464440226554871
22,ideal,79120334.91516113,42485201.56443155,121605536.47959268,0.6506310255737309,0.3493689744262691,12780168.0,945604.1875,1.0,1.0,13.515346239940376,0.0
23,before,41084164.76855469,76440701.71478505,117524866.48333974,0.34957848494453514,0.6504215150554649,4933308.5,2309244.25,0.38601280515248315,0.5192617651657854,2.136330316725916,1.8824049234390259
23,baseline_compensated,46032534.765625,71735482.13978592,117768016.90541092,0.3908746701797439,0.609125329820256,3989793.25,3559382.5,0.3121862912913195,0.5818040939157374,1.1209228707507553,1.2541632652282715
23,physics_compensated,46985967.5,70900667.78958875,117886635.28958875,0.398569077695524,0.601430922304476,4286660.0,4222242.5,0.3354149961095973,0.59385450719315,1.0152567030434656,1.228441834449768
23,ideal,79120334.91516113,42485201.56443155,121605536.47959268,0.6506310255737309,0.3493689744262691,12780168.0,945604.1875,1.0,1.0,13.515346239940376,0.0
24,before,55400446.140625,62471700.00956939,117872146.15019439,0.47000455960166326,0.5299954403983368,6786659.5,3059650.0,0.5310305388786751,0.7002048992844835,2.2181162878106973,2.0310308933258057
24,baseline_compensated,58842303.9375,60739964.201163486,119582268.13866349,0.4920654613213097,0.5079345386786903,9589817.0,1481346.625,0.7503670530778626,0.7437064567610238,6.473715765207889,1.4390116930007935
24,physics_compensated,59399470.03808594,60054263.34899473,119453733.38708067,0.49725921788987965,0.5027407821101204,8617835.0,1437624.75,0.6743131232703671,0.7507484656350177,5.994495434222317,1.371925711631775
24,ideal,79120334.91516113,42485201.56443155,121605536.47959268,0.6506310255737309,0.3493689744262691,12780168.0,945604.1875,1.0,1.0,13.515346239940376,0.0
25,before,43733148.3828125,73948275.9215773,117681424.3043898,0.37162320766694823,0.6283767923330518,4627443.0,2598759.75,0.36207998204718433,0.5527422050185521,1.780635166448149,1.8120882511138916
25,baseline_compensated,49132706.607421875,68830210.01460269,117962916.62202457,0.4165097643766501,0.5834902356233499,4231925.0,3051323.25,0.3311321885596496,0.6209870908674201,1.3869146770995173,1.1543408632278442
25,physics_compensated,47032465.078125,70785843.72996034,117818308.80808534,0.39919487517628816,0.6008051248237118,3818777.25,3448953.25,0.2988049335501693,0.594442188958841,1.107227895884063,1.1423323154449463
25,ideal,79120334.91516113,42485201.56443155,121605536.47959268,0.6506310255737309,0.3493689744262691,12780168.0,945604.1875,1.0,1.0,13.515346239940376,0.0
26,before,41668000.890625,75297670.70688774,116965671.59751274,0.3562412827757496,0.6437587172242504,3750655.0,1919461.125,0.2934746241207471,0.5266408557964853,1.954014567500032,2.390979766845703
26,baseline_compensated,61470247.13671875,58081812.15976325,119552059.296482,0.5141713785479528,0.48582862145204714,8191640.5,1792762.75,0.640965009223666,0.7769209673168326,4.5692830799836734,0.9421214461326599
26,physics_compensated,57050719.1484375,61989306.03185296,119040025.18029046,0.4792566119003428,0.5207433880996571,7034431.5,1874981.0,0.5504177644613123,0.7210626599294814,3.751734817579485,1.0884041786193848
26,ideal,79120334.91516113,42485201.56443155,121605536.47959268,0.6506310255737309,0.3493689744262691,12780168.0,945604.1875,1.0,1.0,13.515346239940376,0.0
27,before,22912485.1953125,92670300.47423999,115582785.66955249,0.19823440889215602,0.801765591107844,4644220.5,4644220.5,0.36339275821726286,0.2895903463993298,1.0,2.091686248779297
27,baseline_compensated,63977861.99609375,56058257.906109646,120036119.9022034,0.5329884208871314,0.4670115791128686,10014808.0,1005768.8125,0.7836209977834407,0.8086146508946872,9.957365823569917,1.117275595664978
27,physics_compensated,65782470.779296875,54461191.105471015,120243661.88476789,0.5470764092525529,0.4529235907474471,10475225.0,1056117.75,0.8196468935306641,0.8314230576732753,9.91861466204881,1.061331033706665
27,ideal,79120334.91516113,42485201.56443155,121605536.47959268,0.6506310255737309,0.3493689744262691,12780168.0,945604.1875,1.0,1.0,13.515346239940376,0.0
28,before,38003688.76855469,78640128.05721092,116643816.82576561,0.32580971544614273,0.6741902845538573,5789606.5,3357171.75,0.453014897769732,0.480327703482362,1.724548796170467,1.9832707643508911
28,baseline_compensated,61223688.37890625,58183154.60955599,119406842.98846224,0.5127318237935662,0.48726817620643376,8376304.5,1680951.5,0.655414271549482,0.7738047171382043,4.983073277248034,1.006008505821228
28,physics_compensated,65942343.875,54123248.365799725,120065592.24079973,0.549219327904935,0.450780672095065,9216762.0,1293830.75,0.7211769047167456,0.8334436898644124,7.123622622201552,0.8826624155044556
28,ideal,79120334.91516113,42485201.56443155,121605536.47959268,0.6506310255737309,0.3493689744262691,12780168.0,945604.1875,1.0,1.0,13.515346239940376,0.0
29,before,54531395.62109375,63506642.72786826,118038038.34896201,0.4619815475065736,0.5380184524934264,5134173.0,3435589.0,0.401729695572077,0.689220990780265,1.4944083823763552,1.8270351886749268
29,baseline_compensated,55484364.623046875,63274173.11970973,118758537.7427566,0.4672031643167568,0.5327968356832432,6059597.5,2725603.5,0.4741406763979941,0.7012655429548099,2.2232131342654937,1.0861144065856934
29,physics_compensated,52659817.15625,65688741.15678477,118348558.31303477,0.44495529059985267,0.5550447094001473,4805231.0,3091059.25,0.37599122327656415,0.665566155814632,1.554558037022422,1.2466470003128052
29,ideal,79120334.91516113,42485201.56443155,121605536.47959268,0.6506310255737309,0.3493689744262691,12780168.0,945604.1875,1.0,1.0,13.515346239940376,0.0
30,before,48641083.166015625,69287960.53775519,117929043.70377082,0.412460591880983,0.587539408119017,5245140.0,2785418.75,0.41041244528240944,0.6147734740780901,1.883070543701912,1.3106014728546143
30,baseline_compensated,63463396.91845703,56282296.4181059,119745693.33656293,0.529984796531127,0.47001520346887304,8310872.5,1420890.5,0.6502944640477339,0.8021123392173116,5.849059093575472,0.7704311609268188
30,physics_compensated,69728854.84765625,50771209.459343776,120500064.30700003,0.5786623870175445,0.4213376129824555,10155996.0,973879.0,0.7946684268939188,0.8813013104965348,10.428396135454198,0.5836338996887207
30,ideal,79120334.91516113,42485201.56443155,121605536.47959268,0.6506310255737309,0.3493689744262691,12780168.0,945604.1875,1.0,1.0,13.515346239940376,0.0
31,before,33032289.251220703,83139020.81673506,116171310.06795576,0.2843411960483021,0.7156588039516979,4504216.5,3016806.5,0.35243797264636895,0.4174943051826114,1.4930412341659964,1.9559156894683838
31,baseline_compensated,38673768.53125,78195855.45176053,116869623.98301053,0.330913775652021,0.669086224347979,3509307.0,3509307.0,0.2745900523373402,0.48879682540169944,1.0,1.5494390726089478
31,physics_compensated,39057327.71484375,77931730.00631438,116989057.72115813,0.3338545371306124,0.6661454628693876,4020213.0,3134207.0,0.3145665221302255,0.49364462064934383,1.2826890502127013,1.6229692697525024
31,ideal,79120334.91516113,42485201.56443155,121605536.47959268,0.6506310255737309,0.3493689744262691,12780168.0,945604.1875,1.0,1.0,13.515346239940376,0.0
32,before,50452162.2109375,67738008.8414399,118190171.0523774,0.426872740446234,0.573127259553766,4741082.0,2058052.25,0.37097180569144317,0.6376636583381019,2.3036742628861826,1.6099903583526611
32,baseline_compensated,60436387.625,58916805.68117443,119353193.30617443,0.5063659040103243,0.4936340959896757,7244142.0,2370830.5,0.5668268210558735,0.7638540419451524,3.055529275500716,0.8297039866447449
32,physics_compensated,55258069.74609375,63528216.66758904,118786286.41368279,0.4651889659522908,0.5348110340477091,6086949.0,2362239.5,0.47628082823324386,0.6984054074764177,2.576770475643981,0.9925061464309692
32,ideal,79120334.91516113,42485201.56443155,121605536.47959268,0.6506310255737309,0.3493689744262691,12780168.0,945604.1875,1.0,1.0,13.515346239940376,0.0
33,before,44656716.486328125,72951358.37116006,117608074.85748819,0.37970791155659156,0.6202920884434084,5669560.0,2178251.25,0.44362171138908346,0.5644151599486082,2.602803510384764,1.7404614686965942
33,baseline_compensated,54133431.78125,64503316.15654841,118636747.93779841,0.45629564803674755,0.5437043519632524,5727389.5,2837044.75,0.4481466519062973,0.6841911354305565,2.018787155190273,0.9549735188484192
33,physics_compensated,52717730.078125,65747293.47248727,118465023.55061227,0.4450067074489898,0.5549932925510103,5329253.5,2725898.5,0.41699400978140505,0.6662981158339759,1.9550447311226005,0.9889228940010071
33,ideal,79120334.91516113,42485201.56443155,121605536.47959268,0.6506310255737309,0.3493689744262691,12780168.0,945604.1875,1.0,1.0,13.515346239940376,0.0
34,before,28712963.21484375,87192067.5533612,115905030.76820496,0.24772836023197264,0.7522716397680274,3045206.0,3045206.0,0.23827589746864047,0.3629024478426688,1.0,1.823204755783081
34,baseline_compensated,62194367.0625,57077880.09753719,119272247.16003719,0.5214487740727213,0.4785512259272788,6763956.5,1347718.0,0.5292541146563957,0.7860731015508157,5.018821815839813,1.030622959136963
34,physics_compensated,55460418.46362305,63190699.574364945,118651118.03798799,0.46742432250715527,0.5325756774928447,5221846.5,2321945.0,0.4085898166596871,0.7009628880248289,2.248910503909438,1.1000361442565918
34,ideal,79120334.91516113,42485201.56443155,121605536.47959268,0.6506310255737309,0.3493689744262691,12780168.0,945604.1875,1.0,1.0,13.515346239940376,0.0
35,before,39234776.181640625,77525441.87912482,116760218.06076545,0.3360286305839348,0.6639713694160652,2859928.25,2451521.0,0.2237786115174699,0.4958873875307928,1.1665934128241202,1.7262481451034546
35,baseline_compensated,73566504.79101562,47374091.91314058,120940596.7041562,0.6082862727308461,0.39171372726915393,11224281.0,876700.5,0.8782577036545999,0.9298052753429222,12.802868254324025,0.46031275391578674
35,physics_compensated,75406431.28564453,45708378.58302078,121114809.86866531,0.6226028952810468,0.3773971047189531,11445804.0,1023596.1875,0.8955910438736017,0.9530600618222997,11.18195255099072,0.42615821957588196
35,ideal,79120334.91516113,42485201.56443155,121605536.47959268,0.6506310255737309,0.3493689744262691,12780168.0,945604.1875,1.0,1.0,13.515346239940376,0.0
36,before,30853014.85546875,85445832.79467955,116298847.6501483,0.2652908044994666,0.7347091955005334,4132516.25,3463627.25,0.32335382836907933,0.38995050878578447,1.1931180671938644,2.406717300415039
36,baseline_compensated,67775826.1171875,52599785.26567444,120375611.38286194,0.5630361942804375,0.4369638057195625,10412771.0,1126716.625,0.814760103310066,0.8566170275929939,9.241694645270721,0.8708764314651489
36,physics_compensated,67508760.80615234,52796307.26274103,120305068.06889337,0.5611464412080551,0.4388535587919449,10091831.0,1222566.5,0.7896477573690737,0.8532415955839974,8.254627457892884,0.8721334338188171
36,ideal,79120334.91516113,42485201.56443155,121605536.47959268,0.6506310255737309,0.3493689744262691,12780168.0,945604.1875,1.0,1.0,13.515346239940376,0.0
37,before,39457312.796875,77287661.0530789,116744973.8499539,0.3379786854686128,0.6620213145313871,5774804.5,3837350.0,0.45185669703246467,0.49870002243018996,1.5048938720731755,2.2323787212371826
37,baseline_compensated,73505066.61914062,47452558.60621476,120957625.22535539,0.6076927062861378,0.3923072937138622,11332586.0,903295.6875,0.8867321618933335,0.9290287597740627,12.54582099396993,0.5426639914512634
37,physics_compensated,71924599.73632812,48848929.17894566,120773528.91527379,0.5955328156949472,0.40446718430505274,10927413.0,862904.5625,0.8550289010285311,0.9090532770551487,12.663524420755396,0.5951478481292725
37,ideal,79120334.91516113,42485201.56443155,121605536.47959268,0.6506310255737309,0.3493689744262691,12780168.0,945604.1875,1.0,1.0,13.515346239940376,0.0
38,before,47328746.015625,69938380.22798845,117267126.24361345,0.4035977305123276,0.5964022694876724,6902902.0,3208362.25,0.5401260765899165,0.5981868765643433,2.1515344783775587,2.030674695968628
38,baseline_compensated,65612385.859375,54669486.331279635,120281872.19065464,0.5454885650214613,0.4545114349785388,10808286.0,865919.0625,0.8457076620589025,0.8292733584827416,12.481866340712415,1.1431961059570312
38,physics_compensated,66329201.484375,54023857.38365668,120353058.86803168,0.5511218585404267,0.44887814145957333,10914412.0,870038.25,0.854011621756459,0.8383331738357558,12.544749613019887,1.1018450260162354
38,ideal,79120334.91516113,42485201.56443155,121605536.47959268,0.6506310255737309,0.3493689744262691,12780168.0,945604.1875,1.0,1.0,13.515346239940376,0.0
39,before,30499831.896484375,85500497.99743421,116000329.89391859,0.26292883756775726,0.7370711624322428,4188386.0,4188386.0,0.32772542583164793,0.3854866379065334,1.0,2.24196195602417
39,baseline_compensated,59081050.5703125,60203968.85247335,119285019.42278585,0.4952931294826685,0.5047068705173314,7509987.0,2519735.0,0.5876281908031256,0.7467239696806607,2.9804669935528936,1.1294338703155518
39,physics_compensated,65508011.669921875,54343169.96114114,119851181.63106301,0.5465779375590529,0.453422062440947,8158373.5,1619175.125,0.6383619917985429,0.8279541756258308,5.038598588895688,0.9433228969573975
39,ideal,79120334.91516113,42485201.56443155,121605536.47959268,0.6506310255737309,0.3493689744262691,12780168.0,945604.1875,1.0,1.0,13.515346239940376,0.0
40,before,47123919.85546875,70165161.99819615,117289081.8536649,0.4017758440147281,0.5982241559852719,6521937.0,3325210.5,0.5103170005276926,0.5955980836784704,1.9613606416796772,1.9069966077804565
40,baseline_compensated,64978567.751953125,55044062.73181209,120022630.48376521,0.5413859660469815,0.4586140339530185,9444468.0,973598.9375,0.738994041392883,0.8212625467476611,9.700573445829177,1.1588884592056274
40,physics_compensated,66780531.392578125,53587999.2551143,120368530.64769243,0.5548005864426356,0.4451994135573643,10796638.0,858605.5,0.8447962499397504,0.8440375216331594,12.57462012530784,1.0543712377548218
40,ideal,79120334.91516113,42485201.56443155,121605536.47959268,0.6506310255737309,0.3493689744262691,12780168.0,945604.1875,1.0,1.0,13.515346239940376,0.0
41,before,29514645.39453125,86408815.62520707,115923461.01973832,0.2546045911233256,0.7453954088766743,3004868.5,2681416.25,0.23511964005480993,0.37303488952845193,1.1206273923341816,2.182145833969116
41,baseline_compensated,58983320.099609375,60210819.76171389,119194139.86132327,0.4948508388770931,0.505149161122907,7118127.5,2028309.0,0.5569666611581319,0.7454887566243975,3.5093900879994124,0.9775385856628418
41,physics_compensated,58055930.763671875,61035563.94435479,119091494.70802666,0.4874901512152988,0.5125098487847012,6890548.0,2007468.0,0.539159422630438,0.733767505230152,3.432457204797287,0.9969708323478699
41,ideal,79120334.91516113,42485201.56443155,121605536.47959268,0.6506310255737309,0.3493689744262691,12780168.0,945604.1875,1.0,1.0,13.515346239940376,0.0
42,before,34119410.91015625,82366185.1811687,116485596.09132496,0.2929066945187503,0.7070933054812497,3515497.25,3515497.25,0.27507441607966343,0.4312344095451781,1.0,1.4947688579559326
42,baseline_compensated,74793745.12548828,46305288.7172015,121099033.84268978,0.6176246230225664,0.3823753769774336,11599368.0,923385.625,0.9076068483606788,0.9453163362577756,12.561781000218625,0.3455227315425873
42,physics_compensated,76606519.23522949,44709841.83697398,121316361.07220347,0.6314607408116687,0.3685392591883313,12129961.0,910498.9375,0.9491237517378488,0.9682279444010551,13.322323069707041,0.2506721019744873
42,ideal,79120334.91516113,42485201.56443155,121605536.47959268,0.6506310255737309,0.3493689744262691,12780168.0,945604.1875,1.0,1.0,13.515346239940376,0.0
43,before,47768940.71484375,69855845.76619413,117624786.48103788,0.40611287929984474,0.5938871207001553,4693721.0,2914121.25,0.36726598586184467,0.6037504867246234,1.6106814361276147,1.427137851715088
43,baseline_compensated,65424093.23046875,54669381.774071306,120093475.00454006,0.5447764187687585,0.45522358123124146,9670247.0,1230780.625,0.7566603975784982,0.8268935324985853,7.857002948839888,0.9837065935134888
43,physics_compensated,69386962.88623047,51178372.2019656,120565335.08819607,0.5755133748475252,0.42448662515247476,10781807.0,971636.25,0.8436357800617331,0.8769801462624301,11.096546675775013,0.8531892895698547
43,ideal,79120334.91516113,42485201.56443155,121605536.47959268,0.6506310255737309,0.3493689744262691,12780168.0,945604.1875,1.0,1.0,13.515346239940376,0.0
44,before,51449289.1015625,66518902.88080619,117968191.9823687,0.436128487153995,0.563871512846005,5562980.5,1762119.5,0.4352822670249718,0.6502663209999093,3.1569825428979135,1.3644920587539673
44,baseline_compensated,75192747.1381836,45925738.317845374,121118485.45602897,0.6208197440305814,0.3791802559694187,11520885.0,945161.5625,0.9014658492752208,0.9503593130490537,12.189328742407465,0.3569881021976471
44,physics_compensated,64074766.3515625,55682557.858917534,119757324.21048003,0.535038393467673,0.464961606532327,8164279.5,1380092.375,0.638824114049205,0.8098394227004772,5.915748574438722,0.8251667022705078
44,ideal,79120334.91516113,42485201.56443155,121605536.47959268,0.6506310255737309,0.3493689744262691,12780168.0,945604.1875,1.0,1.0,13.515346239940376,0.0
45,before,49478826.85644531,68014993.73589043,117493820.59233575,0.42111854569884394,0.578881454301156,5466520.5,3200954.75,0.4277346354132434,0.6253616963262388,1.7077781246360948,1.6425821781158447
45,baseline_compensated,42624340.7578125,74783687.93876709,117408028.69657959,0.36304451434039164,0.6369554856596084,4203069.5,4203069.5,0.3288743543903335,0.5387280122552258,1.0,1.2951618432998657
45,physics_compensated,51075219.68652344,67153869.60227148,118229089.28879492,0.43200214087552863,0.5679978591244713,5309946.0,3482240.25,0.41548327064245166,0.6455384667075814,1.5248649199319317,1.1187469959259033
45,ideal,79120334.91516113,42485201.56443155,121605536.47959268,0.6506310255737309,0.3493689744262691,12780168.0,945604.1875,1.0,1.0,13.515346239940376,0.0
46,before,43148692.08203125,74266477.23706935,117415169.3191006,0.36748822432615613,0.6325117756738439,4950435.0,2613162.25,0.3873528892577938,0.5453552759641194,1.8944231266160376,1.6736619472503662
46,baseline_compensated,45807007.765625,71784273.93543065,117591281.70105565,0.3895442510957322,0.6104557489042678,3307818.25,3307818.25,0.25882431670694783,0.5789536636155898,1.0,1.2592865228652954
46,physics_compensated,48111085.626953125,69710692.27732098,117821777.9042741,0.40833780038560974,0.5916621996143903,3507672.25,3025635.5,0.27446213930834085,0.6080748479963022,1.1593175218892031,1.2047054767608643
46,ideal,79120334.91516113,42485201.56443155,121605536.47959268,0.6506310255737309,0.3493689744262691,12780168.0,945604.1875,1.0,1.0,13.515346239940376,0.0
47,before,53089237.70202637,64755591.22427747,117844828.92630383,0.45050120727169607,0.5494987927283039,6566377.5,3019938.75,0.5137943022345246,0.6709935917100541,2.1743412842396226,1.8034045696258545
47,baseline_compensated,50495094.470214844,68011482.52578983,118506576.99600467,0.42609529150367104,0.573904708496329,6702062.5,1792904.375,0.5244111423261416,0.6382062781250805,3.7381037123075793,1.8116239309310913
47,physics_compensated,54376924.8125,64694650.957754225,119071575.77025422,0.4566742689071234,0.5433257310928765,8445230.0,1832796.0,0.6608074322653662,0.6872686379652854,4.607839606808396,1.5794742107391357
47,ideal,79120334.91516113,42485201.56443155,121605536.47959268,0.6506310255737309,0.3493689744262691,12780168.0,945604.1875,1.0,1.0,13.515346239940376,0.0
48,before,42248753.234375,74734063.1314654,116982816.3658404,0.3611534971277359,0.6388465028722641,4314542.5,2611709.75,0.3375966966944409,0.5339809706275553,1.6519992315378844,1.5981353521347046
48,baseline_compensated,50915623.9140625,67301066.17772168,118216690.09178418,0.4306974241499342,0.5693025758500657,5469590.5,2981125.5,0.427974851347807,0.6435213395981971,1.834740100676741,1.0459747314453125
48,physics_compensated,42814549.7734375,74473045.37267841,117287595.14611591,0.3650390283823237,0.6349609716176763,3964140.25,3964140.25,0.3101790406824073,0.5411320594047855,1.0,1.2917652130126953
48,ideal,79120334.91516113,42485201.56443155,121605536.47959268,0.6506310255737309,0.3493689744262691,12780168.0,945604.1875,1.0,1.0,13.515346239940376,0.0
49,before,58683886.30517578,59794416.65899289,118478302.96416867,0.4953133598049891,0.5046866401950109,6960000.0,2406308.5,0.5445937799878687,0.7417042201363421,2.8923972134080067,1.3493543863296509
49,baseline_compensated,69873261.17089844,50600798.41661635,120474059.58751479,0.5799859439462243,0.42001405605377573,10021231.0,1020994.8125,0.7841235733364381,0.883126458524498,9.815163483017207,0.5573803186416626
49,physics_compensated,70972504.6796875,49642603.079023525,120615107.75871103,0.5884213511765631,0.4115786488234369,10376969.0,831794.875,0.8119587316849043,0.897019770654278,12.475394249092963,0.5206610560417175
49,ideal,79120334.91516113,42485201.56443155,121605536.47959268,0.6506310255737309,0.3493689744262691,12780168.0,945604.1875,1.0,1.0,13.515346239940376,0.0
50,before,42802381.3984375,74275260.37686154,117077641.77529904,0.3655897125139047,0.6344102874860953,6252035.0,4703178.0,0.4891981858141458,0.5409782636073708,1.3293213652555782,1.8502726554870605
50,baseline_compensated,63841953.7265625,55922481.349045545,119764435.07560804,0.533062705019722,0.466937294980278,8381781.5,1120092.75,0.6558428261662914,0.8068969095621084,7.483113786782389,0.8227592706680298
50,physics_compensated,64396519.0546875,55436005.442923024,119832524.49761052,0.5373876526816522,0.4626123473183478,8541470.0,1167006.25,0.668337849705888,0.8139060473358507,7.319129610488376,0.8277992010116577
50,ideal,79120334.91516113,42485201.56443155,121605536.47959268,0.6506310255737309,0.3493689744262691,12780168.0,945604.1875,1.0,1.0,13.515346239940376,0.0
51,before,38397144.9609375,78256121.18354169,116653266.14447919,0.32915619279258995,0.67084380720741,5215679.0,4528285.5,0.4081072330191591,0.48530058678479876,1.1517999472427258,1.9629405736923218
51,baseline_compensated,71611727.1875,49064963.75991298,120676690.94741298,0.5934180546822094,0.4065819453177906,10407520.0,1029037.75,0.8143492323418596,0.9050988884752266,10.11383693163832,0.4870273470878601
51,physics_compensated,71528964.31054688,49166697.64083834,120695661.95138521,0.5926390655146984,0.4073609344853016,10555892.0,941969.4375,0.8259587823884631,0.9040528504744791,11.206193725367019,0.4703614413738251
51,ideal,79120334.91516113,42485201.56443155,121605536.47959268,0.6506310255737309,0.3493689744262691,12780168.0,945604.1875,1.0,1.0,13.515346239940376,0.0
52,before,52725661.708984375,65363321.21712297,118088982.92610735,0.4464909460857731,0.5535090539142269,6688883.5,2795832.25,0.5233799352246387,0.6663983635246344,2.392448080531298,1.409409523010254
52,baseline_compensated,56156932.17578125,62800497.1545745,118957429.33035575,0.4720758719476719,0.5279241280523281,6870195.0,2289606.25,0.5375668770551373,0.7097661079923007,3.0006010858854006,1.1200908422470093
52,physics_compensated,55133631.78125,63700170.61336437,118833802.39461437,0.46395579936225867,0.5360442006377413,6571785.0,2329608.5,0.5142174187381574,0.6968326390474521,2.820982581407992,1.1314976215362549
52,ideal,79120334.91516113,42485201.56443155,121605536.47959268,0.6506310255737309,0.3493689744262691,12780168.0,945604.1875,1.0,1.0,13.515346239940376,0.0
53,before,46908712.8828125,70472844.86967364,117381557.75248614,0.3996259189346035,0.6003740810653966,3342280.75,2321145.25,0.26152087750333175,0.5928780879544001,1.439927445298824,1.7657139301300049
53,baseline_compensated,74839823.69091797,46238661.33781737,121078485.02873534,0.6181100108178291,0.3818899891821708,11488075.0,919197.5625,0.8988985903784676,0.9458987221321414,12.497938929205983,0.3792235255241394
53,physics_compensated,75418179.87002563,45733064.98390904,121151244.85393468,0.6225126284170925,0.3774873715829074,11672486.0,897425.375,0.9133280564073962,0.9532085518962321,13.006636902817686,0.3387519121170044
53,ideal,79120334.91516113,42485201.56443155,121605536.47959268,0.6506310255737309,0.3493689744262691,12780168.0,945604.1875,1.0,1.0,13.515346239940376,0.0
54,before,56648636.748046875,61787064.06760374,118435700.81565061,0.47830710130404425,0.5216928986959557,6942244.5,2212482.75,0.543204479002154,0.7159807501926005,3.1377620910264725,1.4333986043930054
54,baseline_compensated,72005315.0234375,48778889.4385595,120784204.461997,0.5961484396421465,0.4038515603578535,10918573.0,936989.875,0.8543372043309603,0.9100734356173682,11.652818553669004,0.6390010714530945
54,physics_compensated,72742991.69726562,48143326.64399773,120886318.34126335,0.6017471017018765,0.39825289829812344,11210711.0,874141.8125,0.877195902276089,0.9193969132621369,12.824819542652868,0.5660435557365417
54,ideal,79120334.91516113,42485201.56443155,121605536.47959268,0.6506310255737309,0.3493689744262691,12780168.0,945604.1875,1.0,1.0,13.515346239940376,0.0
55,before,53154707.3125,65162242.79817107,118316950.11067107,0.44925690919838834,0.5507430908016117,5093539.0,3066864.25,0.398550238150234,0.6718210605338885,1.660829624265241,1.3706539869308472
55,baseline_compensated,64312348.4453125,55586993.03312586,119899341.47843836,0.5363861690339464,0.46361383096605363,8994925.0,1047390.5625,0.703818995180658,0.8128422170390597,8.587937797081306,0.9139044284820557
55,physics_compensated,66011648.0390625,54086799.90698774,120098447.94605024,0.5496461375480537,0.4503538624519463,9458856.0,999766.625,0.740119848189789,0.8343196235183437,9.461063975805354,0.8464850783348083
55,ideal,79120334.91516113,42485201.56443155,121605536.47959268,0.6506310255737309,0.3493689744262691,12780168.0,945604.1875,1.0,1.0,13.515346239940376,0.0
56,before,27652981.740356445,88228968.90658468,115881950.64694113,0.23863062009205474,0.7613693799079453,3503307.25,3503307.25,0.2741205945023571,0.3495053676151407,1.0,2.045480966567993
56,baseline_compensated,61991237.40625,57438467.43969379,119429704.8459438,0.5190604589219615,0.48093954107803844,7180803.5,2067130.625,0.5618708220424019,0.7835057507367953,3.473802484059274,0.864730954170227
56,physics_compensated,55064733.734375,63672296.58109465,118737030.31546965,0.46375367135319784,0.5362463286468022,5843749.0,2856743.75,0.45725134442677123,0.6959618382988345,2.0455978944558817,0.951984167098999
56,ideal,79120334.91516113,42485201.56443155,121605536.47959268,0.6506310255737309,0.3493689744262691,12780168.0,945604.1875,1.0,1.0,13.515346239940376,0.0
57,before,30505910.525390625,85456880.18056646,115962790.70595708,0.2630663710288193,0.7369336289711808,3546152.75,3196525.5,0.2774730934679419,0.3855634655503088,1.109377275419827,2.1099400520324707
57,baseline_compensated,62862036.794921875,56804426.820447296,119666463.61536917,0.5253103910296242,0.4746896089703758,8274539.0,1960665.875,0.6474515045498619,0.7945117631557975,4.220269810122543,0.8475247621536255
57,physics_compensated,63112554.671875,56582999.61568728,119695554.28756228,0.5272756790970733,0.47272432090292676,8344534.0,1980103.5,0.6529283496116796,0.7976780525455195,4.2141908238635,0.8361537456512451
57,ideal,79120334.91516113,42485201.56443155,121605536.47959268,0.6506310255737309,0.3493689744262691,12780168.0,945604.1875,1.0,1.0,13.515346239940376,0.0
58,before,35623491.2109375,80858744.7963853,116482236.0073228,0.30582767323163323,0.6941723267683668,4313093.5,3875667.5,0.33748331790317626,0.4502444441006946,1.1128646871796923,1.6729793548583984
58,baseline_compensated,59340694.71875,59729794.66638258,119070489.38513258,0.498366094110968,0.501633905889032,6024252.5,1595636.75,0.4713750633012023,0.7500056057950162,3.77545359242948,1.1841200590133667
58,physics_compensated,61131863.09375,58060610.58008286,119192473.67383286,0.5128835840846442,0.48711641591535576,5972454.5,1428243.5,0.46732206493686157,0.7726441395792909,4.181678054197341,1.243456244468689
58,ideal,79120334.91516113,42485201.56443155,121605536.47959268,0.6506310255737309,0.3493689744262691,12780168.0,945604.1875,1.0,1.0,13.515346239940376,0.0
59,before,46175490.0,71352652.25194517,117528142.25194517,0.39288879340076327,0.6071112065992368,3499904.25,2725797.25,0.2738543225722854,0.5836109016665929,1.2839928758457733,1.4093979597091675
59,baseline_compensated,59608694.115234375,59749919.75184192,119358613.8670763,0.4994083978020857,0.5005916021979143,7671270.5,2377037.0,0.6002480170839695,0.7533928436874208,3.227240678205682,1.0043282508850098
59,physics_compensated,62757427.58203125,56981401.4365271,119738829.01855835,0.5241192693834049,0.4758807306165951,8611627.0,2059094.625,0.6738273706574124,0.7931896098433425,4.1822395607486955,0.8716275691986084
59,ideal,79120334.91516113,42485201.56443155,121605536.47959268,0.6506310255737309,0.3493689744262691,12780168.0,945604.1875,1.0,1.0,13.515346239940376,0.0
60,before,42619235.94921875,74437505.57394566,117056741.5231644,0.3640904009000183,0.6359095990999817,3715966.5,2418833.75,0.29076037967576013,0.5386634927028349,1.5362637055977906,1.80739164352417
60,baseline_compensated,47643774.328125,70195877.59331375,117839651.92143875,0.40431020926545264,0.5956897907345474,3796346.75,2504558.5,0.29704983142631614,0.6021685117891916,1.515774836163739,1.1329448223114014
60,physics_compensated,53754214.970703125,64660162.00020577,118414376.9709089,0.45395007215981076,0.5460499278401892,4563554.5,1964392.875,0.3570809476056966,0.6793982233308605,2.3231373713875847,1.3007317781448364
60,ideal,79120334.91516113,42485201.56443155,121605536.47959268,0.6506310255737309,0.3493689744262691,12780168.0,945604.1875,1.0,1.0,13.515346239940376,0.0
61,before,64670146.904296875,55050271.84229618,119720418.74659306,0.5401764175347676,0.45982358246523236,8331142.5,1273672.875,0.6518805151857159,0.8173644231112159,6.541037862645854,0.8204016089439392
61,baseline_compensated,71293401.0,49359073.37506057,120652474.37506057,0.5908987890159398,0.4091012109840602,10438984.0,934758.25,0.8168111718093221,0.9010755714879902,11.167576215561617,0.4866556227207184
61,physics_compensated,72960589.5,47906879.55978984,120867469.05978984,0.6036412449731068,0.3963587550268932,11005495.0,825918.75,0.8611385233746536,0.9221471266297585,13.325154562721817,0.41607150435447693
61,ideal,79120334.91516113,42485201.56443155,121605536.47959268,0.6506310255737309,0.3493689744262691,12780168.0,945604.1875,1.0,1.0,13.515346239940376,0.0
62,before,43412538.7421875,73544147.47988614,116956686.22207364,0.37118475347153,0.62881524652847,3560340.5,1783230.625,0.2785832314567383,0.5486900275224788,1.9965676060548814,1.8970867395401
62,baseline_compensated,58376524.109375,60836336.176122546,119212860.28549755,0.4896831094361101,0.5103168905638898,7530929.5,2094281.0,0.5892668625326365,0.7378194767751017,3.5959498749212737,1.1211252212524414
62,physics_compensated,65169910.94140625,54847117.14364478,120017028.08505103,0.5430055383076398,0.4569944616923603,9391989.0,1556483.75,0.7348877573440349,0.8236809286928121,6.0341066843775275,0.9229766726493835
62,ideal,79120334.91516113,42485201.56443155,121605536.47959268,0.6506310255737309,0.3493689744262691,12780168.0,945604.1875,1.0,1.0,13.515346239940376,0.0
63,before,43401321.9609375,73696409.2489883,117097731.2099258,0.3706418690822473,0.6293581309177527,5131955.0,4482812.5,0.40155614542782225,0.5485482588954623,1.1448069710700592,2.0570030212402344
63,baseline_compensated,71691383.50390625,48983319.88035631,120674703.38426256,0.5940879197823301,0.40591208021766995,10427354.0,839091.875,0.8159011681223596,0.9061056627323333,12.426951458682638,0.4914783835411072
63,physics_compensated,69489499.2421875,50922149.47199255,120411648.71418005,0.5770994748783321,0.4229005251216679,9810583.0,1048743.25,0.7676411608986674,0.8782761007862195,9.354608956958721,0.5550361275672913
63,ideal,79120334.91516113,42485201.56443155,121605536.47959268,0.6506310255737309,0.3493689744262691,12780168.0,945604.1875,1.0,1.0,13.515346239940376,0.0
64,before,43000870.421875,74368538.07735637,117369408.49923137,0.3663720467855694,0.6336279532144307,3263315.75,2540018.75,0.2553421637336849,0.5434869615754764,1.2847604963546038,1.608987808227539
64,baseline_compensated,58445190.84277344,60497292.03760737,118942482.88038081,0.49137355659164395,0.508626443408356,6710111.0,1677576.375,0.5250409071304853,0.7386873539582819,3.999884058929955,1.2384244203567505
64,physics_compensated,76073839.83691406,45181089.1151461,121254928.95206016,0.6273876080286264,0.37261239197137364,11997285.0,979449.9375,0.9387423545605973,0.9614954223650121,12.249002772538336,0.4713708758354187
64,ideal,79120334.91516113,42485201.56443155,121605536.47959268,0.6506310255737309,0.3493689744262691,12780168.0,945604.1875,1.0,1.0,13.515346239940376,0.0
65,before,46667346.75488281,70924422.0541999,117591768.80908272,0.39685895728509746,0.6031410427149025,3670928.75,2294320.75,0.2872363454064141,0.5898274672993119,1.600006777605093,1.3849477767944336
65,baseline_compensated,69605929.82885742,50919728.569743335,120525658.39860076,0.5775195983469152,0.42248040165308476,10395860.0,1196690.5,0.8134368812679145,0.8797476641560507,8.68717517185939,0.6950464248657227
65,physics_compensated,68081877.63476562,52284950.019189596,120366827.65395522,0.5656199383313104,0.43438006166868953,10119612.0,1409255.0,0.7918215159612926,0.860485205323868,7.1808239105059055,0.7914749979972839
65,ideal,79120334.91516113,42485201.56443155,121605536.47959268,0.6506310255737309,0.3493689744262691,12780168.0,945604.1875,1.0,1.0,13.515346239940376,0.0
66,before,72431166.74609375,47988607.79267517,120419774.53876892,0.6014889749089729,0.3985110250910271,10760883.0,1490575.375,0.8419985558875283,0.9154557652436631,7.219281346305617,0.6984395980834961
66,baseline_compensated,76603435.56640625,44700997.28669806,121304432.85310431,0.6314974132822541,0.36850258671774594,12060369.0,895227.25,0.9436784399078322,0.968188969985356,13.471851979483422,0.2597646415233612
66,physics_compensated,76706087.7578125,44607736.92940824,121313824.68722074,0.6322946948180157,0.36770530518198424,12066447.0,895749.0,0.9441540205105285,0.9694863885505872,13.470790366497758,0.25956737995147705
66,ideal,79120334.91516113,42485201.56443155,121605536.47959268,0.6506310255737309,0.3493689744262691,12780168.0,945604.1875,1.0,1.0,13.515346239940376,0.0
67,before,38005834.08984375,78528176.90577908,116534010.99562283,0.3261351236873783,0.6738648763126217,5371016.5,3469874.0,0.42026180720003053,0.4803548181462643,1.5478995779097455,2.2946598529815674
67,baseline_compensated,55813585.75390625,62994884.17403287,118808469.92793912,0.4697778347600879,0.5302221652399122,6001989.0,2919561.25,0.46963302829821957,0.7054265608677446,2.055784580645465,0.9351199269294739
67,physics_compensated,50482293.0,67738965.8079989,118221258.8079989,0.42701535670490043,0.5729846432950996,4749635.0,3299721.0,0.3716410457202128,0.6380444806525525,1.4394050284857416,1.0642037391662598
67,ideal,79120334.91516113,42485201.56443155,121605536.47959268,0.6506310255737309,0.3493689744262691,12780168.0,945604.1875,1.0,1.0,13.515346239940376,0.0
68,before,50000892.962890625,67422961.50067729,117423854.46356791,0.4258154630616726,0.5741845369383274,4741831.5,3121102.0,0.37103045124289447,0.6319600772229466,1.5192811705609108,2.056788206100464
68,baseline_compensated,64168364.00390625,55513807.185067445,119682171.1889737,0.5361564163352851,0.46384358366471484,7720658.0,1847292.125,0.6041124029042497,0.8110224011654207,4.179446171785093,1.1562994718551636
68,physics_compensated,62728489.63671875,57002447.94274628,119730937.57946503,0.523912122504562,0.476087877495438,8606558.0,1714585.0,0.6734307405035678,0.7928238638522073,5.019615825403815,1.1257919073104858
68,ideal,79120334.91516113,42485201.56443155,121605536.47959268,0.6506310255737309,0.3493689744262691,12780168.0,945604.1875,1.0,1.0,13.515346239940376,0.0
69,before,27738297.13873291,88044628.95941055,115782926.09814346,0.2395715678771197,0.7604284321228802,3845588.5,3845588.5,0.3009028128581721,0.35058366687244225,1.0,2.1118249893188477
69,baseline_compensated,69215002.68164062,51170149.44065341,120385152.12229404,0.5749463406527752,0.42505365934722483,9668967.0,1126556.0,0.7565602424005694,0.8748067453943191,8.582766413742416,0.6975969672203064
69,physics_compensated,65036958.2734375,54920664.921632916,119957623.19507042,0.542166112842007,0.457833887157993,8944270.0,1927795.0,0.6998554322603584,0.8220005431369204,4.639637513324809,0.8269742727279663
69,ideal,79120334.91516113,42485201.56443155,121605536.47959268,0.6506310255737309,0.3493689744262691,12780168.0,945604.1875,1.0,1.0,13.515346239940376,0.0
70,before,33053034.859375,83134685.8174198,116187720.6767948,0.28447958757466535,0.7155204124253347,3266710.75,3266710.75,0.25560780969389446,0.41775650842248063,1.0,1.8853894472122192
70,baseline_compensated,43858972.671875,73480679.2664479,117339651.9383229,0.3737779339496297,0.6262220660503702,5326953.0,2574895.5,0.41681400432294785,0.5543324951657995,2.0688035689215347,1.5814744234085083
70,physics_compensated,45849117.09375,71703719.89679095,117552836.99054095,0.3900298645913523,0.6099701354086476,4519333.0,2892506.25,0.3536207818238383,0.579485882395631,1.562428084641131,1.4147454500198364
70,ideal,79120334.91516113,42485201.56443155,121605536.47959268,0.6506310255737309,0.3493689744262691,12780168.0,945604.1875,1.0,1.0,13.515346239940376,0.0
71,before,71691126.22460938,48771087.8328667,120462214.05747607,0.5951337254220102,0.40486627457798985,10629593.0,1440623.5,0.8317256079888777,0.9061024109855207,7.378467031809491,0.6746439933776855
71,baseline_compensated,73913985.87890625,47079417.31263162,120993403.19153787,0.610892692735464,0.389107307264536,11379125.0,892556.375,0.8903736633196058,0.9341970804112808,12.748914599371945,0.3777136504650116
71,physics_compensated,72642585.29785156,48194544.83490464,120837130.1327562,0.6011611267004082,0.39883887329959183,11006318.0,1083573.0,0.8612029200242125,0.9181278792075955,10.15743101756873,0.43621987104415894
71,ideal,79120334.91516113,42485201.56443155,121605536.47959268,0.6506310255737309,0.3493689744262691,12780168.0,945604.1875,1.0,1.0,13.515346239940376,0.0
72,before,49565251.015625,67971516.17352822,117536767.18915322,0.4216999684520767,0.5783000315479233,6021246.0,4494692.0,0.4711398160024187,0.6264540091845244,1.3396348403850586,1.8292133808135986
72,baseline_compensated,65243467.51171875,54741121.18046203,119984588.69218078,0.5437653970636195,0.4562346029363805,8991332.0,1812927.75,0.7035378564663626,0.8246106084065212,4.959564439344039,0.7321519255638123
72,physics_compensated,63752471.396484375,56064676.28086996,119817147.67735434,0.5320813642481135,0.4679186357518865,8630457.0,1859403.875,0.6753007472202244,0.8057659445557788,4.64151823927978,0.7970356345176697
72,ideal,79120334.91516113,42485201.56443155,121605536.47959268,0.6506310255737309,0.3493689744262691,12780168.0,945604.1875,1.0,1.0,13.515346239940376,0.0
73,before,62438988.96875,56350351.33339466,118789340.30214466,0.5256278788141625,0.47437212118583755,5365263.0,1170447.75,0.41981161749986384,0.7891648719093752,4.583940632975714,1.4739888906478882
73,baseline_compensated,56576061.375,62337781.35037115,118913842.72537115,0.4757735523328528,0.5242264476671472,6425119.5,1780761.25,0.5027413958877536,0.715063471807408,3.608074636619592,0.9662734866142273
73,physics_compensated,57719312.21875,61294681.437802926,119013993.65655293,0.4849792066075414,0.5150207933924587,6526085.0,1680872.375,0.5106415659011682,0.729512991579738,3.8825583054751553,0.9482023119926453
73,ideal,79120334.91516113,42485201.56443155,121605536.47959268,0.6506310255737309,0.3493689744262691,12780168.0,945604.1875,1.0,1.0,13.515346239940376,0.0
74,before,58663525.375,60392286.58038987,119055811.95538987,0.49273970259411765,0.5072602974058824,6242596.0,2355892.25,0.48845961962315365,0.7414468788321423,2.6497799294513578,0.9714881181716919
74,baseline_compensated,59769268.9375,59515428.49489801,119284697.432398,0.5010640109253991,0.4989359890746009,7183006.0,2432803.75,0.562043159370049,0.7554223449836148,2.9525628608555046,0.835950493812561
74,physics_compensated,58730682.0625,60433702.36314866,119164384.42564866,0.49285432342533836,0.5071456765746616,6890754.5,2674300.0,0.5391755804775024,0.7422956705817224,2.576657256104401,0.8601208925247192
74,ideal,79120334.91516113,42485201.56443155,121605536.47959268,0.6506310255737309,0.3493689744262691,12780168.0,945604.1875,1.0,1.0,13.515346239940376,0.0
75,before,56381386.61230469,62387455.54986,118768842.16216469,0.4747153006284479,0.5252846993715521,6444784.0,1662197.375,0.5042800689318012,0.7126029821886006,3.877267583821085,1.0401582717895508
75,baseline_compensated,65367012.75,54582203.193991095,119949215.9439911,0.5449557317700382,0.4550442682299618,8760120.0,1730805.5,0.6854463884981794,0.826172093686048,5.0612966043844905,0.6663399934768677
75,physics_compensated,65980662.0,54047395.17383945,120028057.17383945,0.5497103223493709,0.45028967765062916,8981557.0,1567440.75,0.7027729995411641,0.8339279917198216,5.730077516486668,0.6491630673408508
75,ideal,79120334.91516113,42485201.56443155,121605536.47959268,0.6506310255737309,0.3493689744262691,12780168.0,945604.1875,1.0,1.0,13.515346239940376,0.0
76,before,30442708.029296875,85541296.02455094,115984004.05384782,0.2624733322291862,0.7375266677708138,2961205.25,2961205.25,0.23170315523238819,0.38476465073030686,1.0,1.9751405715942383
76,baseline_compensated,61256127.58984375,58073219.589524955,119329347.1793687,0.5133366521964393,0.4866633478035607,6875249.0,2005000.75,0.5379623335154906,0.7742147155409194,3.4290505876369375,1.0361583232879639
76,physics_compensated,65397051.47894287,54422445.96322465,119819497.44216752,0.5457964093907808,0.4542035906092193,8009520.5,1464845.75,0.6267148053139834,0.8265517524548726,5.467825195929333,0.8573340177536011
76,ideal,79120334.91516113,42485201.56443155,121605536.47959268,0.6506310255737309,0.3493689744262691,12780168.0,945604.1875,1.0,1.0,13.515346239940376,0.0
77,before,37643318.07861328,79001796.5196577,116645114.59827098,0.322716628195342,0.6772833718046579,5127204.0,2863532.75,0.40118439757599433,0.47577298704533194,1.7905169759277242,1.9539626836776733
77,baseline_compensated,61542804.65234375,57978280.97944465,119521085.6317884,0.5149116938407019,0.48508830615929804,7787551.0,2173975.75,0.6093465281520556,0.7778380200025018,3.582170132302534,0.8495864868164062
77,physics_compensated,61766670.8125,57830082.498007506,119596753.3105075,0.516457755773152,0.48354224422684794,8164311.5,2169431.0,0.6388266179286533,0.7806674589880205,3.7633423234018504,0.8478875756263733
77,ideal,79120334.91516113,42485201.56443155,121605536.47959268,0.6506310255737309,0.3493689744262691,12780168.0,945604.1875,1.0,1.0,13.515346239940376,0.0
78,before,36267505.171875,80188163.28759953,116455668.45947453,0.31142756425373785,0.6885724357462621,3440728.0,3440728.0,0.26922400394110624,0.458384120981841,1.0,1.7495111227035522
78,baseline_compensated,62519361.765625,57055575.7850679,119574937.5506929,0.5228467022123293,0.47715329778767074,7739179.0,1966386.875,0.6055616013811399,0.7901807017458032,3.9357356878208414,0.7878884077072144
78,physics_compensated,61833978.6875,57672592.04764554,119506570.73514554,0.5174107022494899,0.48258929775051,7612442.0,1966000.75,0.5956449085802314,0.7815181615927576,3.872044301102123,0.7781261205673218
78,ideal,79120334.91516113,42485201.56443155,121605536.47959268,0.6506310255737309,0.3493689744262691,12780168.0,945604.1875,1.0,1.0,13.515346239940376,0.0
79,before,29270614.447265625,86677250.1013797,115947864.54864532,0.25244634354594164,0.7475536564540584,5699894.0,5699894.0,0.4459952326135306,0.3699505882862075,1.0,2.2724170684814453
79,baseline_compensated,74321822.6796875,46754032.0764465,121075854.756134,0.6138451207252136,0.3861548792747864,11715203.0,1033096.0625,0.9166705007320718,0.9393517198755672,11.339897058217662,0.5159793496131897
79,physics_compensated,74833301.32324219,46287299.31076492,121120600.63400711,0.6178412337086049,0.3821587662913951,11750469.0,934773.5,0.9194299323764759,0.9458162860847869,12.570391651025624,0.5082806348800659
79,ideal,79120334.91516113,42485201.56443155,121605536.47959268,0.6506310255737309,0.3493689744262691,12780168.0,945604.1875,1.0,1.0,13.515346239940376,0.0
80,before,43643647.830566406,73392264.62682347,117035912.45738988,0.3729081690755055,0.6270918309244945,7491952.0,5464263.5,0.5862170199953552,0.5516110097026821,1.3710817569467504,1.8267359733581543
80,baseline_compensated,70729279.49285889,49873229.92468017,120602509.41753906,0.5864660680316891,0.4135339319683109,10442283.0,1084168.75,0.817069306131187,0.893945653398715,9.63160301382972,0.5785517692565918
80,physics_compensated,71660366.84570312,49020734.87025803,120681101.71596116,0.5937994087455816,0.40620059125441843,10482883.0,921059.125,0.8202461031811162,0.9057136439392331,11.381335590155517,0.549079954624176
80,ideal,79120334.91516113,42485201.56443155,121605536.47959268,0.6506310255737309,0.3493689744262691,12780168.0,945604.1875,1.0,1.0,13.515346239940376,0.0
81,before,35787165.796875,80736478.88401535,116523644.68089035,0.30712363911102436,0.6928763608889756,5128786.5,4996293.5,0.40130822223933205,0.4523131232349905,1.026518257984644,1.6476218700408936
81,baseline_compensated,63570034.52734375,56503721.871555775,120073756.39889953,0.5294248837868986,0.47057511621310144,10445802.0,919542.5,0.8173446546242584,0.803460129377718,11.3597816305391,1.205317497253418
81,physics_compensated,63488862.462890625,56570916.53700256,120059778.99989319,0.5288104225391511,0.47118957746084883,10394680.0,1184029.625,0.8133445507132614,0.8024341976176951,8.779070878399684,1.1915042400360107
81,ideal,79120334.91516113,42485201.56443155,121605536.47959268,0.6506310255737309,0.3493689744262691,12780168.0,945604.1875,1.0,1.0,13.515346239940376,0.0
82,before,39663176.353515625,77102259.44237205,116765435.79588768,0.3396825103521988,0.6603174896478011,4757264.5,2825737.25,0.37223802535303135,0.5013019269451464,1.6835480722774208,1.6913132667541504
82,baseline_compensated,49048864.203125,69028818.45769536,118077682.66082036,0.4153948747793305,0.5846051252206695,4508720.5,2137380.0,0.35279039367870596,0.6199274087466761,2.1094613498769523,1.1703025102615356
82,physics_compensated,50433678.46875,67777335.75845444,118211014.22720444,0.4266411112234876,0.5733588887765124,4697120.5,2294839.25,0.3675319839301017,0.6374300427674989,2.0468189656421467,1.1302158832550049
82,ideal,79120334.91516113,42485201.56443155,121605536.47959268,0.6506310255737309,0.3493689744262691,12780168.0,945604.1875,1.0,1.0,13.515346239940376,0.0
83,before,52724690.181640625,65231859.13479212,117956549.31643274,0.44698399950816,0.55301600049184,4723564.0,3238946.75,0.3696010881860082,0.6663860844140266,1.4583642043513065,1.7400113344192505
83,baseline_compensated,61020350.375,58283865.346337005,119304215.721337,0.5114685177389485,0.4885314822610515,6741771.5,1309359.75,0.5275182219826844,0.7712347330231941,5.148906937150008,0.9801371693611145
83,physics_compensated,60901420.953125,58443634.56626046,119345055.51938546,0.5102969761762158,0.4897030238237841,7043670.5,1499548.5,0.551140681405753,0.7697315869356235,4.697194188784158,0.8734868764877319
83,ideal,79120334.91516113,42485201.56443155,121605536.47959268,0.6506310255737309,0.3493689744262691,12780168.0,945604.1875,1.0,1.0,13.515346239940376,0.0
84,before,50274392.28515625,67441853.35911295,117716245.6442692,0.4270811731210166,0.5729188268789834,4850778.5,4401640.0,0.37955514356305803,0.6354168285443217,1.1020388991375942,1.710267424583435
84,baseline_compensated,44671016.1953125,72874343.03092441,117545359.22623691,0.3800321551558254,0.6199678448441746,3996158.25,3996158.25,0.312684328562817,0.5645958936247195,1.0,1.3755993843078613
84,physics_compensated,49614991.4140625,68346065.82009283,117961057.23415533,0.42060483838811,0.57939516161189,6376713.5,3409385.5,0.4989538087449242,0.6270826768777392,1.870341004266018,1.5961644649505615
84,ideal,79120334.91516113,42485201.56443155,121605536.47959268,0.6506310255737309,0.3493689744262691,12780168.0,945604.1875,1.0,1.0,13.515346239940376,0.0
85,before,31194739.434570312,84938549.63761728,116133289.07218759,0.268611521156349,0.731388478843651,3701498.75,2803767.5,0.28962833274179184,0.3942695574787404,1.3201874798819802,1.9960381984710693
85,baseline_compensated,71823085.20214844,48977077.75818181,120800162.96033025,0.5945611615253742,0.4054388384746258,11131361.0,966820.1875,0.8709870637068308,0.9077702373120973,11.513372542192599,0.7327237725257874
85,physics_compensated,70058042.125,50473296.73183918,120531338.85683918,0.5812433744572545,0.41875662554274556,10247150.0,1162687.875,0.8018008839946392,0.8854619005357041,8.813328340591838,0.5811939239501953
85,ideal,79120334.91516113,42485201.56443155,121605536.47959268,0.6506310255737309,0.3493689744262691,12780168.0,945604.1875,1.0,1.0,13.515346239940376,0.0
86,before,27855675.06640625,88023318.12668563,115878993.19309188,0.24038589134088942,0.7596141086591106,5246520.0,4694210.0,0.4105204250836139,0.3520672036623105,1.117657710243044,2.1586196422576904
86,baseline_compensated,73798289.9765625,47228018.0125978,121026307.9891603,0.6097706457605253,0.3902293542394747,11635992.0,881232.75,0.9104725383891668,0.9327348026988848,13.20422101879441,0.5740901231765747
86,physics_compensated,73669653.0625,47322773.53177832,120992426.59427832,0.6088782177213049,0.3911217822786951,11482460.0,875517.25,0.8984592377815378,0.9311089638522667,13.115058555385403,0.5615270733833313
86,ideal,79120334.91516113,42485201.56443155,121605536.47959268,0.6506310255737309,0.3493689744262691,12780168.0,945604.1875,1.0,1.0,13.515346239940376,0.0
87,before,45097904.24658203,72232663.81163155,117330568.05821358,0.3843661970869066,0.6156338029130933,4001943.0,3899277.0,0.3131369634577574,0.5699913213833011,1.0263294964681915,2.050661087036133
87,baseline_compensated,53141604.79248047,65181064.2116051,118322669.00408557,0.4491244597486686,0.5508755402513313,5510856.0,3224583.5,0.43120372126563594,0.6716554581001579,1.7090132725668292,1.3462806940078735
87,physics_compensated,52071607.08203125,66141268.52434671,118212875.60637796,0.4404901480902798,0.5595098519097202,5103837.5,2600343.25,0.39935605697828075,0.6581317829084824,1.9627553016318133,1.2249451875686646
87,ideal,79120334.91516113,42485201.56443155,121605536.47959268,0.6506310255737309,0.3493689744262691,12780168.0,945604.1875,1.0,1.0,13.515346239940376,0.0
88,before,42218674.439941406,74833967.58359495,117052642.02353635,0.3606810893807274,0.6393189106192726,5137158.5,3587467.25,0.40196329969997263,0.5336008054719623,1.4319736298637988,1.4944188594818115
88,baseline_compensated,71870067.5546875,48870986.04433443,120741053.59902193,0.5952413484262464,0.4047586515737536,10716374.0,912836.3125,0.8385158943137524,0.9083640461298865,11.739644724091757,0.6697128415107727
88,physics_compensated,67754865.296875,52515595.418687314,120270460.71556231,0.5633541677130027,0.43664583228699727,9704554.0,958263.1875,0.7593447910856884,0.8563521042918605,10.127232399815004,0.8154987692832947
88,ideal,79120334.91516113,42485201.56443155,121605536.47959268,0.6506310255737309,0.3493689744262691,12780168.0,945604.1875,1.0,1.0,13.515346239940376,0.0
89,before,32504225.03515625,83645861.61069779,116150086.64585404,0.27984675667322445,0.7201532433267755,5041302.0,5041302.0,0.394462889689713,0.4108201143234513,1.0,2.0447282791137695
89,baseline_compensated,67889463.921875,52382535.92764442,120271999.84951942,0.5644660769490504,0.4355339230509496,9642661.0,807374.625,0.7545018970016669,0.8580532930588738,11.943230195028733,0.7006760239601135
89,physics_compensated,71496176.70605469,49179795.73234409,120675972.43839878,0.5924640610835036,0.4075359389164964,10480693.0,887204.75,0.8200747439313787,0.9036384487340499,11.813161505278234,0.5748711824417114
89,ideal,79120334.91516113,42485201.56443155,121605536.47959268,0.6506310255737309,0.3493689744262691,12780168.0,945604.1875,1.0,1.0,13.515346239940376,0.0
90,before,28456683.68359375,87349750.62249145,115806434.3060852,0.24572627465914867,0.7542737253408514,3434516.5,3434516.5,0.26873797746633693,0.35966333704359543,1.0,1.892202377319336
90,baseline_compensated,47403374.61328125,70344522.92998445,117747897.5432657,0.402583618071509,0.597416381928491,4259439.0,3581113.25,0.33328505540772235,0.5991301056057304,1.18941756449618,1.2674921751022339
90,physics_compensated,44128562.78125,73328649.55632773,117457212.33757773,0.3756990473639232,0.6243009526360768,4170253.5,3517336.25,0.3263066260161838,0.5577398380399681,1.1856283288241207,1.2573180198669434
90,ideal,79120334.91516113,42485201.56443155,121605536.47959268,0.6506310255737309,0.3493689744262691,12780168.0,945604.1875,1.0,1.0,13.515346239940376,0.0
91,before,38774610.35644531,78016504.91341302,116791115.26985833,0.33199965825184935,0.6680003417481506,3791674.25,3223508.25,0.29668422590375965,0.49007136279216224,1.176257033001234,1.7424603700637817
91,baseline_compensated,63699117.375,56069055.83005524,119768173.20505524,0.5318534604843698,0.46814653951563023,8389947.0,1971667.5,0.6564817457798677,0.8050916043682457,4.255254499047126,0.7316407561302185
91,physics_compensated,63887256.453125,55905795.76598765,119793052.21911265,0.5333135375519881,0.46668646244801193,8447800.0,2021724.0,0.6610085250835513,0.8074694896277903,4.178512991882176,0.7241330146789551
91,ideal,79120334.91516113,42485201.56443155,121605536.47959268,0.6506310255737309,0.3493689744262691,12780168.0,945604.1875,1.0,1.0,13.515346239940376,0.0
92,before,37394715.2421875,79108437.94726464,116503153.18945214,0.32097599265298776,0.6790240073470122,3777170.0,2948980.75,0.2955493229822957,0.47263090180653267,1.280839150950714,2.047833204269409
92,baseline_compensated,49931851.75,68188710.8005135,118120562.5505135,0.4227193866321705,0.5772806133678294,4394583.5,3660493.75,0.3438596034105342,0.6310874670025189,1.2005439156944333,1.1054136753082275
92,physics_compensated,50928328.03125,67329163.1449641,118257491.1762141,0.43065625293337484,0.5693437470666252,4784023.0,3682995.75,0.37433177717225624,0.6436819066281664,1.2989488244725778,1.0638422966003418
92,ideal,79120334.91516113,42485201.56443155,121605536.47959268,0.6506310255737309,0.3493689744262691,12780168.0,945604.1875,1.0,1.0,13.515346239940376,0.0
93,before,37341651.375,79314113.66136509,116655765.03636509,0.320101208571728,0.6798987914282719,3737551.5,3539366.0,0.2924493246098173,0.4719602288721423,1.0559946329370853,1.7162021398544312
93,baseline_compensated,47995567.3046875,69907320.16824037,117902887.47292787,0.4070771151869198,0.5929228848130802,4221904.5,3453279.0,0.3303481221843093,0.60661481471422,1.2225784536957482,1.1389590501785278
93,physics_compensated,45039770.5390625,72436716.12220699,117476486.66126949,0.38339391838410797,0.616606081615892,4131821.5,3555902.5,0.3232994667988715,0.5692565708595342,1.1619614148588158,1.3005152940750122
93,ideal,79120334.91516113,42485201.56443155,121605536.47959268,0.6506310255737309,0.3493689744262691,12780168.0,945604.1875,1.0,1.0,13.515346239940376,0.0
94,before,26886910.4296875,88846939.70974831,115733850.13943581,0.23231673704187863,0.7676832629581214,5465567.0,5465567.0,0.4276600276303097,0.33982301084187394,1.0,1.8354990482330322
94,baseline_compensated,72741871.61425781,48176728.20254727,120918599.81680508,0.6015771909736277,0.3984228090263723,11451636.0,1213273.25,0.8960473759030397,0.9193827565600828,9.438628932105772,0.4921530485153198
94,physics_compensated,74907685.9140625,46238675.19438608,121146361.10844858,0.6183238623816869,0.38167613761831315,11867541.0,908189.6875,0.928590375337789,0.9467564311296741,13.067249235859661,0.45838823914527893
94,ideal,79120334.91516113,42485201.56443155,121605536.47959268,0.6506310255737309,0.3493689744262691,12780168.0,945604.1875,1.0,1.0,13.515346239940376,0.0
95,before,44219527.37109375,72772740.28779468,116992267.65888843,0.37796965778989405,0.6220303422101059,5217562.5,3493337.5,0.40825460979855666,0.5588895372916369,1.4935752700676646,1.876635193824768
95,baseline_compensated,66396068.0546875,53699163.706112,120095231.7607995,0.5528618170863963,0.44713818291360374,9145685.0,1405217.75,0.7156153972310849,0.8391782988012176,6.508375659217228,0.6432616710662842
95,physics_compensated,68168398.453125,52124479.28492439,120292877.73804939,0.5666869039542722,0.4333130960457278,9573968.0,1347278.5,0.7491269285348987,0.8615787398551885,7.106153627479396,0.6028613448143005
95,ideal,79120334.91516113,42485201.56443155,121605536.47959268,0.6506310255737309,0.3493689744262691,12780168.0,945604.1875,1.0,1.0,13.515346239940376,0.0
96,before,33643133.109375,82790552.23865725,116433685.34803225,0.2889467340041004,0.7110532659958996,5076361.0,5076361.0,0.3972061243639364,0.4252147459366766,1.0,1.9688220024108887
96,baseline_compensated,68707243.81933594,51856929.268749595,120564173.08808553,0.569881101984896,0.4301188980151039,11117555.0,963582.75,0.8699067962173893,0.8683891934103805,11.53772729949763,0.9219740629196167
96,physics_compensated,70681005.09301758,50067229.8281835,120748234.92120108,0.5853584952123168,0.41464150478768325,11352288.0,899384.375,0.8882737691711095,0.8933355144263122,12.62228732848511,0.8413706421852112
96,ideal,79120334.91516113,42485201.56443155,121605536.47959268,0.6506310255737309,0.3493689744262691,12780168.0,945604.1875,1.0,1.0,13.515346239940376,0.0
97,before,31467646.603515625,84653210.44860014,116120857.05211577,0.2709904783891902,0.7290095216108098,3693253.0,3693253.0,0.2889831338680368,0.3977188245886173,1.0,1.6525999307632446
97,baseline_compensated,52788423.671875,65490958.41945584,118279382.09133084,0.44630283603539445,0.5536971639646056,5630729.5,1776108.375,0.44058337104801754,0.6671916104561334,3.1702623439293225,1.4403830766677856
97,physics_compensated,39706816.7265625,77342362.02403569,117049178.75059819,0.33923191217913246,0.6607680878208676,4602923.0,4162848.75,0.36016138441998574,0.5018534965649373,1.1057146863671181,1.4285781383514404
97,ideal,79120334.91516113,42485201.56443155,121605536.47959268,0.6506310255737309,0.3493689744262691,12780168.0,945604.1875,1.0,1.0,13.515346239940376,0.0
98,before,48819188.9453125,69064971.24287659,117884160.18818909,0.41412848738437835,0.5858715126156216,4916448.5,3212763.0,0.38469357366820217,0.6170245487163339,1.5302867033765017,1.505972981452942
98,baseline_compensated,71304022.015625,49334919.81052384,120638941.82614884,0.5910531121731842,0.4089468878268157,10342865.0,922810.125,0.8092902221629638,0.9012098102476768,11.208009881772808,0.5756269693374634
98,physics_compensated,70946071.8203125,49681144.06368697,120627215.88399947,0.5881431590739641,0.41185684092603597,10445362.0,917181.9375,0.8173102262818455,0.8966856863837381,11.388538710728808,0.5168247818946838
98,ideal,79120334.91516113,42485201.56443155,121605536.47959268,0.6506310255737309,0.3493689744262691,12780168.0,945604.1875,1.0,1.0,13.515346239940376,0.0
99,before,43074154.859375,74221026.14504263,117295181.00441763,0.36722868314387713,0.6327713168561229,5185769.5,5185769.5,0.4057669273205172,0.5444132018091481,1.0,1.6579015254974365
99,baseline_compensated,65443503.12988281,54537751.66441092,119981254.79429373,0.5454477304982752,0.45455226950172484,8959942.0,1418340.5,0.7010817072201242,0.8271388537479819,6.317200982415717,1.056611180305481
99,physics_compensated,66094663.638183594,54116588.851758435,120211252.48994203,0.5498209382995463,0.45017906170045374,10095440.0,1215205.125,0.7899301480230932,0.8353688556684618,8.307601566443362,0.9964115023612976
99,ideal,79120334.91516113,42485201.56443155,121605536.47959268,0.6506310255737309,0.3493689744262691,12780168.0,945604.1875,1.0,1.0,13.515346239940376,0.0
100,before,46458026.3046875,70885764.59739104,117343790.90207854,0.395913801212166,0.604086198787834,5251659.5,2913325.5,0.4109225715968679,0.5871818711902995,1.8026339658922423,1.7176012992858887
100,baseline_compensated,44419398.44140625,73004579.51419842,117423977.95560467,0.37828218064797814,0.6217178193520219,3662487.25,2445522.5,0.2865758298325969,0.5614157029167801,1.497629749879627,1.4152777194976807
100,physics_compensated,43982240.99511719,73302057.25085445,117284298.24597163,0.3750053643402163,0.6249946356597836,4387755.5,2478837.75,0.3433253381332702,0.555890480522843,1.770085799282345,1.5278249979019165
100,ideal,79120334.91516113,42485201.56443155,121605536.47959268,0.6506310255737309,0.3493689744262691,12780168.0,945604.1875,1.0,1.0,13.515346239940376,0.0
101,before,29633282.673828125,86297928.99618511,115931211.67001323,0.25561091139266573,0.7443890886073343,4279477.0,4279477.0,0.33485295341970467,0.3745343432330411,1.0,2.142462968826294
101,baseline_compensated,63467311.0703125,56264487.29849732,119731798.36880982,0.530078992673393,0.4699210073266071,8211034.5,1727814.25,0.6424825166617528,0.8021618100879755,4.752266917580984,0.7299010753631592
101,physics_compensated,62130021.9609375,57473167.79356447,119603189.75450197,0.5194679346634973,0.48053206533650267,8022316.5,1792876.875,0.6277160441083404,0.7852598453679204,4.474549597835601,0.7866151332855225
101,ideal,79120334.91516113,42485201.56443155,121605536.47959268,0.6506310255737309,0.3493689744262691,12780168.0,945604.1875,1.0,1.0,13.515346239940376,0.0
102,before,57170405.443359375,61251728.54885054,118422133.99220991,0.4827679042426324,0.5172320957573676,7259746.0,2534944.0,0.5680477752718117,0.7225753721171915,2.8638683931479356,1.2443190813064575
102,baseline_compensated,71030626.16015625,49586838.37031412,120617464.53047037,0.5888917200892786,0.4111082799107214,10370203.0,785996.625,0.8114293176740712,0.8977543666406457,13.193699145972795,0.5082252025604248
102,physics_compensated,69097805.97460938,51282337.86780074,120380143.84241012,0.573996705512044,0.42600329448795604,9783671.0,904912.1875,0.7655353982827143,0.8733254990477647,10.811735254698402,0.5608659982681274
102,ideal,79120334.91516113,42485201.56443155,121605536.47959268,0.6506310255737309,0.3493689744262691,12780168.0,945604.1875,1.0,1.0,13.515346239940376,0.0
103,before,35064047.61328125,81379531.75442639,116443579.36770764,0.30112478338161836,0.6988752166183816,3106763.0,3055489.5,0.2430925008184556,0.4431736499962949,1.016780780951792,1.9262728691101074
103,baseline_compensated,63498320.06640625,56235961.744490504,119734281.81089675,0.5303269799262069,0.469673020073793,8221470.0,1916853.125,0.6432990552236872,0.8025537320398606,4.289045359174298,0.7092753052711487
103,physics_compensated,62035410.82421875,57525581.70284669,119560992.52706544,0.5188599518373485,0.48114004816265155,7802251.0,1969217.75,0.6104967477735816,0.7840640574984655,3.9621067807254935,0.7462314963340759
103,ideal,79120334.91516113,42485201.56443155,121605536.47959268,0.6506310255737309,0.3493689744262691,12780168.0,945604.1875,1.0,1.0,13.515346239940376,0.0
104,before,32123731.802734375,84009075.60688488,116132807.40961926,0.2766120316839389,0.7233879683160611,3654688.25,3059797.0,0.285965587463326,0.40601106955853883,1.1944218031457643,1.9441105127334595
104,baseline_compensated,53364559.158203125,65082999.149547875,118447558.307751,0.45053321419721526,0.5494667858027847,4839905.5,2195029.25,0.3787043722742925,0.674473372937876,2.2049389546859115,1.0416240692138672
104,physics_compensated,52618721.96484375,65844466.68343851,118463188.64828226,0.4441778291235176,0.5558221708764823,5265882.0,2578150.5,0.41203542864225257,0.6650467546840589,2.0425037250540647,0.9775880575180054
104,ideal,79120334.91516113,42485201.56443155,121605536.47959268,0.6506310255737309,0.3493689744262691,12780168.0,945604.1875,1.0,1.0,13.515346239940376,0.0
105,before,33147834.325195312,83041993.00792728,116189827.3331226,0.28529033122803993,0.7147096687719601,3478235.0,2455286.75,0.27215878539311844,0.4189546765788966,1.4166308680645958,1.8303297758102417
105,baseline_compensated,55632394.9921875,62931537.8906817,118563932.8828692,0.4692185358522768,0.5307814641477232,4549559.0,2417102.5,0.3559858524551477,0.7031364952112602,1.8822366862803708,1.2301108837127686
105,physics_compensated,56737766.30859375,62018062.90783507,118755829.21642882,0.4777682635282764,0.5222317364717236,5382853.0,2343967.25,0.42118796873405734,0.717107256553354,2.2964710791074405,1.1560215950012207
105,ideal,79120334.91516113,42485201.56443155,121605536.47959268,0.6506310255737309,0.3493689744262691,12780168.0,945604.1875,1.0,1.0,13.515346239940376,0.0
106,before,54665224.474609375,63664941.051144496,118330165.52575387,0.46197201053278175,0.5380279894672183,7159344.0,2135065.0,0.5601916970105557,0.690912450424099,3.3532206279434114,1.2464674711227417
106,baseline_compensated,74615164.70996094,46475679.26900308,121090843.97896402,0.6161916314905125,0.3838083685094875,11660214.0,973257.0625,0.9123678186390038,0.9430592627036908,11.98061072379837,0.33293795585632324
106,physics_compensated,75897926.91064453,45328502.761193484,121226429.67183802,0.6260839910579029,0.3739160089420971,11914598.0,894446.1875,0.9322724083126294,0.9592720631431615,13.320642612722859,0.30065715312957764
106,ideal,79120334.91516113,42485201.56443155,121605536.47959268,0.6506310255737309,0.3493689744262691,12780168.0,945604.1875,1.0,1.0,13.515346239940376,0.0
107,before,47424859.353027344,70424552.7046577,117849412.05768505,0.40241914257335265,0.5975808574266473,4064640.5,2390123.25,0.3180428066360317,0.5994016507119175,1.7005987034350634,1.4279958009719849
107,baseline_compensated,47383336.71875,70409695.30123486,117793032.01998486,0.40225925002686835,0.5977407499731316,4698697.5,2303279.75,0.3676553782391593,0.5988768471412316,2.0400029566534417,1.450603723526001
107,physics_compensated,41935843.497558594,75273636.1475637,117209479.64512229,0.35778542507422323,0.6422145749257767,4001174.0,2804149.75,0.3130767921047673,0.5300261120295485,1.426876007602661,1.483946442604065
107,ideal,79120334.91516113,42485201.56443155,121605536.47959268,0.6506310255737309,0.3493689744262691,12780168.0,945604.1875,1.0,1.0,13.515346239940376,0.0
108,before,36194846.13671875,80535442.17426515,116730288.3109839,0.3100724470095646,0.6899275529904354,5865986.0,5865986.0,0.4589913059045859,0.45746578519327086,1.0,2.0214269161224365
108,baseline_compensated,69825776.0859375,50697000.70301831,120522776.78895581,0.5793575118851396,0.4206424881148603,10315511.0,1038923.4375,0.8071498747121321,0.8825262956837838,9.929038683372662,0.6625194549560547
108,physics_compensated,69348478.99316406,51140330.2854435,120488809.27860756,0.5755595014040584,0.4244404985959415,10313383.0,1180146.75,0.8069833667288254,0.8764937492684377,8.739068255706334,0.661045491695404
108,ideal,79120334.91516113,42485201.56443155,121605536.47959268,0.6506310255737309,0.3493689744262691,12780168.0,945604.1875,1.0,1.0,13.515346239940376,0.0
109,before,52178125.3671875,66311106.10343854,118489231.47062604,0.4403617503428796,0.5596382496571204,7451760.5,1792970.375,0.5830721865315073,0.6594780649391445,4.156097950028873,1.5520633459091187
109,baseline_compensated,52255586.1796875,66099867.05340353,118355453.23309103,0.44151397128085473,0.5584860287191452,4860725.5,3089893.25,0.3803334588402907,0.6604570902754637,1.5731046695545226,1.2485294342041016
109,physics_compensated,55360964.0078125,63332954.714826494,118693918.722639,0.46641786372542493,0.5335821362745751,5516772.0,2713798.5,0.43166662597862565,0.6997058855624759,2.032859845710726,1.1069132089614868
109,ideal,79120334.91516113,42485201.56443155,121605536.47959268,0.6506310255737309,0.3493689744262691,12780168.0,945604.1875,1.0,1.0,13.515346239940376,0.0
110,before,35724636.603515625,80956060.92561224,116680697.52912787,0.30617434897145196,0.6938256510285481,4546100.5,2222400.25,0.35571523785915804,0.451522818271969,2.0455813483642293,2.014941692352295
110,baseline_compensated,58734737.58984375,60512774.93269783,119247512.52254158,0.4925447612900186,0.5074552387099813,7391954.5,2479665.0,0.5783925923352494,0.7423469282937645,2.9810294939034105,1.0526306629180908
110,physics_compensated,53432316.47631836,65167708.34012364,118600024.816442,0.4505253397629207,0.5494746602370792,5775336.0,2595786.25,0.451898284905175,0.6753297560432798,2.224888894453463,1.2348594665527344
110,ideal,79120334.91516113,42485201.56443155,121605536.47959268,0.6506310255737309,0.3493689744262691,12780168.0,945604.1875,1.0,1.0,13.515346239940376,0.0
111,before,58414771.625,59784485.59359765,118199257.21859765,0.4942059112686956,0.5057940887313044,6680544.0,1929900.625,0.5227274007665627,0.7383028862003274,3.461599998186435,1.4420809745788574
111,baseline_compensated,72819261.34960938,48058036.895037144,120877298.24464652,0.6024229727754892,0.3975770272245108,11141204.0,1089155.75,0.8717572413758568,0.9203608835540414,10.22921101963608,0.4067803919315338
111,physics_compensated,72914343.84960938,47976373.87552765,120890717.72513703,0.6031426169161387,0.3968573830838613,11171280.0,981009.125,0.8741105750722525,0.9215626289726112,11.387539336089255,0.4099440574645996
111,ideal,79120334.91516113,42485201.56443155,121605536.47959268,0.6506310255737309,0.3493689744262691,12780168.0,945604.1875,1.0,1.0,13.515346239940376,0.0
112,before,34442509.5234375,81972444.78082785,116414954.30426535,0.2958598380188992,0.7041401619811007,4265943.5,4265943.5,0.33379400802868947,0.4353180451064747,1.0,1.7317187786102295
112,baseline_compensated,69041147.46679688,51334961.799194545,120376109.26599142,0.5735452648186091,0.4264547351813909,9736739.0,1021087.8125,0.7618631460869685,0.8726093935374271,9.535652938762306,0.8134715557098389
112,physics_compensated,70504182.7265625,50137304.53041342,120641487.25697592,0.584410755616623,0.4155892443833769,10724117.0,902273.4375,0.8391217548939889,0.8911006608119452,11.885661878414767,0.7149080634117126
112,ideal,79120334.91516113,42485201.56443155,121605536.47959268,0.6506310255737309,0.3493689744262691,12780168.0,945604.1875,1.0,1.0,13.515346239940376,0.0
113,before,32183877.984375,84002815.17498438,116186693.15935938,0.27700141134262446,0.7229985886573755,4064212.25,4064212.25,0.31800929768685354,0.40677125569406414,1.0,1.8948808908462524
113,baseline_compensated,68174966.75585938,52124387.032022074,120299353.78788145,0.5667109972682753,0.43328900273172466,9603872.0,1068819.5,0.7514668038792605,0.861661756474638,8.985494744435332,0.5787620544433594
113,physics_compensated,67405257.01696777,52803015.42270014,120208272.43966791,0.5607372575027915,0.43926274249720854,9391204.0,1087582.625,0.7348263340513208,0.8519334136950361,8.634933828590725,0.6105912923812866
113,ideal,79120334.91516113,42485201.56443155,121605536.47959268,0.6506310255737309,0.3493689744262691,12780168.0,945604.1875,1.0,1.0,13.515346239940376,0.0
114,before,33662362.55078125,82801627.8844354,116463990.43521665,0.2890366578114633,0.7109633421885367,4195569.0,4195569.0,0.32828746852154056,0.42545778638167553,1.0,2.3094189167022705
114,baseline_compensated,63730725.96875,56017535.51615316,119748261.48490316,0.5322058556715216,0.4677941443284784,8199998.5,1415262.0,0.6416189912370479,0.8054911046204108,5.793979136018631,0.7135922908782959
114,physics_compensated,64832122.029296875,55060008.39784628,119892130.42714316,0.5407537742328675,0.4592462257671325,8587889.0,1356725.375,0.6719699615842296,0.8194116227998128,6.329865393724209,0.6725459694862366
114,ideal,79120334.91516113,42485201.56443155,121605536.47959268,0.6506310255737309,0.3493689744262691,12780168.0,945604.1875,1.0,1.0,13.515346239940376,0.0
115,before,50647939.78125,66973254.44321501,117621194.22446501,0.4306021556335747,0.5693978443664253,5297733.0,2176426.25,0.4145276494017919,0.6401380863157189,2.4341431279833166,1.7504160404205322
115,baseline_compensated,65370264.765625,54720486.22918162,120090750.99480662,0.5443405443309449,0.4556594556690551,9681625.0,1240475.0,0.7575506832148059,0.8262131958329043,7.804772365424535,0.9945371150970459
115,physics_compensated,67839413.81445312,52575071.29169276,120414485.10614589,0.5633825013216008,0.4366174986783991,10566863.0,1036937.25,0.8268172218080388,0.8574207109612937,10.190455594106586,0.9038650393486023
115,ideal,79120334.91516113,42485201.56443155,121605536.47959268,0.6506310255737309,0.3493689744262691,12780168.0,945604.1875,1.0,1.0,13.515346239940376,0.0
116,before,21455837.271484375,93820991.26941362,115276828.540898,0.18612445834135918,0.8138755416586408,3832818.5,3832818.5,0.2999036084658668,0.27117980850929113,1.0,1.9919716119766235
116,baseline_compensated,60985931.0078125,58688293.84766564,119674224.85547814,0.5095995489543448,0.49040045104565516,9120602.0,1589985.875,0.7136527469748442,0.770799707473512,5.736278632035018,1.2283481359481812
116,physics_compensated,61113377.60546875,58639146.244913146,119752523.8503819,0.5103306021493413,0.48966939785065866,9547907.0,1153809.875,0.7470877534630218,0.7724105019398513,8.275112916675289,1.2279876470565796
116,ideal,79120334.91516113,42485201.56443155,121605536.47959268,0.6506310255737309,0.3493689744262691,12780168.0,945604.1875,1.0,1.0,13.515346239940376,0.0
117,before,37629672.16503906,79051113.23100947,116680785.39604853,0.3225010188036788,0.6774989811963211,4797609.0,4797609.0,0.3753948304904912,0.4756005166736019,1.0,1.9701085090637207
117,baseline_compensated,63113884.765625,56565022.47306165,119678907.23868665,0.5273601357317809,0.4726398642682192,8155599.5,1541143.75,0.6381449367488753,0.7976948635682664,5.291913554462392,0.7633002400398254
117,physics_compensated,63679050.75,56060953.30594286,119740004.05594286,0.5318109954318105,0.4681890045681895,8260541.0,1653474.5,0.6463562137837312,0.8048379827800469,4.995868397123754,0.7425748109817505
117,ideal,79120334.91516113,42485201.56443155,121605536.47959268,0.6506310255737309,0.3493689744262691,12780168.0,945604.1875,1.0,1.0,13.515346239940376,0.0
118,before,49550710.337890625,67909898.93255644,117460609.27044706,0.4218495940524422,0.5781504059475577,8031318.0,5579986.5,0.6284203775725014,0.6262702299102081,1.4393077832715186,1.7859004735946655
118,baseline_compensated,70997967.90820312,49739810.24883267,120737778.1570358,0.588034408052968,0.4119655919470319,11121261.0,849757.3125,0.8701967767559863,0.8973415997838302,13.087573165191209,0.7352519035339355
118,physics_compensated,69718769.47460938,50881296.427037805,120600065.90164718,0.5780989334737764,0.42190106652622367,10859617.0,841934.9375,0.8497241194325458,0.8811738417104422,12.898404040870439,0.7933826446533203
118,ideal,79120334.91516113,42485201.56443155,121605536.47959268,0.6506310255737309,0.3493689744262691,12780168.0,945604.1875,1.0,1.0,13.515346239940376,0.0
119,before,48466991.01074219,69111735.21919137,117578726.22993356,0.4122088456372757,0.5877911543627242,5016878.0,3870301.25,0.392551803700859,0.6125731275368361,1.296250001211146,1.8297313451766968
119,baseline_compensated,51068654.03125,67119147.56663454,118187801.59788454,0.4320975036408841,0.5679024963591159,4264706.0,3284978.25,0.3336971783156528,0.6454554835493266,1.2982448209512498,1.0758600234985352
119,physics_compensated,45614388.046875,71973979.51651154,117588367.56338654,0.3879158201791207,0.6120841798208794,3786208.25,3736561.75,0.29625653199551055,0.5765191476475199,1.0132866799270748,1.2168831825256348
119,ideal,79120334.91516113,42485201.56443155,121605536.47959268,0.6506310255737309,0.3493689744262691,12780168.0,945604.1875,1.0,1.0,13.515346239940376,0.0
120,before,54881783.6328125,63228703.8276685,118110487.460481,0.4646647796723012,0.5353352203276988,6152506.0,3857306.5,0.4814104165140865,0.6936495363886027,1.5950264776729566,1.7288334369659424
120,baseline_compensated,58878619.5546875,60395386.942475826,119274006.49716333,0.49364166832182166,0.5063583316781783,7675107.5,1960285.375,0.6005482478790576,0.7441654489686078,3.9153011076257203,1.1253292560577393
120,physics_compensated,61546158.833984375,58084464.97874606,119630623.81273043,0.5144682596517145,0.48553174034828556,8658108.0,1716067.75,0.6774643338021847,0.7778804134231594,5.045318286530354,1.032331109046936
120,ideal,79120334.91516113,42485201.56443155,121605536.47959268,0.6506310255737309,0.3493689744262691,12780168.0,945604.1875,1.0,1.0,13.515346239940376,0.0
121,before,38274892.403930664,78448152.55012226,116723044.95405293,0.3279120452948881,0.6720879547051118,3823734.75,2800321.25,0.29919283924906154,0.48375543967264456,1.365462891087942,2.260042667388916
121,baseline_compensated,68026881.29101562,52231143.7628562,120258025.05387183,0.5656743594495396,0.4343256405504604,9495680.0,1145438.75,0.7430011874648283,0.859790107864928,8.289993681460489,0.6477406024932861
121,physics_compensated,68645156.10546875,51705085.510456964,120350241.61592571,0.5703782159784636,0.42962178402153645,9783846.0,1206359.5,0.7655490913734467,0.8676044682959865,8.110224191047529,0.6376097798347473
121,ideal,79120334.91516113,42485201.56443155,121605536.47959268,0.6506310255737309,0.3493689744262691,12780168.0,945604.1875,1.0,1.0,13.515346239940376,0.0
122,before,37505620.26953125,79630405.13126917,117136025.40080042,0.3201886024491571,0.679811397550843,4488889.5,2054125.75,0.3512386926369043,0.47403262776563876,2.185304137295392,2.3353593349456787
122,baseline_compensated,61974911.32324219,57682486.23266655,119657397.55590874,0.5179363130832343,0.48206368691676565,8468660.0,2102237.25,0.6626407414988598,0.783299405768396,4.0284035495993615,0.9836769700050354
122,physics_compensated,62499658.70171356,57214446.15913409,119714104.86084765,0.5220743100770074,0.47792568992299256,8588637.0,1932158.75,0.6720284897663317,0.7899316751974125,4.445099037540264,0.9390184283256531
122,ideal,79120334.91516113,42485201.56443155,121605536.47959268,0.6506310255737309,0.3493689744262691,12780168.0,945604.1875,1.0,1.0,13.515346239940376,0.0
123,before,42219718.203125,74988418.12216005,117208136.32528505,0.3602114966315443,0.6397885033684557,3229743.5,3229743.5,0.25271526164601277,0.5336139975696034,1.0,1.4821088314056396
123,baseline_compensated,74557978.91064453,46529329.807914495,121087308.71855903,0.6157373526563238,0.3842626473436762,11633912.0,904518.6875,0.9103097862250324,0.9423364927687843,12.861991864595943,0.4809795916080475
123,physics_compensated,74185257.74316406,46863116.2223248,121048373.96548887,0.6128562930082351,0.38714370699176487,11560297.0,903187.9375,0.9045496898006349,0.9376256789447512,12.799436883533446,0.4901983439922333
123,ideal,79120334.91516113,42485201.56443155,121605536.47959268,0.6506310255737309,0.3493689744262691,12780168.0,945604.1875,1.0,1.0,13.515346239940376,0.0
124,before,29467039.583984375,86455458.96797717,115922498.55196154,0.25419603573137234,0.7458039642686276,5640909.0,3919713.5,0.44137987857436617,0.37243320083997605,1.4391125779983664,1.8369156122207642
124,baseline_compensated,68661118.17382812,51752843.902796835,120413962.07662496,0.5702089441267275,0.4297910558732725,10198561.0,852296.8125,0.7979989777912153,0.8678062124920455,11.965973414924628,0.8057051301002502
124,physics_compensated,68078291.13867188,52297880.64539389,120376171.78406577,0.5655462383435209,0.4344537616564791,10233985.0,814278.4375,0.800770772340395,0.8604398756864543,12.568164068571447,0.8121955394744873
124,ideal,79120334.91516113,42485201.56443155,121605536.47959268,0.6506310255737309,0.3493689744262691,12780168.0,945604.1875,1.0,1.0,13.515346239940376,0.0
125,before,37891953.0,78711783.6316936,116603736.6316936,0.3249634539559064,0.6750365460440936,3022746.0,2841844.5,0.236518487080921,0.47891547780517674,1.0636563682495648,1.9449478387832642
125,baseline_compensated,68826928.828125,51542044.04115577,120368972.86928077,0.571799585785867,0.4282004142141331,9753126.0,1123469.625,0.7631453671031555,0.8699018893426891,8.681254733522502,0.5890662670135498
125,physics_compensated,69753867.41015625,50725024.255159825,120478891.66531608,0.5789716891148764,0.4210283108851236,10024165.0,1071501.0,0.7843531477833469,0.8816174436692119,9.35525491810087,0.5591853260993958
125,ideal,79120334.91516113,42485201.56443155,121605536.47959268,0.6506310255737309,0.3493689744262691,12780168.0,945604.1875,1.0,1.0,13.515346239940376,0.0
126,before,47728000.17578125,69650281.2773937,117378281.45317495,0.40661696171468575,0.5933830382853142,6302413.0,5709737.0,0.49314007452797176,0.6032330402412839,1.1038009281338177,1.9600889682769775
126,baseline_compensated,71009531.73535156,49727545.142047554,120737076.87739912,0.5881336004801347,0.4118663995198653,11139556.0,845680.1875,0.8716282915842734,0.897487754715566,13.172303389217097,0.7425258755683899
126,physics_compensated,69448100.08276367,51114869.26861149,120562969.35137516,0.5760317654449968,0.4239682345550032,10788692.0,853265.25,0.8441745053742643,0.8777528578112217,12.644007241593396,0.8140734434127808
126,ideal,79120334.91516113,42485201.56443155,121605536.47959268,0.6506310255737309,0.3493689744262691,12780168.0,945604.1875,1.0,1.0,13.515346239940376,0.0
127,before,33488137.67529297,82698354.69218479,116186492.36747776,0.28822746080823053,0.7117725391917695,5783359.0,5783359.0,0.45252605443058336,0.423255762392835,1.0,1.9678698778152466
127,baseline_compensated,69379200.0834961,51153936.7655226,120533136.8490187,0.5756027089081847,0.42439729109181534,10613875.0,1002456.9375,0.8304957337024051,0.8768820323863615,10.587861286560251,0.867664635181427
127,physics_compensated,70305496.53515625,50303895.56907639,120609392.10423264,0.5829189195680305,0.4170810804319694,10658084.0,1084040.625,0.833954921406354,0.8885894708426497,9.831812345593598,0.8193684220314026
127,ideal,79120334.91516113,42485201.56443155,121605536.47959268,0.6506310255737309,0.3493689744262691,12780168.0,945604.1875,1.0,1.0,13.515346239940376,0.0
128,before,52512824.1484375,65380683.99439238,117893508.14282988,0.44542591848922986,0.5545740815107701,7444363.0,3171198.0,0.5824933600246882,0.6637083147429262,2.3474923357040463,1.5130512714385986
128,baseline_compensated,68000632.6416626,52447280.43817121,120447913.0798338,0.5645646396263525,0.43543536037364755,10705514.0,897588.0,0.8376661402260127,0.8594583518204021,11.926979861584602,0.970931887626648
128,physics_compensated,66662413.64404297,53634564.463440865,120296978.10748383,0.5541486967734214,0.4458513032265786,10374124.0,969778.25,0.811736121152711,0.8425446342653061,10.697418714020447,1.0157887935638428
128,ideal,79120334.91516113,42485201.56443155,121605536.47959268,0.6506310255737309,0.3493689744262691,12780168.0,945604.1875,1.0,1.0,13.515346239940376,0.0
129,before,42010060.109375,75311006.2813276,117321066.3907026,0.35807772126340126,0.6419222787365988,4527505.0,4235812.0,0.3542602100379275,0.5309641339918669,1.0688635378529547,2.119838237762451
129,baseline_compensated,63254183.015625,56446114.37530476,119700297.39092976,0.5284379771341994,0.4715620228658007,8161140.5,2131471.25,0.6385784991245812,0.7994680897578476,3.8288766503418707,0.7548099756240845
129,physics_compensated,60196995.40625,59156001.413406074,119352996.81965607,0.5043609880798254,0.49563901192017457,7412594.0,2381078.75,0.5800075554562351,0.7608283694804606,3.113124250930382,0.8265532851219177
129,ideal,79120334.91516113,42485201.56443155,121605536.47959268,0.6506310255737309,0.3493689744262691,12780168.0,945604.1875,1.0,1.0,13.515346239940376,0.0
130,before,49838039.70654297,67777692.07793817,117615731.78448114,0.423736169901711,0.576263830098289,6490159.5,1861733.0,0.507830530866261,0.6299017788534783,3.4860850078931835,2.2167446613311768
130,baseline_compensated,55845530.19921875,62875472.392758146,118721002.5919769,0.4703930137041545,0.5296069862958455,5602982.5,1861585.75,0.43841227282771245,0.7058303059396879,3.009790174854959,1.3027046918869019
130,physics_compensated,46973612.44140625,70778067.7824023,117751680.22380856,0.3989209525683568,0.6010790474316432,4183835.0,3534801.25,0.32736932722637135,0.5936983519063076,1.183612515696604,1.2740709781646729
130,ideal,79120334.91516113,42485201.56443155,121605536.47959268,0.6506310255737309,0.3493689744262691,12780168.0,945604.1875,1.0,1.0,13.515346239940376,0.0
131,before,41531622.87792969,75967544.31344628,117499167.19137597,0.35346312548994785,0.6465368745100522,5170424.0,1944687.125,0.40456619975574654,0.5249171773914135,2.6587433698364205,2.137558698654175
131,baseline_compensated,44532113.34765625,72959244.22550282,117491357.57315907,0.3790245875738321,0.6209754124261679,3157724.75,2509256.0,0.24708006577065342,0.5628403038916227,1.258430686227312,1.2567992210388184
131,physics_compensated,45791081.16015625,71622855.14917198,117413936.30932823,0.38999698502160063,0.6100030149783994,3696923.5,2516986.5,0.2892703366653709,0.578752367634148,1.4687895624390517,1.3925732374191284
131,ideal,79120334.91516113,42485201.56443155,121605536.47959268,0.6506310255737309,0.3493689744262691,12780168.0,945604.1875,1.0,1.0,13.515346239940376,0.0
132,before,62358039.63183594,57362342.83189274,119720382.46372868,0.5208640195476185,0.47913598045238154,8731656.0,1574694.125,0.6832191877289876,0.7881417551973332,5.544985442807821,0.7422043085098267
132,baseline_compensated,69767058.34570312,50747812.98595625,120514871.33165938,0.5789082921866361,0.42109170781336386,10249832.0,809255.5,0.8020107403908932,0.8817841635846548,12.665755129251515,0.5789297819137573
132,physics_compensated,69115097.50976562,51327855.78887561,120442953.29864123,0.5738409397716532,0.42615906022834676,10099121.0,928015.6875,0.7902181724058713,0.8735440463425251,10.882489526880978,0.5773603916168213
132,ideal,79120334.91516113,42485201.56443155,121605536.47959268,0.6506310255737309,0.3493689744262691,12780168.0,945604.1875,1.0,1.0,13.515346239940376,0.0
133,before,61750664.2421875,57427659.60454126,119178323.84672876,0.518136706819295,0.4818632931807049,7384904.5,1792388.875,0.5778409563943134,0.780465152332852,4.120146360537972,1.34566330909729
133,baseline_compensated,59092481.921875,60018290.49315283,119110772.41502783,0.49611366565547926,0.5038863343445207,6431963.5,1147576.875,0.5032769131047417,0.7468684502566688,5.604821463485834,1.3036354780197144
133,physics_compensated,57366333.625,61536987.17241602,118903320.79741602,0.4824619971946711,0.5175380028053289,5942947.5,1292471.125,0.46501325334690435,0.7250517036677432,4.598127869200947,1.4023935794830322
133,ideal,79120334.91516113,42485201.56443155,121605536.47959268,0.6506310255737309,0.3493689744262691,12780168.0,945604.1875,1.0,1.0,13.515346239940376,0.0
134,before,40256570.359375,76572147.34640558,116828717.70578058,0.3445776958774507,0.6554223041225493,5217782.5,3275832.75,0.40827182396976314,0.5088018194379633,1.5928110188165132,1.7014230489730835
134,baseline_compensated,66948024.63671875,53169208.592033654,120117233.2287524,0.5573557002368036,0.4426442997631964,9173019.0,1415330.75,0.7177541797572614,0.846154464696156,6.481183991798384,0.6563554406166077
134,physics_compensated,68472130.76171875,51832635.7840998,120304766.54581855,0.5691555931463519,0.4308444068536481,9631441.0,1301885.75,0.7536239742701348,0.8654176051597835,7.398069300627954,0.6002844572067261
134,ideal,79120334.91516113,42485201.56443155,121605536.47959268,0.6506310255737309,0.3493689744262691,12780168.0,945604.1875,1.0,1.0,13.515346239940376,0.0
135,before,39255863.734375,78169060.85392052,117424924.58829552,0.33430605871803026,0.6656939412819697,5156378.5,3482855.25,0.4034671922935598,0.49615391259994207,1.4805032451463493,1.9951808452606201
135,baseline_compensated,53630294.43359375,64899986.08786872,118530280.52146247,0.4524607062233589,0.5475392937766411,5277324.0,3052840.25,0.4129307220374568,0.6778319946585192,1.7286603843748456,1.0526784658432007
135,physics_compensated,51901544.3515625,66251868.77380821,118153413.12537071,0.43927249309751715,0.5607275069024829,5279289.5,2851195.5,0.4130845150079404,0.6559823641699103,1.8516055808870349,1.3513258695602417
135,ideal,79120334.91516113,42485201.56443155,121605536.47959268,0.6506310255737309,0.3493689744262691,12780168.0,945604.1875,1.0,1.0,13.515346239940376,0.0
136,before,41455427.64160156,75386699.23218776,116842126.87378933,0.35479863941864853,0.6452013605813515,3960536.25,2992539.0,0.30989704125955153,0.5239541476417313,1.3234702204382298,1.8551379442214966
136,baseline_compensated,62861985.53125,56746558.911009446,119608544.44225945,0.5255643384373462,0.4744356615626539,7830256.5,1033435.9375,0.6126880726450544,0.7945111152354881,7.576915235735162,0.9580857157707214
136,physics_compensated,72956981.48046875,47745729.7746494,120702711.25511815,0.6044353165047497,0.3955646834952503,9944211.0,1117943.25,0.7780970484895035,0.9221015249581388,8.895094630250686,0.5466739535331726
136,ideal,79120334.91516113,42485201.56443155,121605536.47959268,0.6506310255737309,0.3493689744262691,12780168.0,945604.1875,1.0,1.0,13.515346239940376,0.0
137,before,46470045.53515625,70790927.59804106,117260973.13319731,0.3962959226201432,0.6037040773798568,7823636.5,4708247.5,0.6121700825842039,0.5873337819535899,1.6616876024465579,1.7738418579101562
137,baseline_compensated,72380876.20996094,48541687.4543843,120922563.66434523,0.598572127621066,0.40142787237893396,11661556.0,898068.3125,0.9124728250833636,0.9148201443734185,12.985154734540307,0.7311867475509644
137,physics_compensated,72340590.27087402,48561099.56273666,120901689.83361068,0.598342259487289,0.4016577405127109,11554099.0,857904.375,0.9040647196500077,0.9143109713633433,13.467816853131213,0.7355013489723206
137,ideal,79120334.91516113,42485201.56443155,121605536.47959268,0.6506310255737309,0.3493689744262691,12780168.0,945604.1875,1.0,1.0,13.515346239940376,0.0
138,before,45398126.138671875,71955023.58860445,117353149.72727633,0.3868505126975728,0.6131494873024271,3756924.25,3154083.25,0.29396516931545813,0.573785818618579,1.1911303387442294,1.8096084594726562
138,baseline_compensated,57348356.6875,61704225.526467055,119052582.21396706,0.48170611355939147,0.5182938864406086,6824476.5,2846535.25,0.533989576662842,0.7248244935893319,2.3974677636611035,0.9206646084785461
138,physics_compensated,54872076.125,63909433.84010233,118781509.96510233,0.46195806183236143,0.5380419381676386,6268510.0,3191878.0,0.49048729249881534,0.6935268434320713,1.9638939834166593,1.002014398574829
138,ideal,79120334.91516113,42485201.56443155,121605536.47959268,0.6506310255737309,0.3493689744262691,12780168.0,945604.1875,1.0,1.0,13.515346239940376,0.0
139,before,40057906.35546875,76636690.78734747,116694597.14281622,0.3432713024960705,0.6567286975039295,3553250.75,3138526.75,0.27802848522805024,0.5062909098959439,1.13213970535698,1.924816608428955
139,baseline_compensated,73901295.27734375,47074634.33053672,120975929.60788047,0.6108760272963404,0.38912397270365956,11241325.0,907882.125,0.8795913324457081,0.9340366842049691,12.38192127639918,0.42059093713760376
139,physics_compensated,76305800.8046875,44951981.04359308,121257781.84828058,0.6292858045198483,0.3707141954801517,11899161.0,973158.75,0.9310645212175614,0.9644271714282859,12.227358588719467,0.32564017176628113
139,ideal,79120334.91516113,42485201.56443155,121605536.47959268,0.6506310255737309,0.3493689744262691,12780168.0,945604.1875,1.0,1.0,13.515346239940376,0.0
140,before,53976945.390625,64278387.00068396,118255332.39130896,0.45644407147759175,0.5435559285224082,3825682.5,2205291.75,0.2993452433489137,0.6822133077230171,1.7347738683555136,1.351933479309082
140,baseline_compensated,41904526.03027344,75129688.36727528,117034214.39754872,0.3580536362463174,0.6419463637536825,4798831.5,2653051.25,0.37549048651003647,0.5296302913177335,1.808797134996921,1.6574733257293701
140,physics_compensated,35005310.521484375,81434792.79371539,116440103.31519976,0.3006293323763728,0.6993706676236272,2847960.0,2533146.25,0.22284214104227737,0.4424312733132354,1.1242777632756102,1.6188596487045288
140,ideal,79120334.91516113,42485201.56443155,121605536.47959268,0.6506310255737309,0.3493689744262691,12780168.0,945604.1875,1.0,1.0,13.515346239940376,0.0
141,before,44062101.75,73422450.68407592,117484552.43407592,0.37504591741730947,0.6249540825826906,3529387.25,2673762.0,0.2761612562526565,0.5568998386729119,1.3200080074441929,1.6682407855987549
141,baseline_compensated,47253780.6953125,70481611.18043593,117735391.87574843,0.40135578556685475,0.5986442144331452,5512524.0,2233837.0,0.4313342359818744,0.5972393916934453,2.4677377982368456,1.2840511798858643
141,physics_compensated,63140806.59375,56619042.88817114,119759849.48192114,0.527228506606312,0.4727714933936879,8623051.0,1932504.25,0.674721255620427,0.798035127903015,4.462112308420537,0.8523473143577576
141,ideal,79120334.91516113,42485201.56443155,121605536.47959268,0.6506310255737309,0.3493689744262691,12780168.0,945604.1875,1.0,1.0,13.515346239940376,0.0
142,before,30681552.951171875,85315468.2411463,115997021.19231817,0.2645029384013504,0.7354970615986496,3799464.75,3483582.0,0.2972938031800521,0.38778340592302823,1.0906775698117628,2.0179574489593506
142,baseline_compensated,54515504.26171875,64172449.79954147,118687954.06126022,0.45931792061712373,0.5406820793828763,5799002.5,2412488.0,0.4537500993727156,0.6890201402733499,2.4037435626622807,0.9632863402366638
142,physics_compensated,54919614.703125,63820523.42419356,118740138.12731856,0.46251937692911976,0.5374806230708802,5936970.0,2630989.25,0.4645455364906001,0.6941276823715926,2.2565542599613435,0.9276746511459351
142,ideal,79120334.91516113,42485201.56443155,121605536.47959268,0.6506310255737309,0.3493689744262691,12780168.0,945604.1875,1.0,1.0,13.515346239940376,0.0
143,before,58830957.671875,60386456.464159,119217414.136034,0.49347620981566886,0.5065237901843311,8377281.0,2224937.5,0.6554906789957691,0.7435630515841224,3.7651758757268463,1.352128267288208
143,baseline_compensated,62230217.2421875,57683946.644030064,119914163.88621756,0.5189563536567341,0.48104364634326585,10074538.0,1503469.625,0.788294645266009,0.7865262111050907,6.7008590213453765,1.2322622537612915
143,physics_compensated,58849528.765625,60713083.92129797,119562612.68692297,0.4922067813934749,0.5077932186065252,9452008.0,1916776.0,0.73958401798787,0.7437977711890118,4.9312011419174695,1.293487548828125
143,ideal,79120334.91516113,42485201.56443155,121605536.47959268,0.6506310255737309,0.3493689744262691,12780168.0,945604.1875,1.0,1.0,13.515346239940376,0.0
144,before,38236109.357421875,78543958.32137784,116780067.67879972,0.3274198252957792,0.6725801747042208,4207599.5,3817582.25,0.3292288098247222,0.4832652616855269,1.1021634176971564,2.099024534225464
144,baseline_compensated,49357988.3828125,68773225.61440684,118131213.99721934,0.4178234245859382,0.5821765754140618,4945620.0,2522077.5,0.38697613364706945,0.6238344217796589,1.960931018178466,1.5605181455612183
144,physics_compensated,67062048.98046875,53271150.68223961,120333199.66270836,0.5573029651703967,0.44269703482960326,10468342.0,927355.5,0.8191083247105985,0.847595615619901,11.288380777382567,0.9334223866462708
144,ideal,79120334.91516113,42485201.56443155,121605536.47959268,0.6506310255737309,0.3493689744262691,12780168.0,945604.1875,1.0,1.0,13.515346239940376,0.0
145,before,30515917.373046875,85600651.05252734,116116568.42557421,0.2628041612563351,0.7371958387436649,3891763.25,3891763.25,0.30451581309416276,0.3856899418558879,1.0,1.5810730457305908
145,baseline_compensated,73907008.64099121,47065469.20754504,120972477.84853625,0.6109406863065712,0.3890593136934289,11234058.0,1012616.9375,0.8790227170722639,0.9341088952699701,11.094084627633437,0.5826436877250671
145,physics_compensated,71531840.09375,49209167.780783474,120741007.87453347,0.5924403096591792,0.40755969034082085,10895661.0,1246126.125,0.8525444266460347,0.904089197428852,8.74362617186924,0.6326302886009216
145,ideal,79120334.91516113,42485201.56443155,121605536.47959268,0.6506310255737309,0.3493689744262691,12780168.0,945604.1875,1.0,1.0,13.515346239940376,0.0
146,before,30984364.248779297,85173241.04063417,116157605.28941347,0.2667441720374653,0.7332558279625346,4505268.5,4505268.5,0.3525202876832292,0.39161063059203555,1.0,1.6261277198791504
146,baseline_compensated,48889504.828125,69293925.51532543,118183430.34345043,0.41367478237895294,0.5863252176210471,5388896.5,1663087.875,0.42166084984172353,0.6179132694590849,3.2402957059620197,1.7465975284576416
146,physics_compensated,58014709.396484375,60974500.67587271,118989210.07235709,0.48756277448354984,0.5124372255164502,7961263.0,2141898.75,0.6229388377367183,0.7332465093669305,3.716918458447207,1.3075979948043823
146,ideal,79120334.91516113,42485201.56443155,121605536.47959268,0.6506310255737309,0.3493689744262691,12780168.0,945604.1875,1.0,1.0,13.515346239940376,0.0
147,before,48144617.46875,69442621.17396793,117587238.64271793,0.4094374357666027,0.5905625642333974,5448077.0,2669114.25,0.4262915010193919,0.608498656134031,2.04115541326116,1.6081794500350952
147,baseline_compensated,62166660.455078125,57414774.61988436,119581435.07496248,0.5198688275994302,0.4801311724005698,7863762.0,1682503.875,0.61530975179669,0.7857229184095084,4.673844807638258,0.7352391481399536
147,physics_compensated,63756880.0390625,56010767.0070754,119767647.0461379,0.5323380863823896,0.46766191361761045,8300207.5,1358062.5,0.6494599679753819,0.8058216652827304,6.111800819181739,0.6978318691253662
147,ideal,79120334.91516113,42485201.56443155,121605536.47959268,0.6506310255737309,0.3493689744262691,12780168.0,945604.1875,1.0,1.0,13.515346239940376,0.0
148,before,34772176.8828125,81640329.2183791,116412506.1011916,0.29869794962224056,0.7013020503777594,6099407.0,4376409.0,0.47725561980092907,0.4394847028908293,1.3937013199634678,2.2219953536987305
148,baseline_compensated,69063523.375,51312046.41621941,120375569.79121941,0.5737337193484066,0.4262662806515935,9785695.0,989021.0,0.7656937686578142,0.8728922021001957,9.894324791890162,0.5937496423721313
148,physics_compensated,66272051.306640625,53760369.98235214,120032421.28899276,0.552117924432121,0.44788207556787896,8941462.0,1236347.75,0.6996357168387771,0.8376108541211634,7.232157780850898,0.6721764206886292
148,ideal,79120334.91516113,42485201.56443155,121605536.47959268,0.6506310255737309,0.3493689744262691,12780168.0,945604.1875,1.0,1.0,13.515346239940376,0.0
149,before,30712900.5,85441036.00289834,116153936.50289834,0.2644154939960527,0.7355845060039473,4817563.0,4817563.0,0.37695615581892195,0.38817960683473746,1.0,2.177755355834961
149,baseline_compensated,63629669.46875,56164607.02313879,119794276.49188879,0.5311578426959183,0.4688421573040818,8635254.0,1653292.125,0.6756760943987591,0.804213853960282,5.223066068859428,0.8303071856498718
149,physics_compensated,64214014.69140625,55663436.30321002,119877450.99461627,0.5356638313429781,0.46433616865702193,8883200.0,1589270.5,0.6950769348258958,0.8115993791009786,5.589482721789651,0.8265969753265381
149,ideal,79120334.91516113,42485201.56443155,121605536.47959268,0.6506310255737309,0.3493689744262691,12780168.0,945604.1875,1.0,1.0,13.515346239940376,0.0
150,before,39359612.408203125,77492977.64659068,116852590.0547938,0.3368313221790536,0.6631686778209465,3594785.0,2430687.75,0.28127838382093256,0.4974651895799924,1.478916820969703,2.2277731895446777
150,baseline_compensated,41677564.8125,75515699.97971272,117193264.79221272,0.355631058545861,0.6443689414541389,4003690.25,3284604.5,0.3132736791879418,0.5267617339738244,1.2189261294624665,1.5128169059753418
150,physics_compensated,44310436.015625,73135153.87598753,117445589.89161253,0.3772848010429165,0.6227151989570835,3070592.25,2793743.0,0.24026227589496477,0.5600385294518537,1.099096176706304,1.3620423078536987
150,ideal,79120334.91516113,42485201.56443155,121605536.47959268,0.6506310255737309,0.3493689744262691,12780168.0,945604.1875,1.0,1.0,13.515346239940376,0.0
151,before,28679572.734375,87166132.97120911,115845705.70558411,0.24756699059059345,0.7524330094094065,4057896.5,4057896.5,0.3175151140423193,0.3624804263673483,1.0,2.0219814777374268
151,baseline_compensated,65169870.4140625,54765388.111747354,119935258.52580985,0.5433754111601641,0.456624588839836,8745557.0,1831288.25,0.684306888610541,0.8236804164686944,4.775631034600916,0.7962115406990051
151,physics_compensated,64931286.703125,54949518.05597252,119880804.75909752,0.5416320555538938,0.45836794444610623,8513537.0,2017708.25,0.6661521976862902,0.8206649627146964,4.2194093224330125,0.8272255659103394
151,ideal,79120334.91516113,42485201.56443155,121605536.47959268,0.6506310255737309,0.3493689744262691,12780168.0,945604.1875,1.0,1.0,13.515346239940376,0.0
152,before,27316415.1171875,88480181.94676122,115796597.06394872,0.23589998160396716,0.7641000183960328,3450133.0,2942064.5,0.2699599097601847,0.34525151020250666,1.1726911493612733,1.6657931804656982
152,baseline_compensated,72292381.67773438,48593944.39462522,120886326.07235959,0.5980195116068125,0.40198048839318745,11458842.0,841703.75,0.8966112182562859,0.9137016641202517,13.613865923729103,0.6890929341316223
152,physics_compensated,70014164.2734375,50597033.25380556,120611197.52724306,0.5804947277604391,0.41950527223956097,10797040.0,831949.875,0.8448277049253187,0.884907329430696,12.97799341576919,0.7914019227027893
152,ideal,79120334.91516113,42485201.56443155,121605536.47959268,0.6506310255737309,0.3493689744262691,12780168.0,945604.1875,1.0,1.0,13.515346239940376,0.0
153,before,42144069.4453125,74790165.56294498,116934235.00825748,0.3604083050813685,0.6395916949186315,7564871.5,4213755.5,0.5919226961648705,0.5326578747486672,1.7952801248197718,1.7528221607208252
153,baseline_compensated,65889435.0078125,54096270.517629415,119985705.52544191,0.5491440394442755,0.4508559605557245,8838064.0,1397283.0,0.6915452128641815,0.8327749759712745,6.3251782208758,0.662506639957428
153,physics_compensated,67165034.7109375,52959774.341662765,120124809.05260026,0.5591270882397595,0.4408729117602404,9104076.0,1278191.5,0.712359649732304,0.8488972497772789,7.122622862067225,0.6325069069862366
153,ideal,79120334.91516113,42485201.56443155,121605536.47959268,0.6506310255737309,0.3493689744262691,12780168.0,945604.1875,1.0,1.0,13.515346239940376,0.0
154,before,36505542.857421875,79945921.0715328,116451463.92895468,0.31348290202425766,0.6865170979757423,4207271.0,3056319.5,0.32920310593726154,0.4613926735341288,1.3765808842956373,1.7672549486160278
154,baseline_compensated,50223869.19140625,68010060.8942166,118233930.08562285,0.42478389371845326,0.5752161062815467,5218328.0,2882365.75,0.408314507289732,0.6347782683839763,1.8104322811912401,1.27885901927948
154,physics_compensated,47570688.08984375,70327537.34162219,117898225.43146594,0.40348943265050685,0.5965105673494931,4334194.5,3072307.5,0.3391343916605791,0.6012447765906537,1.4107293947627313,1.343799352645874
154,ideal,79120334.91516113,42485201.56443155,121605536.47959268,0.6506310255737309,0.3493689744262691,12780168.0,945604.1875,1.0,1.0,13.515346239940376,0.0
155,before,32477888.938476562,83923463.18452266,116401352.12299922,0.27901642331575116,0.7209835766842488,3033219.0,3033219.0,0.2373379598765838,0.4104872530342779,1.0,1.5766280889511108
155,baseline_compensated,62185658.744140625,57509086.56307523,119694745.30721585,0.5195354113877857,0.48046458861221425,8679484.0,1228047.875,0.6791369252735958,0.7859630373256236,7.0677081705792615,1.0352565050125122
155,physics_compensated,72200079.734375,48630007.792196095,120830087.5265711,0.597533952116834,0.4024660478831659,11120922.0,926619.875,0.8701702512830817,0.9125350620898337,12.001600980121433,0.7035790681838989
155,ideal,79120334.91516113,42485201.56443155,121605536.47959268,0.6506310255737309,0.3493689744262691,12780168.0,945604.1875,1.0,1.0,13.515346239940376,0.0
156,before,43303101.29029846,74013650.51968536,117316751.80998382,0.3691126852918315,0.6308873147081685,4174264.5,3211182.25,0.3266204716557717,0.5473068502140613,1.2999151636441688,1.5096421241760254
156,baseline_compensated,69801794.921875,50671225.97223678,120473020.89411178,0.5793977307436027,0.4206022692563973,10007023.0,930473.9375,0.7830118508614284,0.8822231983310209,10.754759049873979,0.555156946182251
156,physics_compensated,63095202.9375,56569689.80638082,119664892.74388082,0.5272657793839575,0.47273422061604253,8064392.0,1512246.875,0.6310082934747023,0.7974587443942888,5.332721881141265,0.7238540053367615
156,ideal,79120334.91516113,42485201.56443155,121605536.47959268,0.6506310255737309,0.3493689744262691,12780168.0,945604.1875,1.0,1.0,13.515346239940376,0.0
157,before,46085399.615234375,71180088.03920409,117265487.65443847,0.39300053696139686,0.6069994630386031,4191785.0,2784050.75,0.3279913847767885,0.5824722514717697,1.5056424528180745,1.7023736238479614
157,baseline_compensated,52189383.41015625,66225134.602371156,118414518.0125274,0.4407346690769369,0.5592653309230631,5203354.0,2769796.75,0.40714284820043056,0.6596203550720267,1.878604991503438,0.9873964786529541
157,physics_compensated,53527419.65234375,65013717.05829695,118541136.7106407,0.4515514287922205,0.5484485712077795,5395613.5,2672823.0,0.4221864297871515,0.6765317627856345,2.0186946535554355,1.0141288042068481
157,ideal,79120334.91516113,42485201.56443155,121605536.47959268,0.6506310255737309,0.3493689744262691,12780168.0,945604.1875,1.0,1.0,13.515346239940376,0.0
158,before,39994466.5078125,76748872.78233637,116743339.29014887,0.3425845684301695,0.6574154315698305,3273700.5,3034867.25,0.2561547312993069,0.5054890951952823,1.078696440511525,2.0183167457580566
158,baseline_compensated,67231260.1328125,52985816.316825196,120217076.4496377,0.5592488365076617,0.4407511634923383,9635839.0,785985.8125,0.7539681012017996,0.8497342712831409,12.259558438276517,0.7745150923728943
158,physics_compensated,62328321.1875,57290915.36498192,119619236.55248192,0.52105600222715,0.47894399777285,8177255.5,1146501.875,0.6398394371654582,0.7877661444979118,7.1323524874305155,0.9299487471580505
158,ideal,79120334.91516113,42485201.56443155,121605536.47959268,0.6506310255737309,0.3493689744262691,12780168.0,945604.1875,1.0,1.0,13.515346239940376,0.0
159,before,49863794.60546875,67669501.68392235,117533296.2893911,0.4242524984808888,0.5757475015191112,5129023.0,2803114.25,0.40132672747337905,0.6302272943982924,1.8297588120070383,1.6906429529190063
159,baseline_compensated,60268188.69458008,58870425.77240619,119138614.46698627,0.5058661204363814,0.49413387956361865,6056577.5,1263986.125,0.47390437277506836,0.761728179730334,4.791648721618681,1.3045088052749634
159,physics_compensated,69418214.38671875,50555966.4618704,119974180.84858915,0.5786096132994358,0.42139038670056417,10139785.0,1690301.875,0.793399977214697,0.8773751332214944,5.998801249628857,0.8288057446479797
159,ideal,79120334.91516113,42485201.56443155,121605536.47959268,0.6506310255737309,0.3493689744262691,12780168.0,945604.1875,1.0,1.0,13.515346239940376,0.0
160,before,29143989.012634277,86773603.60820174,115917592.62083602,0.251419895407625,0.748580104592375,4676729.5,4121779.75,0.36593646499795623,0.3683501724794857,1.134638380422923,2.1011109352111816
160,baseline_compensated,61679207.96875,57853345.55808693,119532553.52683693,0.5160034329468419,0.483996567053158,7868430.5,2123149.5,0.6156750443343155,0.7795620182205644,3.7060181113011588,0.8466652035713196
160,physics_compensated,60030236.71875,59302538.787624896,119332775.5063749,0.5030490279306636,0.49695097206933636,7386173.0,2190773.25,0.5779402117405655,0.7587207104610845,3.371491321614412,0.8790866136550903
160,ideal,79120334.91516113,42485201.56443155,121605536.47959268,0.6506310255737309,0.3493689744262691,12780168.0,945604.1875,1.0,1.0,13.515346239940376,0.0
161,before,27430423.83984375,88402850.07076612,115833273.91060987,0.23680953592844303,0.763190464071557,3751328.25,3751328.25,0.29352730339695066,0.3466924636916255,1.0,1.9775470495224
161,baseline_compensated,58145268.765625,61118286.555366665,119263555.32099167,0.4875359334134391,0.512464066586561,7847235.5,1992352.875,0.6140166154310335,0.7348966460767994,3.938677529702162,1.213665246963501
161,physics_compensated,59379155.921875,59784375.604067415,119163531.52594241,0.4982997328251211,0.5017002671748789,8327792.5,1929771.75,0.6516183903059803,0.7504917160113878,4.315428754721899,1.02132248878479
161,ideal,79120334.91516113,42485201.56443155,121605536.47959268,0.6506310255737309,0.3493689744262691,12780168.0,945604.1875,1.0,1.0,13.515346239940376,0.0
162,before,49119736.64013672,68717171.04678774,117836907.68692446,0.4168450921220771,0.5831549078779229,3905710.25,2976210.75,0.30560711330242296,0.6208231637644943,1.3123097045462926,1.7437576055526733
162,baseline_compensated,50556099.25,67605412.17860836,118161511.42860836,0.42785589519600326,0.5721441048039967,4566439.5,2365384.25,0.35730668798720017,0.6389773160617951,1.9305275665042583,1.0599726438522339
162,physics_compensated,58434436.859375,60568418.52438596,119002855.38376096,0.49103390562298155,0.5089660943770185,6124703.0,1926160.375,0.479234936504747,0.7385514346221217,3.1797471692875003,0.9293655157089233
162,ideal,79120334.91516113,42485201.56443155,121605536.47959268,0.6506310255737309,0.3493689744262691,12780168.0,945604.1875,1.0,1.0,13.515346239940376,0.0
163,before,45222205.83984375,72043541.84134486,117265747.68118861,0.3856386603425729,0.6143613396574271,4518857.5,3541861.0,0.3535835757401624,0.5715623662151387,1.2758426996429277,1.754109501838684
163,baseline_compensated,60501979.890625,58831791.295974955,119333771.18659995,0.5069979712282721,0.493002028771728,7252149.0,1624078.0,0.5674533386415578,0.7646830610044794,4.465394519228756,0.8128945231437683
163,physics_compensated,58772678.9453125,60324929.15437332,119097608.09968582,0.49348328554272236,0.5065167144572776,6561701.5,1703992.375,0.5134284228501534,0.7428264681681777,3.850781022420948,0.8907293677330017
163,ideal,79120334.91516113,42485201.56443155,121605536.47959268,0.6506310255737309,0.3493689744262691,12780168.0,945604.1875,1.0,1.0,13.515346239940376,0.0
164,before,44817722.138671875,72408446.40936759,117226168.54803947,0.3823184080293941,0.6176815919706059,5489177.5,2251113.75,0.429507460308816,0.566450106495743,2.4384274228701237,1.804829478263855
164,baseline_compensated,55091227.015625,63593187.06924574,118684414.08487074,0.4641824913609085,0.5358175086390915,5579908.0,2386299.0,0.43660678012996385,0.6962966862399915,2.3383104967147874,0.9540339112281799
164,physics_compensated,55160390.82910156,63406624.85560441,118567015.68470597,0.46522542977538006,0.5347745702246199,5510955.5,2206900.0,0.4312115067657952,0.6971708460062606,2.497147809144048,1.0701802968978882
164,ideal,79120334.91516113,42485201.56443155,121605536.47959268,0.6506310255737309,0.3493689744262691,12780168.0,945604.1875,1.0,1.0,13.515346239940376,0.0
165,before,42736448.533203125,74215665.51114161,116952114.04434474,0.3654183499154085,0.6345816500845916,5230050.5,2730556.5,0.40923174875322454,0.5401449397178161,1.91537897128296,2.1663615703582764
165,baseline_compensated,73685446.60644531,47330699.133897096,121016145.74034241,0.6088893854258759,0.39111061457412416,11634500.0,1260514.625,0.9103557950098935,0.9313085780723309,9.229960342586267,0.4781237840652466
165,physics_compensated,75081119.61132812,46101192.04164487,121182311.652973,0.619571607334379,0.380428392665621,12017592.0,1043109.125,0.9403313008091913,0.9489484554360877,11.520934590616298,0.43500468134880066
165,ideal,79120334.91516113,42485201.56443155,121605536.47959268,0.6506310255737309,0.3493689744262691,12780168.0,945604.1875,1.0,1.0,13.515346239940376,0.0
166,before,36003049.2421875,80458413.29027016,116461462.53245766,0.309141311291308,0.6908586887086919,5709698.5,4090547.25,0.4467623978025954,0.45504166888060726,1.395827538723578,1.7588094472885132
166,baseline_compensated,65183133.05078125,54984734.61771253,120167867.66849378,0.5424339660465765,0.4575660339534235,10273582.0,953643.8125,0.803869088418869,0.8238480426135151,10.772976100025815,1.055507779121399
166,physics_compensated,62606943.3984375,57213927.04281166,119820870.44124916,0.5225044949839108,0.4774955050160892,9279960.0,997481.9375,0.7261219101345147,0.7912876438853481,9.30338650869054,1.1662417650222778
166,ideal,79120334.91516113,42485201.56443155,121605536.47959268,0.6506310255737309,0.3493689744262691,12780168.0,945604.1875,1.0,1.0,13.515346239940376,0.0
167,before,39104604.890625,78021460.61534195,117126065.50596695,0.33386765551885483,0.6661323444811451,4206487.0,2205251.75,0.3291417608907802,0.49424215573096275,1.907486072735233,2.2569379806518555
167,baseline_compensated,57289096.046875,61689142.01580903,118978238.06268403,0.481509030388331,0.5184909696116691,6458923.0,1468512.875,0.5053863924167507,0.7240754997852922,4.398274683155229,1.160934329032898
167,physics_compensated,59621721.6015625,59492418.34278634,119114139.94434884,0.5005427704000406,0.4994572295999595,6198555.0,1454769.0,0.48501357728630795,0.7535574977721399,4.260851722850845,1.267886996269226
167,ideal,79120334.91516113,42485201.56443155,121605536.47959268,0.6506310255737309,0.3493689744262691,12780168.0,945604.1875,1.0,1.0,13.515346239940376,0.0
168,before,54405308.31640625,63703610.016010046,118108918.3324163,0.46063675025185724,0.5393632497481428,7515408.5,2994471.0,0.588052402754017,0.6876273763848925,2.509761657401257,1.4001290798187256
168,baseline_compensated,77279294.69177246,44124088.97067264,121403383.6624451,0.6365497596561472,0.36345024034385276,12375386.0,970123.625,0.9683273334122056,0.9767311371297559,12.7565041001862,0.33184099197387695
168,physics_compensated,75914542.80175781,45315331.59971976,121229874.40147758,0.626203261997544,0.373796738002456,11927025.0,937450.25,0.9332447742470991,0.9594820709891987,12.722835158452408,0.37063485383987427
168,ideal,79120334.91516113,42485201.56443155,121605536.47959268,0.6506310255737309,0.3493689744262691,12780168.0,945604.1875,1.0,1.0,13.515346239940376,0.0
169,before,61987006.7578125,57179225.72236583,119166232.48017833,0.5201725813402986,0.47982741865970135,5758385.5,1758875.0,0.4505719721368295,0.7834522796734835,3.273902636628527,1.264936089515686
169,baseline_compensated,65599105.25,54205218.59291682,119804323.84291682,0.5475520677868958,0.45244793221310425,8111529.5,1076714.5,0.6346966252712797,0.8291055051819531,7.533593631366532,0.8402074575424194
169,physics_compensated,60666237.671875,58614753.757022485,119280991.42889749,0.5085993748470619,0.4914006251529382,6814911.5,1573306.625,0.5332411514465225,0.7667591111302293,4.331585078019995,0.9352671504020691
169,ideal,79120334.91516113,42485201.56443155,121605536.47959268,0.6506310255737309,0.3493689744262691,12780168.0,945604.1875,1.0,1.0,13.515346239940376,0.0
170,before,31935092.1875,84174110.02697793,116109202.21447793,0.2750435932589496,0.7249564067410503,4905667.0,3610624.0,0.3838499619097339,0.40362685802257087,1.3586756748971922,1.8917696475982666
170,baseline_compensated,42327449.34765625,74891816.97919488,117219266.32685113,0.361096351086446,0.638903648913554,4619323.0,3086078.0,0.3614446226371985,0.5349756089005813,1.496826392592799,1.6276684999465942
170,physics_compensated,39775427.380859375,77158700.60032134,116934127.98118071,0.3401524265632767,0.6598475734367233,3702400.75,3129136.75,0.2896989108437385,0.5027206649657086,1.1832019645673844,1.3737865686416626
170,ideal,79120334.91516113,42485201.56443155,121605536.47959268,0.6506310255737309,0.3493689744262691,12780168.0,945604.1875,1.0,1.0,13.515346239940376,0.0
171,before,47060443.1484375,70314833.44934067,117375276.59777817,0.400939997864323,0.599060002135677,6701557.0,5151664.0,0.524371588855483,0.5947958031130594,1.3008528894741582,1.61928129196167
171,baseline_compensated,63640048.693359375,56349500.737160444,119989549.43051982,0.5303799288804752,0.4696200711195247,9891796.0,899473.9375,0.7739957721995517,0.8043450367291682,10.997312526356552,1.1100457906723022
171,physics_compensated,63971081.78417969,56052897.280355304,120023979.06453499,0.5329858440185811,0.46701415598141893,9957331.0,1127753.75,0.7791236390632736,0.8085289559602391,8.829348605579897,1.0907907485961914
171,ideal,79120334.91516113,42485201.56443155,121605536.47959268,0.6506310255737309,0.3493689744262691,12780168.0,945604.1875,1.0,1.0,13.515346239940376,0.0
172,before,48916036.79296875,68481051.34016597,117397088.13313472,0.4166716361609863,0.5833283638390138,5538522.0,3074482.25,0.4333684815410877,0.618248606321248,1.8014486829449088,1.9046040773391724
172,baseline_compensated,60754164.150390625,58887239.49202126,119641403.64241189,0.5078021679850451,0.49219783201495493,8998538.0,1526896.5,0.7041016988196086,0.7678704117662783,5.89335164498707,1.099684238433838
172,physics_compensated,63252350.986816406,56611808.27393961,119864159.26075602,0.5277002848634293,0.4722997151365707,9219609.0,1677105.625,0.7213996717414043,0.799444934790031,5.497333538547997,1.0904812812805176
172,ideal,79120334.91516113,42485201.56443155,121605536.47959268,0.6506310255737309,0.3493689744262691,12780168.0,945604.1875,1.0,1.0,13.515346239940376,0.0
173,before,48983507.15625,68951555.0868454,117935062.2430954,0.4153430389961725,0.5846569610038276,4296986.0,2275457.25,0.33622296670904483,0.6191013626114432,1.8884055061900196,1.3511539697647095
173,baseline_compensated,53068363.0,65451358.28090592,118519721.28090592,0.4477597688086157,0.5522402311913843,5408618.0,2005477.125,0.4232039829210383,0.670729756855857,2.6969233069661667,0.9861227869987488
173,physics_compensated,55308255.25,63465317.99366824,118773573.24366824,0.4656612892880905,0.5343387107119095,5969703.0,1904269.625,0.467106770427431,0.6990397008468902,3.134904281214904,0.9349715113639832
173,ideal,79120334.91516113,42485201.56443155,121605536.47959268,0.6506310255737309,0.3493689744262691,12780168.0,945604.1875,1.0,1.0,13.515346239940376,0.0
174,before,39798951.203125,77099396.50725347,116898347.71037847,0.34045777363533747,0.6595422263646625,2926717.25,1994408.0,0.22900459915706897,0.5030179819865586,1.467461647767157,1.6374428272247314
174,baseline_compensated,68513004.66113281,51789068.56443533,120302073.22556815,0.5695080959466918,0.43049190405330817,9468976.0,1089923.25,0.7409117000652886,0.8659342093862177,8.687745673835291,0.7028540968894958
174,physics_compensated,66910494.25,53179137.25037596,120089631.50037596,0.5571712845982921,0.4428287154017079,8902489.0,1159450.25,0.6965862264095433,0.8456801190458375,7.678198353055683,0.6474496126174927
174,ideal,79120334.91516113,42485201.56443155,121605536.47959268,0.6506310255737309,0.3493689744262691,12780168.0,945604.1875,1.0,1.0,13.515346239940376,0.0
175,before,53151198.703125,64736149.32621242,117887348.02933742,0.45086431743207767,0.5491356825679223,8191297.0,3713340.25,0.640938131642714,0.67177671530483,2.205910702634912,1.5166047811508179
175,baseline_compensated,65317284.65625,54679801.44162366,119997086.09787366,0.544323923024056,0.45567607697594403,9033535.0,1606454.5,0.7068400822274011,0.825543581511481,5.623274733271312,0.7429141998291016
175,physics_compensated,66251488.703125,53863278.410031855,120114767.11315686,0.5515682234201168,0.4484317765798832,9345900.0,1344247.5,0.7312814667225032,0.8373509638724976,6.952514324929003,0.7307235598564148
175,ideal,79120334.91516113,42485201.56443155,121605536.47959268,0.6506310255737309,0.3493689744262691,12780168.0,945604.1875,1.0,1.0,13.515346239940376,0.0
176,before,55113043.04296875,62942304.52037266,118055347.56334141,0.46684071649866093,0.533159283501339,4700042.0,2678473.75,0.3677605802991009,0.6965724184821155,1.7547463364164013,1.7994588613510132
176,baseline_compensated,36502085.90625,80028565.12366703,116530651.02991703,0.3132402126276526,0.6867597873723473,3768911.25,2963662.75,0.2949031069075148,0.4613489812118506,1.2717071974535563,1.6527599096298218
176,physics_compensated,40640683.328125,76350955.48365422,116991638.81177922,0.34738109270791,0.6526189072920899,4748418.5,3146441.5,0.371545859178064,0.513656613962808,1.5091392927534168,1.6114249229431152
176,ideal,79120334.91516113,42485201.56443155,121605536.47959268,0.6506310255737309,0.3493689744262691,12780168.0,945604.1875,1.0,1.0,13.515346239940376,0.0
177,before,33970133.904296875,82440340.42149988,116410474.32579675,0.2918133793461319,0.7081866206538681,4812818.5,3591950.75,0.37658491656760695,0.429347701077381,1.339889891307669,2.217991590499878
177,baseline_compensated,67345672.6171875,52886433.86705662,120232106.48424412,0.5601305224242482,0.4398694775757518,9637162.0,1398963.125,0.7540716209677368,0.8511803279068608,6.888789152323082,0.6954996585845947
177,physics_compensated,64834467.796875,55088910.0978069,119923377.8946819,0.5406324349353583,0.4593675650646417,8873330.0,1619411.25,0.6943046445085855,0.8194412708995161,5.479355537390518,0.7528647184371948
177,ideal,79120334.91516113,42485201.56443155,121605536.47959268,0.6506310255737309,0.3493689744262691,12780168.0,945604.1875,1.0,1.0,13.515346239940376,0.0
178,before,32313402.119670868,84137965.7776098,116451367.89728066,0.27748409231374466,0.7225159076862554,3835570.25,3835570.25,0.3001189225368555,0.4084083081083993,1.0,1.6748912334442139
178,baseline_compensated,52018881.79296875,66284342.50372806,118303224.29669681,0.43970806461292017,0.5602919353870798,4815090.0,3051531.75,0.3767626528853142,0.6574653892548277,1.5779255778675743,1.067211627960205
178,physics_compensated,50885524.15625,67212752.27300543,118098276.42925543,0.4308744013443077,0.5691255986556922,5677309.0,2956299.0,0.4442280414467165,0.643140909486965,1.9204109597845143,1.327832579612732
178,ideal,79120334.91516113,42485201.56443155,121605536.47959268,0.6506310255737309,0.3493689744262691,12780168.0,945604.1875,1.0,1.0,13.515346239940376,0.0
179,before,32370492.4296875,83839732.47241867,116210224.90210617,0.2785511555197139,0.7214488444802861,3842315.5,3842315.5,0.3006467129383589,0.40912987115635463,1.0,1.963633418083191
179,baseline_compensated,63254742.76513672,56498804.74741477,119753547.51255149,0.5282076738353569,0.47179232616464306,8644845.0,1909542.75,0.6764265540171303,0.7994751644183924,4.527180656206832,0.8957661390304565
179,physics_compensated,64101206.7734375,55772202.029072076,119873408.80250958,0.5347408354678868,0.46525916453211325,8998499.0,1689243.5,0.7040986472165311,0.8101736025532716,5.32694013622074,0.9214382171630859
179,ideal,79120334.91516113,42485201.56443155,121605536.47959268,0.6506310255737309,0.3493689744262691,12780168.0,945604.1875,1.0,1.0,13.515346239940376,0.0
180,before,38260160.48828125,79122746.44781248,117382906.93609373,0.3259432015013145,0.6740567984986855,5347969.0,2252716.75,0.4184584271505664,0.48356924334694384,2.3740086275826733,2.310865879058838
180,baseline_compensated,59198737.546875,59989152.05971557,119187889.60659057,0.49668416600273096,0.5033158339972691,6823646.0,2377595.25,0.5339245931665374,0.7482114125319668,2.869977974594288,0.8428014516830444
180,physics_compensated,69904651.01757812,50576066.767354146,120480717.78493227,0.580214430182625,0.419785569817375,9982456.0,1036086.9375,0.7810895756612902,0.8835231940377304,9.634766773613531,0.6238535642623901
180,ideal,79120334.91516113,42485201.56443155,121605536.47959268,0.6506310255737309,0.3493689744262691,12780168.0,945604.1875,1.0,1.0,13.515346239940376,0.0
181,before,22356163.46850586,92962472.96597469,115318636.43448055,0.19386427172339782,0.8061357282766022,5105927.0,5105927.0,0.39951955248162624,0.28255900954511687,1.0,1.9726359844207764
181,baseline_compensated,70278405.03515625,50362865.367567986,120641270.40272424,0.5825403263788017,0.4174596736211983,10846153.0,966250.125,0.8486706121547072,0.8882470620291752,11.224995184347325,0.7638261914253235
181,physics_compensated,70846241.67480469,49889456.847423196,120735698.52222788,0.5867878559692239,0.41321214403077616,11174201.0,880911.375,0.8743391323181354,0.895423935588385,12.684818606184987,0.7587663531303406
181,ideal,79120334.91516113,42485201.56443155,121605536.47959268,0.6506310255737309,0.3493689744262691,12780168.0,945604.1875,1.0,1.0,13.515346239940376,0.0
182,before,53653864.014160156,64703711.810295194,118357575.82445535,0.4533200654070346,0.5466799345929654,5971537.0,3108941.25,0.4672502740183071,0.6781298900174263,1.9207622530660557,1.3697831630706787
182,baseline_compensated,60082546.9453125,59391929.21960646,119474476.16491896,0.5028902312354679,0.49710976876453206,8318729.0,1187914.5,0.6509092055753883,0.7593818581498372,7.002801127522225,1.1684050559997559
182,physics_compensated,61299945.0234375,58235644.06832957,119535589.09176707,0.5128175256356309,0.4871824743643691,8117818.0,1688956.625,0.6351886767059713,0.7747685230246811,4.806409992915005,1.1893939971923828
182,ideal,79120334.91516113,42485201.56443155,121605536.47959268,0.6506310255737309,0.3493689744262691,12780168.0,945604.1875,1.0,1.0,13.515346239940376,0.0
183,before,22454122.22265625,92951189.7116248,115405311.93428105,0.19456749300624065,0.8054325069937593,3896861.0,3896861.0,0.30491469282719913,0.28379710787035056,1.0,1.8961035013198853
183,baseline_compensated,65968014.5078125,54250390.89528127,120218405.40309377,0.5487347323117533,0.45126526768824665,10218795.0,876152.4375,0.7995822120648179,0.8337681403718582,11.663261508645864,1.1318490505218506
183,physics_compensated,51268416.20605469,67352856.85302737,118621273.05908206,0.43220254583272993,0.56779745416727,7091424.5,1651966.75,0.554877252004825,0.6479802728467795,4.292716242624133,1.541579246520996
183,ideal,79120334.91516113,42485201.56443155,121605536.47959268,0.6506310255737309,0.3493689744262691,12780168.0,945604.1875,1.0,1.0,13.515346239940376,0.0
184,before,45979480.765625,71535303.85302123,117514784.61864623,0.39126549833568236,0.6087345016643176,3760460.0,3254149.5,0.2942418284329283,0.5811335456924912,1.1555891946574672,1.5056651830673218
184,baseline_compensated,76729853.53320312,44584909.427520305,121314762.96072343,0.6324857062783447,0.36751429372165534,12054497.0,945494.125,0.9432189780290838,0.969786763611134,12.749415021484136,0.30213165283203125
184,physics_compensated,75216910.5390625,45926930.29599795,121143840.83506045,0.6208892670116981,0.3791107329883019,11675071.0,900791.25,0.9135303229190728,0.950664713688533,12.96090631430978,0.3738534450531006
184,ideal,79120334.91516113,42485201.56443155,121605536.47959268,0.6506310255737309,0.3493689744262691,12780168.0,945604.1875,1.0,1.0,13.515346239940376,0.0
185,before,31092586.158203125,85081516.78276503,116174102.94096816,0.267637841576468,0.7323621584235319,3776306.0,3776306.0,0.29548171823719377,0.39297844468862486,1.0,2.23551607131958
185,baseline_compensated,63470227.51953125,56272837.91849078,119743065.43802203,0.5300534714670628,0.46994652853293717,8278725.0,1703499.375,0.6477790432801822,0.8021986710191366,4.859834480420634,0.702178955078125
185,physics_compensated,64751916.6640625,55129014.61392994,119880931.27799244,0.5401352489822504,0.4598647510177496,8557178.0,1628587.25,0.669566941530033,0.8183979091278425,5.254356498247177,0.6778864860534668
185,ideal,79120334.91516113,42485201.56443155,121605536.47959268,0.6506310255737309,0.3493689744262691,12780168.0,945604.1875,1.0,1.0,13.515346239940376,0.0
186,before,45290191.11328125,71967482.74668205,117257673.8599633,0.38624500744718615,0.6137549925528138,4489794.5,2610424.0,0.3513095054775493,0.5724216304423491,1.719948368540896,1.6945043802261353
186,baseline_compensated,76916623.14648438,44441967.75892025,121358590.90540463,0.6337962774010665,0.3662037225989335,12264177.0,929869.75,0.9596256481135459,0.9721473402376298,13.189134284667288,0.3317267596721649
186,physics_compensated,76476321.14697266,44845444.45005724,121321765.5970299,0.6303594476277956,0.36964055237220445,12232428.0,926648.4375,0.9571414084697478,0.9665823739115413,13.200721551963984,0.34535685181617737
186,ideal,79120334.91516113,42485201.56443155,121605536.47959268,0.6506310255737309,0.3493689744262691,12780168.0,945604.1875,1.0,1.0,13.515346239940376,0.0
187,before,26573432.533203125,89112273.07174435,115685705.60494748,0.2297036820084596,0.7702963179915404,4004126.5,4004126.5,0.313307814106982,0.33586097128756076,1.0,1.9988412857055664
187,baseline_compensated,64123201.57128906,55693883.204731554,119817084.77602062,0.5351757780716949,0.4648242219283051,8440727.0,1420911.375,0.6604550894792619,0.8104515942715215,5.940361340270078,0.7051857709884644
187,physics_compensated,65491600.9140625,54493545.601304516,119985146.51536702,0.5458309033749832,0.45416909662501675,8864948.0,1371905.25,0.6936487845856173,0.8277467604793078,6.461778610439752,0.6599791646003723
187,ideal,79120334.91516113,42485201.56443155,121605536.47959268,0.6506310255737309,0.3493689744262691,12780168.0,945604.1875,1.0,1.0,13.515346239940376,0.0
188,before,52640715.17578125,65448268.381768316,118088983.55754957,0.44577160027910046,0.5542283997208995,4604627.5,2014880.5,0.36029475512371983,0.6653247263453402,2.2853104687846253,1.3926234245300293
188,baseline_compensated,64229429.361572266,55641343.72958654,119870773.0911588,0.5358222668066664,0.46417773319333355,8783875.0,1335998.25,0.687305127757319,0.8117942047445068,6.574765348682156,0.9586880803108215
188,physics_compensated,68811499.01171875,51636500.42356059,120447999.43527934,0.571296321519175,0.428703678480825,10287024.0,1020755.375,0.8049208742795869,0.8697068722661967,10.077854353693704,0.7684306502342224
188,ideal,79120334.91516113,42485201.56443155,121605536.47959268,0.6506310255737309,0.3493689744262691,12780168.0,945604.1875,1.0,1.0,13.515346239940376,0.0
189,before,32467951.2421875,83682562.86759607,116150514.10978357,0.27953342687316324,0.7204665731268368,4238427.5,4238427.5,0.33164098468815123,0.41036165073115677,1.0,2.0496699810028076
189,baseline_compensated,70090737.21875,50436775.252414286,120527512.47116429,0.5815330938280081,0.4184669061719919,10264463.0,1075880.0,0.803155561022359,0.8858751330350996,9.540527754024613,0.6108590960502625
189,physics_compensated,67494536.9375,52710596.11137596,120205133.04887596,0.5614946319310375,0.43850536806896245,9450615.0,1249103.875,0.7394750209856397,0.853061820452009,7.565916005184117,0.6808193922042847
189,ideal,79120334.91516113,42485201.56443155,121605536.47959268,0.6506310255737309,0.3493689744262691,12780168.0,945604.1875,1.0,1.0,13.515346239940376,0.0
190,before,33949987.384765625,82301045.0555165,116251032.44028212,0.2920403085641898,0.7079596914358103,5432052.0,3293189.0,0.425037605139463,0.4290930697041335,1.6494807920225654,1.8761653900146484
190,baseline_compensated,46732934.51171875,71008108.03252406,117741042.54424281,0.3969128648929553,0.6030871351070447,4815712.5,2879113.75,0.37681136116520536,0.590656429372163,1.6726371092493306,1.1800659894943237
190,physics_compensated,50474458.625,67602604.77203608,118077063.39703608,0.4274704771008642,0.5725295228991358,4688042.0,3407926.0,0.3668216255060184,0.6379454621763491,1.3756290482833253,1.1283339262008667
190,ideal,79120334.91516113,42485201.56443155,121605536.47959268,0.6506310255737309,0.3493689744262691,12780168.0,945604.1875,1.0,1.0,13.515346239940376,0.0
191,before,47578815.9765625,69741412.33556494,117320228.31212744,0.4055465682352773,0.5944534317647228,5160531.0,4657460.5,0.4037921097750828,0.6013475047543737,1.1080139058613594,1.978276014328003
191,baseline_compensated,63316776.794921875,56404179.406281084,119720956.20120296,0.5288696215265082,0.47113037847349176,8212713.5,1598904.625,0.6426138920865516,0.8002592110209715,5.136462407818728,0.7093027830123901
191,physics_compensated,65846577.203125,54175279.88352895,120021857.08665395,0.5486215494531531,0.45137845054684683,8933145.0,1176544.0,0.6989849429209382,0.8322332972140567,7.592699465553349,0.637356162071228
191,ideal,79120334.91516113,42485201.56443155,121605536.47959268,0.6506310255737309,0.3493689744262691,12780168.0,945604.1875,1.0,1.0,13.515346239940376,0.0
192,before,40052435.109375,76695654.04146194,116748089.15083694,0.3430671576785107,0.6569328423214893,3638660.0,3623238.25,0.2847114372831406,0.5062217589488502,1.0042563444454695,2.25956130027771
192,baseline_compensated,71112612.5390625,49447027.19345884,120559639.73252134,0.5898542223320833,0.41014577766791677,9957149.0,922004.5625,0.7791093982489119,0.8987905905013531,10.799457405071138,0.5926435589790344
192,physics_compensated,75987319.49023438,45218857.2573787,121206176.74761307,0.6269261314005666,0.37307386859943337,11747381.0,952428.0625,0.9191883080097225,0.9604018937952397,12.334139934059325,0.3124023973941803
192,ideal,79120334.91516113,42485201.56443155,121605536.47959268,0.6506310255737309,0.3493689744262691,12780168.0,945604.1875,1.0,1.0,13.515346239940376,0.0
193,before,54513559.625,64014555.25230646,118528114.87730646,0.45992091987145267,0.5400790801285473,4914859.5,2311083.5,0.3845692404043515,0.6889955620568796,2.126647306339213,1.3166224956512451
193,baseline_compensated,63052244.15625,56582264.81317939,119634508.96942939,0.5270406064220312,0.4729593935779688,7815750.0,1982620.75,0.6115529936695668,0.7969157893967389,3.942130636935985,0.7687336802482605
193,physics_compensated,61343725.23828125,58135620.11898118,119479345.35726243,0.5134253544397457,0.4865746455602543,7606425.5,2147731.0,0.5951741401208498,0.7753218601015615,3.5416099595340387,0.8144098520278931
193,ideal,79120334.91516113,42485201.56443155,121605536.47959268,0.6506310255737309,0.3493689744262691,12780168.0,945604.1875,1.0,1.0,13.515346239940376,0.0
194,before,35506085.890625,80854312.97728091,116360398.86790591,0.3051389152673157,0.6948610847326843,6123288.0,5065584.5,0.47912421808539607,0.4487605610959223,1.2088018667934568,1.8621708154678345
194,baseline_compensated,63875829.189941406,56096470.63517441,119972299.82511581,0.5324214779832803,0.4675785220167197,9631379.0,1570339.375,0.7536191230037038,0.8073250607247043,6.133310514486717,1.0279687643051147
194,physics_compensated,64321372.95019531,55706848.0207188,120028220.97091411,0.535885414529155,0.4641145854708451,9771894.0,1524147.625,0.7646138923995365,0.8129562775380766,6.41138288687751,1.025274634361267
194,ideal,79120334.91516113,42485201.56443155,121605536.47959268,0.6506310255737309,0.3493689744262691,12780168.0,945604.1875,1.0,1.0,13.515346239940376,0.0
195,before,38353564.07421875,78228954.06134813,116582518.13556688,0.3289821208838505,0.6710178791161495,4333329.5,2361362.25,0.33906670866924443,0.48474976901127087,1.835097304532585,1.916972279548645
195,baseline_compensated,75790187.57714844,45430246.568580836,121220434.14572927,0.6252261684365417,0.37477383156345834,11906134.0,985974.8125,0.9316101321985751,0.9579103483120549,12.075495082690056,0.45127072930336
195,physics_compensated,75583593.3046875,45518688.80916682,121102282.11385432,0.6241302144383009,0.37586978556169914,11261174.0,1045316.9375,0.8811444419196993,0.9552992082975129,10.772975732061168,0.40745118260383606
195,ideal,79120334.91516113,42485201.56443155,121605536.47959268,0.6506310255737309,0.3493689744262691,12780168.0,945604.1875,1.0,1.0,13.515346239940376,0.0
196,before,38324531.3671875,78360259.12282841,116684790.49001591,0.3284449601892778,0.6715550398107222,3889813.5,3210700.5,0.30436325250184504,0.4843828253290635,1.2115155244159335,1.5968719720840454
196,baseline_compensated,67716998.046875,52504580.02244741,120221578.0693224,0.5632682512936895,0.43673174870631054,9430956.0,982980.75,0.7379367782958721,0.8558735010346751,9.594242817064321,0.6026941537857056
196,physics_compensated,69790205.12890625,50645317.41142504,120435522.54033129,0.5794818975069004,0.42051810249309957,9777489.0,992020.625,0.7650516800718112,0.88207671521791,9.856134795584516,0.5568959712982178
196,ideal,79120334.91516113,42485201.56443155,121605536.47959268,0.6506310255737309,0.3493689744262691,12780168.0,945604.1875,1.0,1.0,13.515346239940376,0.0
197,before,40122691.65625,76607286.63647294,116729978.29272294,0.3437222574961387,0.6562777425038613,3868087.75,2964361.75,0.3026632944105273,0.5071097297461217,1.3048636017517092,1.921156644821167
197,baseline_compensated,53270731.0390625,65124336.91015172,118395067.94921422,0.4499404575021071,0.5500595424978929,5110749.0,2275952.0,0.3998968558159799,0.6732874816086591,2.245543403375818,1.3412145376205444
197,physics_compensated,44876140.6328125,72734164.16438587,117610304.79719837,0.38156640024183924,0.6184335997581607,3698180.25,2481646.75,0.2893686726183881,0.5671884564307282,1.4902121947855793,1.571610689163208
197,ideal,79120334.91516113,42485201.56443155,121605536.47959268,0.6506310255737309,0.3493689744262691,12780168.0,945604.1875,1.0,1.0,13.515346239940376,0.0
198,before,33201041.4453125,83024066.12045397,116225107.56576647,0.28566152478306417,0.7143384752169358,4437131.5,3286016.5,0.34718882412187385,0.4196271600836017,1.3503071271857583,1.798727035522461
198,baseline_compensated,32366364.106933594,83820718.16084652,116187082.26778011,0.2785711068321502,0.7214288931678499,4139668.5,3278117.0,0.3239134649873147,0.4090776933848837,1.2628190207976104,1.7211356163024902
198,physics_compensated,52012509.7421875,66289002.51475994,118301512.25694744,0.4396605651939414,0.5603394348060586,6678955.0,2672608.25,0.522603067502712,0.6573848530590687,2.499040029529206,1.5501937866210938
198,ideal,79120334.91516113,42485201.56443155,121605536.47959268,0.6506310255737309,0.3493689744262691,12780168.0,945604.1875,1.0,1.0,13.515346239940376,0.0
199,before,46479131.424194336,70709408.84042683,117188540.26462117,0.3966184007347537,0.6033815992652464,4675056.0,2525811.5,0.3658055199274376,0.5874486182854611,1.8509124691213101,1.933266520500183
199,baseline_compensated,72256448.91796875,48569672.59673105,120826121.5146998,0.5980200970795705,0.40197990292042957,11114319.0,987954.6875,0.8696535914081881,0.9132475108383659,11.249826677906217,0.6927992105484009
199,physics_compensated,72805146.55664062,48075248.268660754,120880394.82530138,0.602290773965952,0.397709226034048,11188971.0,980562.1875,0.8754948291759544,0.9201824870269807,11.410771435646451,0.6807592511177063
199,ideal,79120334.91516113,42485201.56443155,121605536.47959268,0.6506310255737309,0.3493689744262691,12780168.0,945604.1875,1.0,1.0,13.515346239940376,0.0
200,before,57913835.7109375,61144589.20056386,119058424.91150136,0.486432066894771,0.513567933105229,8276952.0,2210144.0,0.6476403127095043,0.7319715692942547,3.74498313232079,1.3475406169891357
200,baseline_compensated,64431829.63671875,55676282.689537585,120108112.32625633,0.5364486077484841,0.4635513922515159,10245691.0,1420915.5,0.8016867227410469,0.8143523369283949,7.210626529163768,1.0545779466629028
200,physics_compensated,65577426.29296875,54655795.46795745,120233221.7609262,0.5454185235372302,0.45458147646276975,10496474.0,1342656.875,0.821309547730515,0.8288315053681948,7.817689087541447,1.0280687808990479
200,ideal,79120334.91516113,42485201.56443155,121605536.47959268,0.6506310255737309,0.3493689744262691,12780168.0,945604.1875,1.0,1.0,13.515346239940376,0.0
201,before,37050485.484375,79462974.15442109,116513459.63879609,0.3179931794939004,0.6820068205060996,3501656.5,2963061.25,0.2739914295336337,0.46828019022042006,1.1817698672276855,2.3089568614959717
201,baseline_compensated,64105938.8203125,55473395.92941986,119579334.74973236,0.536095462936634,0.46390453706336593,7447363.5,1337466.0,0.5827281378460752,0.8102334107793121,5.568263791378622,0.9486358165740967
201,physics_compensated,69665245.03125,50801744.24182853,120466989.27307853,0.5782932357787288,0.4217067642212712,10034145.0,899875.375,0.7851340451862605,0.8804973475649515,11.15059404753686,0.5778874754905701
201,ideal,79120334.91516113,42485201.56443155,121605536.47959268,0.6506310255737309,0.3493689744262691,12780168.0,945604.1875,1.0,1.0,13.515346239940376,0.0
202,before,49785083.0546875,68476878.77022737,118261961.82491487,0.42097291712777096,0.579027082872229,5900168.0,2271648.5,0.4616659186326815,0.6292324610110772,2.5973067576255744,1.0313736200332642
202,baseline_compensated,76224750.390625,44988362.66465297,121213113.05527797,0.6288490450357751,0.3711509549642249,11665325.0,1078907.25,0.9127677351346242,0.9634027772046087,10.812166662148206,0.4374373257160187
202,physics_compensated,74027777.56738281,46996334.35582712,121024111.92320994,0.6116779242664767,0.38832207573352323,11517922.0,909055.1875,0.9012340056875622,0.93563529081065,12.670212060145138,0.4210541844367981
202,ideal,79120334.91516113,42485201.56443155,121605536.47959268,0.6506310255737309,0.3493689744262691,12780168.0,945604.1875,1.0,1.0,13.515346239940376,0.0
203,before,32696807.115844727,83415677.00832218,116112484.1241669,0.281595965864272,0.7184040341357281,3687159.0,3343045.75,0.2885063013256164,0.4132541545849716,1.1029340534750385,1.7670979499816895
203,baseline_compensated,55075890.125,63562911.71618751,118638801.8411875,0.46423167859302716,0.5357683214069728,5275203.0,2566395.75,0.41276476177777943,0.6961028436502017,2.0554908571680732,1.0032591819763184
203,physics_compensated,51398895.62890625,66839998.44147077,118238894.07037702,0.4347037921237075,0.5652962078762924,4483353.5,2712827.0,0.3508055214923622,0.6496293991174339,1.652649984683874,1.075136423110962
203,ideal,79120334.91516113,42485201.56443155,121605536.47959268,0.6506310255737309,0.3493689744262691,12780168.0,945604.1875,1.0,1.0,13.515346239940376,0.0
204,before,38194628.107421875,78491467.78938457,116686095.89680645,0.32732801465223427,0.6726719853477657,4033907.0,3242457.5,0.3156380260415982,0.4827409811697217,1.2440893982419199,1.6814801692962646
204,baseline_compensated,62958374.34375,56715944.765285894,119674319.1090359,0.5260809070188927,0.47391909298110735,8109534.0,2122495.5,0.6345404849138133,0.795729371106161,3.8207543902919934,0.7195162773132324
204,physics_compensated,62723982.46875,56926256.71435946,119650239.18310946,0.5242278067890773,0.4757721932109226,8075508.5,2086362.25,0.6318781177211442,0.7927668978652257,3.8706166678389624,0.732098400592804
204,ideal,79120334.91516113,42485201.56443155,121605536.47959268,0.6506310255737309,0.3493689744262691,12780168.0,945604.1875,1.0,1.0,13.515346239940376,0.0
205,before,38048382.62988281,78564449.93805864,116612832.56794146,0.326279550818002,0.673720449181998,4329719.5,3350175.75,0.3387842397689921,0.48089258811506796,1.2923857800594492,2.350335121154785
205,baseline_compensated,72036656.93554688,48741826.637969375,120778483.57351625,0.5964361764129877,0.4035638235870123,10864113.0,1038927.6875,0.8500759144950207,0.9104695652867254,10.457044441796148,0.6465454697608948
205,physics_compensated,71440249.26928711,49310670.68696645,120750919.95625356,0.5916331676410329,0.4083668323589671,10985261.0,909551.625,0.859555289101051,0.9029315832129731,12.07766628969521,0.6853287816047668
205,ideal,79120334.91516113,42485201.56443155,121605536.47959268,0.6506310255737309,0.3493689744262691,12780168.0,945604.1875,1.0,1.0,13.515346239940376,0.0
206,before,42293891.125,74650861.37899989,116944752.50399989,0.3616570236749478,0.6383429763250522,6271719.5,3759301.5,0.49073842378284854,0.5345514673358087,1.668320431335449,2.00960373878479
206,baseline_compensated,68513709.09375,51802938.93398386,120316648.02773386,0.5694449622462645,0.43055503775373555,9671374.0,998686.0,0.7567485810828152,0.8659431126930344,9.684098905962435,0.6121302247047424
206,physics_compensated,67243406.5078125,52914755.45860618,120158161.96641868,0.5596241271284211,0.4403758728715789,9278851.0,1160610.125,0.7260351350623873,0.8498877890230876,7.994804456836873,0.6476938128471375
206,ideal,79120334.91516113,42485201.56443155,121605536.47959268,0.6506310255737309,0.3493689744262691,12780168.0,945604.1875,1.0,1.0,13.515346239940376,0.0
207,before,43446667.44140625,73620166.87164715,117066834.3130534,0.3711270377844477,0.6288729622155523,3706880.5,2539691.25,0.29004943440493114,0.5491213793267317,1.4595791909744935,1.7748665809631348
207,baseline_compensated,62604655.10546875,56902336.30513534,119506991.41060409,0.5238576786722933,0.47614232132770673,9122162.0,1871652.75,0.7137748110979448,0.791258722205843,4.873853870596456,0.8265225291252136
207,physics_compensated,60608833.1171875,58571166.25065574,119179999.36784324,0.5085486947362812,0.4914513052637188,6115121.5,1162913.125,0.47848522022558704,0.7660335763514767,5.258450840857093,1.2541625499725342
207,ideal,79120334.91516113,42485201.56443155,121605536.47959268,0.6506310255737309,0.3493689744262691,12780168.0,945604.1875,1.0,1.0,13.515346239940376,0.0
208,before,33456187.3203125,82975435.45683551,116431622.77714801,0.28734622538370164,0.7126537746162984,3389741.75,3389741.75,0.2652345219562059,0.42285194262874115,1.0,1.9186533689498901
208,baseline_compensated,63404380.9453125,56269216.352532685,119673597.29784518,0.5298109388949918,0.4701890611050083,8041535.0,1787426.0,0.6292198193325784,0.801366437759642,4.498947089278102,0.7807636857032776
208,physics_compensated,53217781.240234375,65200181.22065109,118417962.46088547,0.4494063242965584,0.5505936757034415,4994171.0,3178615.0,0.39077506649364857,0.6726182503815049,1.571178327667868,1.1330012083053589
208,ideal,79120334.91516113,42485201.56443155,121605536.47959268,0.6506310255737309,0.3493689744262691,12780168.0,945604.1875,1.0,1.0,13.515346239940376,0.0
209,before,35639134.1875,80714137.32526979,116353271.51276979,0.30630109256179017,0.6936989074382098,3722386.5,3043385.5,0.2912627204900593,0.45044215530324794,1.2231071285579826,1.8411924839019775
209,baseline_compensated,64950526.33984375,54893404.641096115,119843930.98093987,0.5419592448963775,0.4580407551036225,8372240.5,1361006.75,0.655096278859558,0.8209081320180035,6.151505494002877,0.7343057990074158
209,physics_compensated,61521312.73046875,57780564.424878016,119301877.15534677,0.5156776590393451,0.48432234096065485,6912242.0,1433650.5,0.5408568964038657,0.7775663841215612,4.821427537604179,1.0524530410766602
209,ideal,79120334.91516113,42485201.56443155,121605536.47959268,0.6506310255737309,0.3493689744262691,12780168.0,945604.1875,1.0,1.0,13.515346239940376,0.0
210,before,35878517.484375,80653372.19275743,116531889.67713243,0.3078858292247843,0.6921141707752156,2532835.75,2244599.0,0.19818485562944085,0.4534677150045774,1.1284134716267806,1.5416878461837769
210,baseline_compensated,64342867.9296875,55451426.29546353,119794294.22515103,0.5371112901984826,0.4628887098015174,8310401.0,1302514.5,0.6502575709489891,0.8132279520641671,6.380275229181709,0.6980626583099365
210,physics_compensated,68185962.125,52049103.97445339,120235066.09945339,0.5671054571434214,0.43289454285657863,9217638.0,893939.75,0.7212454484166405,0.8618007266793575,10.311251960772523,0.6710582375526428
210,ideal,79120334.91516113,42485201.56443155,121605536.47959268,0.6506310255737309,0.3493689744262691,12780168.0,945604.1875,1.0,1.0,13.515346239940376,0.0
211,before,49708127.732421875,67782153.29782629,117490281.03024817,0.423082890742464,0.576917109257536,3768840.75,2160909.0,0.2948975905481055,0.6282598245536085,1.7440997052629241,2.0969393253326416
211,baseline_compensated,51519179.705566406,66638262.1454294,118157441.85099581,0.43602145492059174,0.5639785450794083,4065228.5,2899515.0,0.31808881542089273,0.6511496666540808,1.4020374097047266,1.3609631061553955
211,physics_compensated,49088074.140625,68857116.62975343,117945190.77037843,0.4161939441531966,0.5838060558468033,4074126.0,3295544.75,0.31878501127684705,0.6204229821987102,1.2362526711251607,1.3175601959228516
211,ideal,79120334.91516113,42485201.56443155,121605536.47959268,0.6506310255737309,0.3493689744262691,12780168.0,945604.1875,1.0,1.0,13.515346239940376,0.0
212,before,49364148.32421875,68160834.45369361,117524982.77791236,0.42003110451419906,0.579968895485801,7028735.5,4643273.5,0.5499720739195291,0.6239122771301557,1.5137457442470275,1.698012113571167
212,baseline_compensated,63908218.046875,56049357.34412958,119957575.39100458,0.5327568337269626,0.46724316627303747,9491424.0,1301510.25,0.7426681714982151,0.8077344227043816,7.29262331971646,1.0074931383132935
212,physics_compensated,65382679.94921875,54773608.496059164,120156288.44527791,0.5441469672142512,0.4558530327857488,10067597.0,1278201.625,0.7877515381644435,0.826370111038168,7.876376311131665,0.9949172139167786
212,ideal,79120334.91516113,42485201.56443155,121605536.47959268,0.6506310255737309,0.3493689744262691,12780168.0,945604.1875,1.0,1.0,13.515346239940376,0.0
213,before,49109709.234375,68814615.47259094,117924324.70696594,0.41645105330396714,0.5835489466960329,5835244.0,3927484.0,0.456585860217174,0.6206964276255172,1.4857460908815925,1.4858014583587646
213,baseline_compensated,48650999.828125,69079019.6668649,117730019.4949899,0.413242094385242,0.5867579056147579,6731686.0,3494210.5,0.5267290696022149,0.6148988105307228,1.9265256057126496,1.5195138454437256
213,physics_compensated,50416638.23144531,67860647.45329648,118277285.6847418,0.4262579914610709,0.5737420085389291,5332171.0,2570083.0,0.41722229316547327,0.6372146716202084,2.074707703992439,1.3000751733779907
213,ideal,79120334.91516113,42485201.56443155,121605536.47959268,0.6506310255737309,0.3493689744262691,12780168.0,945604.1875,1.0,1.0,13.515346239940376,0.0
214,before,30761937.484375,85499564.3080059,116261501.7923809,0.26459263823470547,0.7354073617652945,3991400.25,3991400.25,0.31231203298735977,0.3887993840946237,1.0,2.3971309661865234
214,baseline_compensated,76388396.23632812,44891304.088424146,121279700.32475227,0.6298531084079355,0.3701468915920645,12005719.0,1026189.875,0.9394022832876688,0.9654710930917773,11.69931539229034,0.4539352357387543
214,physics_compensated,72130428.1953125,48642343.763530016,120772771.95884252,0.5972408103698524,0.4027591896301475,10783596.0,964600.1875,0.8437757625721352,0.9116547379716764,11.179342633084445,0.5104376077651978
214,ideal,79120334.91516113,42485201.56443155,121605536.47959268,0.6506310255737309,0.3493689744262691,12780168.0,945604.1875,1.0,1.0,13.515346239940376,0.0
215,before,65158167.119140625,54086666.23860504,119244833.35774566,0.5464233986864657,0.4535766013135343,9935544.0,2230779.0,0.7774188883901996,0.8235324988071422,4.4538450469544495,1.086338758468628
215,baseline_compensated,75069654.73828125,45999597.54143873,121069252.27971998,0.6200554915862481,0.379944508413752,11289900.0,1013332.8125,0.8833921432018734,0.9488035511828491,11.141354410646798,0.39908450841903687
215,physics_compensated,74861325.07324219,46212288.9255372,121073613.99877939,0.6183124679337392,0.3816875320662609,11417012.0,915721.1875,0.8933381783400657,0.9461704775834711,12.4677818487191,0.4073518216609955
215,ideal,79120334.91516113,42485201.56443155,121605536.47959268,0.6506310255737309,0.3493689744262691,12780168.0,945604.1875,1.0,1.0,13.515346239940376,0.0
216,before,41782252.48046875,75297100.5465591,117079353.02702785,0.35687122793395765,0.6431287720660424,5217526.0,3489519.25,0.408251753811061,0.5280848788781148,1.4951990879545942,2.2629218101501465
216,baseline_compensated,75618468.00146484,45559212.291595295,121177680.29306014,0.6240296712941411,0.37597032870585884,11696692.0,896401.1875,0.9152220847175092,0.9557399887468719,13.048501232602394,0.3195326328277588
216,physics_compensated,74484150.94091797,46581331.554493636,121065482.4954116,0.615238542032333,0.384761457967667,11533015.0,872640.5,0.9024149760785617,0.9414033828444428,13.216227071743749,0.3510677218437195
216,ideal,79120334.91516113,42485201.56443155,121605536.47959268,0.6506310255737309,0.3493689744262691,12780168.0,945604.1875,1.0,1.0,13.515346239940376,0.0
217,before,31034276.267578125,85264382.36810012,116298658.63567825,0.2668498212416819,0.7331501787583181,4394339.0,3368484.0,0.3438404722066251,0.3922414673908477,1.3045450119400894,2.38010311126709
217,baseline_compensated,53364691.7734375,65148758.03544325,118513449.80888075,0.4502838442345186,0.5497161557654814,5416571.0,1960065.625,0.42382627521015376,0.6744750490586169,2.7634641059530853,1.116723656654358
217,physics_compensated,57448389.46875,61542966.78202918,118991356.25077918,0.4827946439040089,0.517205356095991,6490940.5,1812175.75,0.5078916411740441,0.7260888054929311,3.581849332218467,0.9799346327781677
217,ideal,79120334.91516113,42485201.56443155,121605536.47959268,0.6506310255737309,0.3493689744262691,12780168.0,945604.1875,1.0,1.0,13.515346239940376,0.0
218,before,24344249.0390625,91355759.35745181,115700008.39651431,0.21040836017602155,0.7895916398239785,4276636.0,4276636.0,0.33463065587244234,0.307686375002915,1.0,2.1411445140838623
218,baseline_compensated,68546828.59375,51828490.78862792,120375319.38237792,0.5694425480692412,0.43055745193075884,10022760.0,959318.875,0.7842432118263234,0.8663617092527622,10.447787759831161,0.7028723955154419
218,physics_compensated,66506468.078125,53623202.05092612,120129670.12905112,0.553622331657778,0.44637766834222203,9432673.0,1103143.25,0.7380711270775158,0.8405736420281628,8.550723580097145,0.7484354376792908
218,ideal,79120334.91516113,42485201.56443155,121605536.47959268,0.6506310255737309,0.3493689744262691,12780168.0,945604.1875,1.0,1.0,13.515346239940376,0.0
219,before,37337273.58203125,79201741.50617673,116539015.08820798,0.320384324114725,0.679615675885275,7155348.0,4984251.5,0.5598790250644593,0.47190489805265773,1.435591281860476,1.9022912979125977
219,baseline_compensated,72181261.65039062,48690864.13540459,120872125.78579521,0.597170449192789,0.40282955080721095,11427214.0,874619.0625,0.8941364464066514,0.9122972207813439,13.065361241197508,0.6890766620635986
219,physics_compensated,72471748.92156982,48409337.492432,120881086.41400182,0.599529265259609,0.4004707347403909,11348827.0,891650.25,0.888002958959538,0.9159686823782984,12.727890784531267,0.6860809326171875
219,ideal,79120334.91516113,42485201.56443155,121605536.47959268,0.6506310255737309,0.3493689744262691,12780168.0,945604.1875,1.0,1.0,13.515346239940376,0.0
220,before,36848874.2109375,79577318.72034393,116426192.93128143,0.31649986384667683,0.6835001361533232,6650607.5,4629597.5,0.5203849824196364,0.46573203021005505,1.4365411895958557,1.996124267578125
220,baseline_compensated,67234679.55883789,53174854.717686266,120409534.27652416,0.5583833536340354,0.44161664636596465,10827594.0,826377.3125,0.8472184403209723,0.8497774893260001,13.102482166703966,1.000846266746521
220,physics_compensated,66468814.84277344,53849173.35515472,120317988.19792816,0.5524428710811673,0.4475571289188327,10604578.0,889057.5625,0.8297682784764645,0.8400977436969443,11.92788684028544,1.0349469184875488
220,ideal,79120334.91516113,42485201.56443155,121605536.47959268,0.6506310255737309,0.3493689744262691,12780168.0,945604.1875,1.0,1.0,13.515346239940376,0.0
221,before,21997596.70703125,93372334.94253796,115369931.64956921,0.1906701026212612,0.8093298973787388,4245916.0,3859790.25,0.3322269316021511,0.27802709291636285,1.1000380137236732,1.823421835899353
221,baseline_compensated,65928278.73339844,54336228.62169632,120264507.35509476,0.548193978284363,0.45180602171563694,10546943.0,1591548.625,0.8252585568515218,0.8332659208797811,6.6268430849858575,0.9610134363174438
221,physics_compensated,66240919.30859375,54076689.48805712,120317608.79665087,0.5505504968981533,0.4494495031018468,10721810.0,1212249.625,0.8389412408350188,0.8372173775505668,8.844556252182796,1.046686053276062
221,ideal,79120334.91516113,42485201.56443155,121605536.47959268,0.6506310255737309,0.3493689744262691,12780168.0,945604.1875,1.0,1.0,13.515346239940376,0.0
222,before,44136975.7734375,73010228.14021935,117147203.91365685,0.376765081016945,0.6232349189830549,4396728.0,3097112.25,0.34402740245668134,0.5578461696448143,1.4196217783194651,1.622995138168335
222,baseline_compensated,42051628.078125,75196816.11763248,117248444.19575748,0.3586540390072536,0.6413459609927464,3821577.75,2666357.75,0.29902406212500493,0.5314895105438566,1.4332576901955485,1.404658317565918
222,physics_compensated,48780854.25,69128894.09729266,117909748.34729266,0.41371349641354793,0.5862865035864521,4906024.0,2679154.25,0.3838778958148281,0.6165400374291459,1.8311838521428918,1.4849967956542969
222,ideal,79120334.91516113,42485201.56443155,121605536.47959268,0.6506310255737309,0.3493689744262691,12780168.0,945604.1875,1.0,1.0,13.515346239940376,0.0
223,before,54586316.5625,63392198.59929651,117978515.16179651,0.4626801455132739,0.5373198544867261,4444603.0,2075959.0,0.34777344084991685,0.6899151352308053,2.140987851879541,1.70197331905365
223,baseline_compensated,61342733.73046875,57848772.09926395,119191505.8297327,0.5146569237752394,0.4853430762247606,6776460.5,1155456.75,0.5302325055507877,0.7753093284582923,5.864746127451331,1.1086106300354004
223,physics_compensated,59617823.50097656,59363935.313978195,118981758.81495476,0.5010669206335789,0.4989330793664211,5414702.0,1211915.875,0.4236800330011311,0.7535082297730836,4.467886023854585,1.275543212890625
223,ideal,79120334.91516113,42485201.56443155,121605536.47959268,0.6506310255737309,0.3493689744262691,12780168.0,945604.1875,1.0,1.0,13.515346239940376,0.0
224,before,41091064.0,75961106.61350146,117052170.61350146,0.35104914146086175,0.6489508585391383,4737386.0,4370074.0,0.37068260761517374,0.5193489643852112,1.0840516659443296,1.3988726139068604
224,baseline_compensated,64652577.50390625,55078729.24774802,119731306.75165427,0.539980555277895,0.460019444722105,7748587.0,1234668.5,0.6062977419389166,0.8171423638844765,6.27584408284491,0.8123738765716553
224,physics_compensated,62312117.40625,57045257.27270268,119357374.67895268,0.5220634047444245,0.47793659525557547,6524734.5,1426875.5,0.51053589436383,0.7875613452984724,4.572742681474312,1.0579555034637451
224,ideal,79120334.91516113,42485201.56443155,121605536.47959268,0.6506310255737309,0.3493689744262691,12780168.0,945604.1875,1.0,1.0,13.515346239940376,0.0
225,before,45150698.359375,71983591.87460425,117134290.23397925,0.38546098046255395,0.614539019537446,7829033.5,6020655.5,0.6125923775023928,0.5706585848984213,1.30036231104736,1.7653623819351196
225,baseline_compensated,74974501.08984375,46132151.01524827,121106652.10509202,0.6190783064895854,0.3809216935104146,11547718.0,873182.8125,0.9035654304387861,0.947600906520898,13.224857194494996,0.35038381814956665
225,physics_compensated,73716944.48388672,47208238.49044989,120925182.97433661,0.6096078804324102,0.3903921195675898,10983704.0,959498.5625,0.8594334597166485,0.9317066789837487,11.447337629544391,0.4449271261692047
225,ideal,79120334.91516113,42485201.56443155,121605536.47959268,0.6506310255737309,0.3493689744262691,12780168.0,945604.1875,1.0,1.0,13.515346239940376,0.0
226,before,44199715.89794922,72855039.79728311,117054755.69523233,0.3775986343778212,0.6224013656221787,3812764.0,2760319.75,0.298334419391044,0.5586391405615703,1.3812762090333919,2.0918514728546143
226,baseline_compensated,56762222.46582031,62222061.20138621,118984283.66720653,0.47705647095864856,0.5229435290413514,6681793.5,2180678.0,0.5228251694343924,0.7174163573332331,3.064089929829163,1.2518812417984009
226,physics_compensated,58220340.9609375,61010304.298776805,119230645.2597143,0.4883001415795324,0.5116998584204676,7565783.5,2469862.75,0.5919940567291447,0.7358454817382383,3.0632404573897882,1.166074514389038
226,ideal,79120334.91516113,42485201.56443155,121605536.47959268,0.6506310255737309,0.3493689744262691,12780168.0,945604.1875,1.0,1.0,13.515346239940376,0.0
227,before,50800519.546875,67308586.94837654,118109106.49525154,0.43011517955152245,0.5698848204484775,5251649.0,2300543.5,0.41092175001142395,0.6420665382843387,2.2827862198650015,1.2209382057189941
227,baseline_compensated,72713569.96191406,48121887.22786918,120835457.18978325,0.6017568986204992,0.39824310137950086,10882299.0,853300.0625,0.8514989004839373,0.9190250526603951,12.753191378091573,0.44004419445991516
227,physics_compensated,71579435.92919922,49072148.12272777,120651584.05192699,0.5932739009741662,0.4067260990258338,10239330.0,914797.0,0.8011889984544804,0.9046907600423097,11.1930078476427,0.501900851726532
227,ideal,79120334.91516113,42485201.56443155,121605536.47959268,0.6506310255737309,0.3493689744262691,12780168.0,945604.1875,1.0,1.0,13.515346239940376,0.0
228,before,52395780.09765625,65874539.05020049,118270319.14785674,0.443017153206065,0.5569828467939351,5823463.5,1700265.125,0.4556640804721816,0.6622289978150245,3.4250326107229894,1.095819354057312
228,baseline_compensated,58517108.8984375,60493409.47849047,119010518.37692797,0.49169694995448354,0.5083030500455165,6162590.5,1962588.625,0.48219949064832324,0.7395963245249658,3.1400317017530863,0.9153538942337036
228,physics_compensated,59575388.5078125,59628412.20212676,119203800.70993926,0.49977759226636037,0.5002224077336397,6898206.0,2017778.625,0.5397586322808902,0.7529718949204877,3.41871299186748,0.8486026525497437
228,ideal,79120334.91516113,42485201.56443155,121605536.47959268,0.6506310255737309,0.3493689744262691,12780168.0,945604.1875,1.0,1.0,13.515346239940376,0.0
229,before,43166607.375,73780828.68009192,116947436.05509192,0.3691111907290123,0.6308888092709877,6318347.5,3692084.75,0.49438688912383627,0.5455817069187906,1.7113224445890631,1.7715044021606445
229,baseline_compensated,69390964.08203125,51063114.04220545,120454078.1242367,0.5760781632520668,0.4239218367479331,10048437.0,922177.5625,0.7862523403448217,0.8770307172794143,10.896423214591062,0.6034542918205261
229,physics_compensated,72024300.39453125,48738125.815310314,120762426.20984156,0.5964131614031916,0.40358683859680844,10762343.0,851628.3125,0.8421127953873533,0.9103133912635887,12.637371071432057,0.5047519207000732
229,ideal,79120334.91516113,42485201.56443155,121605536.47959268,0.6506310255737309,0.3493689744262691,12780168.0,945604.1875,1.0,1.0,13.515346239940376,0.0
230,before,59896815.021484375,58609136.97331813,118505951.9948025,0.5054329678235179,0.49456703217648207,8106501.5,3515244.25,0.6343032032129781,0.7570343968552499,2.306099071209632,1.3616265058517456
230,baseline_compensated,72358606.46875,48415503.571145,120774110.039895,0.5991234913248209,0.40087650867517904,10723776.0,881653.5,0.8390950729286187,0.9145386776526974,12.163254611930878,0.500093400478363
230,physics_compensated,71504624.4921875,49182158.53176826,120686783.02395576,0.5924809883945135,0.40751901160548654,10587925.0,827082.4375,0.8284652439623642,0.9037452200987296,12.801535276222088,0.540917158126831
230,ideal,79120334.91516113,42485201.56443155,121605536.47959268,0.6506310255737309,0.3493689744262691,12780168.0,945604.1875,1.0,1.0,13.515346239940376,0.0
231,before,46083997.42626953,71199199.511452,117283196.93772154,0.392929239904166,0.607070760095834,3997636.0,2691358.5,0.3127999569332735,0.5824545292393455,1.4853599028148796,1.4544944763183594
231,baseline_compensated,52116937.9453125,66095086.447772175,118212024.39308468,0.4408767907739283,0.5591232092260717,4601465.0,3344131.0,0.3600473014126262,0.6587047185934723,1.3759822805984574,1.2301286458969116
231,physics_compensated,50483608.21484375,67585179.08929178,118068787.30413553,0.42757793458826765,0.5724220654117324,4663282.0,3164203.5,0.3648842487829581,0.638061103621163,1.4737617223418154,1.2818472385406494
231,ideal,79120334.91516113,42485201.56443155,121605536.47959268,0.6506310255737309,0.3493689744262691,12780168.0,945604.1875,1.0,1.0,13.515346239940376,0.0
232,before,54952458.9453125,63248610.814970106,118201069.7602826,0.4649066125776924,0.5350933874223076,6344099.0,1823507.0,0.496401846986675,0.6945427999544835,3.479064791086626,1.3593075275421143
232,baseline_compensated,63507013.97265625,56269829.06337336,119776843.0360296,0.5302111189685719,0.46978888103142813,8485801.0,1666760.75,0.6639819601745455,0.8026636141107507,5.091193202143739,0.8224921822547913
232,physics_compensated,62365824.421875,57297549.24000099,119663373.661876,0.5211772200079995,0.47882277999200046,8303083.0,1763365.75,0.6496849650176743,0.7882401469704141,4.708656159392911,0.85029536485672
232,ideal,79120334.91516113,42485201.56443155,121605536.47959268,0.6506310255737309,0.3493689744262691,12780168.0,945604.1875,1.0,1.0,13.515346239940376,0.0
233,before,57142001.50390625,61163760.22251439,118305761.72642064,0.4830026929376932,0.5169973070623067,6615196.5,2388301.5,0.5176142050714826,0.7222163754132015,2.7698330801199096,1.7732242345809937
233,baseline_compensated,40749079.5703125,76363255.40399434,117112334.97430684,0.34794865612791687,0.6520513438720832,4290074.5,2464328.25,0.3356821678713457,0.5150266314469824,1.740869748175796,1.5509501695632935
233,physics_compensated,46673689.125,71335050.81400499,118008739.93900499,0.3955104439647789,0.604489556035221,5367973.0,2683110.75,0.42002366479063497,0.5899076283618756,2.0006527870681445,1.6071560382843018
233,ideal,79120334.91516113,42485201.56443155,121605536.47959268,0.6506310255737309,0.3493689744262691,12780168.0,945604.1875,1.0,1.0,13.515346239940376,0.0
234,before,49718978.49121094,68077881.92701681,117796860.41822775,0.42207388477662244,0.5779261152233776,6845604.5,2872552.75,0.5356427630685293,0.6283969670315909,2.3831083693763326,1.5307705402374268
234,baseline_compensated,65689188.2109375,54353771.93251568,120042960.14345318,0.5472139984921891,0.45278600150781095,9244554.0,1254446.5,0.7233515240175247,0.8302440615471922,7.369428668340977,0.8539469242095947
234,physics_compensated,64569184.521484375,55357618.04252821,119926802.56401259,0.5384049531965107,0.4615950468034893,9044551.0,1349899.0,0.7077020427274509,0.8160883619959444,6.700168679286376,0.8722096085548401
234,ideal,79120334.91516113,42485201.56443155,121605536.47959268,0.6506310255737309,0.3493689744262691,12780168.0,945604.1875,1.0,1.0,13.515346239940376,0.0
235,before,56562669.25,61736513.43059096,118299182.68059096,0.47813237562866184,0.5218676243713382,7115284.0,2835814.0,0.5567441679952877,0.7148942090633313,2.5090799326048887,1.3126952648162842
235,baseline_compensated,74230060.20507812,46820758.17993294,121050818.38501106,0.6132140302346734,0.38678596976532664,11589598.0,1015728.25,0.9068423826666442,0.9381919361776371,11.410136520274985,0.35087743401527405
235,physics_compensated,74564285.07659912,46497377.95368135,121061663.03028047,0.6159198809118356,0.38408011908816436,11511066.0,976347.0,0.900697549515781,0.9424161962478121,11.789933292159448,0.3524652421474457
235,ideal,79120334.91516113,42485201.56443155,121605536.47959268,0.6506310255737309,0.3493689744262691,12780168.0,945604.1875,1.0,1.0,13.515346239940376,0.0
236,before,27573069.828125,88206657.2807366,115779727.1088616,0.2381511039683095,0.7618488960316905,2984255.0,2984255.0,0.23350671133587603,0.3484953628885792,1.0,1.8633254766464233
236,baseline_compensated,68672417.54296875,51720290.08335668,120392707.62632543,0.5704034646028066,0.4295965353971935,10059117.0,838168.75,0.7870880101106652,0.8679490249454146,12.001302840269338,0.7181395292282104
236,physics_compensated,74139121.81640625,46809099.259967566,120948221.07637382,0.6129823254662874,0.38701767453371266,10938082.0,1023797.125,0.8558637100858142,0.9370425680819461,10.683837386239974,0.47120583057403564
236,ideal,79120334.91516113,42485201.56443155,121605536.47959268,0.6506310255737309,0.3493689744262691,12780168.0,945604.1875,1.0,1.0,13.515346239940376,0.0
237,before,39218504.62890625,77665053.08911344,116883557.7180197,0.33553482965945014,0.6644651703405499,4894281.0,3871841.75,0.3829590503035641,0.495681731769201,1.2640705163117785,1.4118812084197998
237,baseline_compensated,66129521.796875,54043628.36294761,120173150.15982261,0.5502853316978623,0.4497146683021377,9868884.0,861838.875,0.7722029945146262,0.8358094270933525,11.450961758948273,0.9482600688934326
237,physics_compensated,67185611.75390625,53129740.345680565,120315352.09958681,0.5584126263313074,0.4415873736686926,10261518.0,1009425.5625,0.80292512586689,0.8491573225258436,10.165700554071316,0.9029065370559692
237,ideal,79120334.91516113,42485201.56443155,121605536.47959268,0.6506310255737309,0.3493689744262691,12780168.0,945604.1875,1.0,1.0,13.515346239940376,0.0
238,before,38920757.546875,77674694.54764841,116595452.09452341,0.33381025458284697,0.666189745417153,3946400.5,2838048.5,0.3087909720748585,0.491918513598417,1.3905331427563694,1.8767184019088745
238,baseline_compensated,61369094.140625,57991773.32985303,119360867.47047803,0.514147521220082,0.485852478779918,6894656.5,1364796.625,0.5394808972777196,0.775642497044908,5.051783081600162,0.9120463728904724
238,physics_compensated,65912020.572265625,54120738.160901666,120032758.73316729,0.5491169349759593,0.4508830650240408,8974771.0,1313541.25,0.7022420206056759,0.8330604343743176,6.832500311657514,0.6455629467964172
238,ideal,79120334.91516113,42485201.56443155,121605536.47959268,0.6506310255737309,0.3493689744262691,12780168.0,945604.1875,1.0,1.0,13.515346239940376,0.0
239,before,42526122.84375,74703384.06090385,117229506.90465385,0.3627595472045935,0.6372404527954064,4681356.5,4228737.5,0.3662985103169223,0.537486638414129,1.1070340734084345,1.6070584058761597
239,baseline_compensated,69519679.05078125,50948532.62320453,120468211.67398578,0.5770790325909148,0.4229209674090853,10101793.0,1029915.25,0.7904272463397978,0.8786575426573404,9.808373067589784,0.8870991468429565
239,physics_compensated,56709091.6640625,61982718.69147776,118691810.35554026,0.47778436856082085,0.5222156314391792,5696736.5,2281435.75,0.44574817013360074,0.7167448384144268,2.496996244579756,1.3000537157058716
239,ideal,79120334.91516113,42485201.56443155,121605536.47959268,0.6506310255737309,0.3493689744262691,12780168.0,945604.1875,1.0,1.0,13.515346239940376,0.0
240,before,34509600.40625,81850128.01490787,116359728.42115787,0.29657683869237245,0.7034231613076276,2850822.75,2850822.75,0.22306614044510212,0.4361660051522005,1.0,1.6277568340301514
240,baseline_compensated,45017255.03125,72695332.40407944,117712587.43532944,0.3824336548203241,0.6175663451796759,4099721.75,3628574.25,0.3207877822889339,0.568971997900678,1.129843698251455,1.405150055885315
240,physics_compensated,50767780.09375,67490892.19363016,118258672.28738016,0.4292943520486964,0.5707056479513035,4894080.5,3409730.5,0.38294336193389633,0.6416527451278751,1.4353276600599374,1.28055739402771
240,ideal,79120334.91516113,42485201.56443155,121605536.47959268,0.6506310255737309,0.3493689744262691,12780168.0,945604.1875,1.0,1.0,13.515346239940376,0.0
241,before,38309256.67626953,78577414.32824719,116886671.00451672,0.32774700782426414,0.6722529921757359,5037447.0,3262530.75,0.3941612504624352,0.48418976887986687,1.5440305045400722,1.94321608543396
241,baseline_compensated,65507234.28515625,54504585.804400414,120011820.08955666,0.5458398534100446,0.45416014658995546,9051341.0,1648516.875,0.7082333346478701,0.8279443502785739,5.4905965096656955,0.8417869210243225
241,physics_compensated,63656968.546875,56163855.85268459,119820824.39955959,0.5312679900665829,0.46873200993341707,8734544.0,1394018.375,0.6834451628491894,0.8045588863486595,6.265730894687812,0.8748883605003357
241,ideal,79120334.91516113,42485201.56443155,121605536.47959268,0.6506310255737309,0.3493689744262691,12780168.0,945604.1875,1.0,1.0,13.515346239940376,0.0
242,before,38097610.321777344,78471846.66299126,116569456.9847686,0.3268232632048318,0.6731767367951682,6542064.0,5868062.5,0.5118918624543902,0.4815147757226826,1.1148592912907795,2.190051317214966
242,baseline_compensated,65896643.05859375,54382755.71080476,120279398.76939851,0.5478630898790223,0.4521369101209776,10642783.0,954520.5625,0.832757675798941,0.8328660783508205,11.149872949960677,1.0688282251358032
242,physics_compensated,66446305.87768555,53879420.265933484,120325726.14361903,0.5522202774689778,0.4477797225310221,10666898.0,964297.375,0.8346445837018731,0.8398132534314263,11.061834530037999,1.04108464717865
242,ideal,79120334.91516113,42485201.56443155,121605536.47959268,0.6506310255737309,0.3493689744262691,12780168.0,945604.1875,1.0,1.0,13.515346239940376,0.0
243,before,27126892.526123047,88759403.82063243,115886296.34675547,0.23408196983838228,0.7659180301616177,6707464.0,6707464.0,0.5248337893523778,0.3428561387563712,1.0,2.374556303024292
243,baseline_compensated,75472350.08203125,45706305.551631495,121178655.63366275,0.6228188428677819,0.3771811571322181,11805385.0,902663.75,0.9237269024945525,0.9538932078960292,13.07838605460782,0.3156401813030243
243,physics_compensated,76276528.98828125,44990961.17270073,121267490.16098198,0.6289940435563113,0.3710059564436887,11977779.0,948572.8125,0.9372160835444416,0.9640572056484692,12.62715823409708,0.29551374912261963
243,ideal,79120334.91516113,42485201.56443155,121605536.47959268,0.6506310255737309,0.3493689744262691,12780168.0,945604.1875,1.0,1.0,13.515346239940376,0.0
244,before,25835137.484375,89842447.01272145,115677584.49709645,0.223337456402571,0.776662543597429,4966024.0,4966024.0,0.38857266978024074,0.3265296780161182,1.0,1.846986174583435
244,baseline_compensated,59790968.84765625,59854128.28285959,119645097.13051584,0.4997360550631906,0.5002639449368095,9555217.0,1340805.125,0.7476597334244746,0.7556966096234135,7.126477085922534,1.3903089761734009
244,physics_compensated,59727339.71875,59975884.750520736,119703224.46927074,0.49896182816765083,0.5010381718323492,9937776.0,1082619.625,0.7775935339817129,0.7548924026016095,9.179379137894346,1.415804386138916
244,ideal,79120334.91516113,42485201.56443155,121605536.47959268,0.6506310255737309,0.3493689744262691,12780168.0,945604.1875,1.0,1.0,13.515346239940376,0.0
245,before,51424760.625,66227205.80767566,117651966.43267566,0.4370922321508918,0.5629077678491082,4504853.0,2462505.75,0.35248777637351875,0.649956306177692,1.8293776572907494,1.6553773880004883
245,baseline_compensated,41889904.744140625,75360795.86085223,117250700.60499285,0.35726784171008047,0.6427321582899195,3602269.25,3602269.25,0.2818639981884432,0.5294454932358184,1.0,1.3133667707443237
245,physics_compensated,47580389.625,70276785.82131684,117857175.44631684,0.40371228518600083,0.5962877148139991,3826826.25,3593644.5,0.2994347374776294,0.6013673940589271,1.0648872613860385,1.1669681072235107
245,ideal,79120334.91516113,42485201.56443155,121605536.47959268,0.6506310255737309,0.3493689744262691,12780168.0,945604.1875,1.0,1.0,13.515346239940376,0.0
246,before,46850372.94921875,70458533.43921989,117308906.38843864,0.3993760950603839,0.600623904939616,5374886.5,4518489.0,0.42056462012079965,0.5921407309442673,1.1895318324333644,1.8315839767456055
246,baseline_compensated,66269056.484375,53896383.05578771,120165439.54016271,0.5514818298669477,0.44851817013305234,9741060.0,1029343.875,0.7622012480587109,0.8375730026349578,9.463368109126797,1.1559633016586304
246,physics_compensated,63548676.3671875,56359649.99932501,119908326.3665125,0.5299771775059576,0.47002282249404237,9398512.0,1455323.875,0.735398157520308,0.8031901841079065,6.458020899299821,1.1667321920394897
246,ideal,79120334.91516113,42485201.56443155,121605536.47959268,0.6506310255737309,0.3493689744262691,12780168.0,945604.1875,1.0,1.0,13.515346239940376,0.0
247,before,43467248.8671875,73862954.52917363,117330203.39636113,0.3704693898837611,0.6295306101162389,4064915.0,2298964.0,0.3180642852269235,0.5493815074695577,1.7681507844402957,1.6381386518478394
247,baseline_compensated,42851275.568359375,74402390.70946488,117253666.27782425,0.3654578737591566,0.6345421262408434,2592247.0,2592247.0,0.20283356212531792,0.541596235838837,1.0,1.3135522603988647
247,physics_compensated,47246848.638671875,70506197.94151483,117753046.58018671,0.4012367408812478,0.5987632591187522,3519241.25,2072644.625,0.2753673699751052,0.5971517775971696,1.6979472542235743,1.2204786539077759
247,ideal,79120334.91516113,42485201.56443155,121605536.47959268,0.6506310255737309,0.3493689744262691,12780168.0,945604.1875,1.0,1.0,13.515346239940376,0.0
248,before,43952747.98046875,73706605.86694783,117659353.84741658,0.37355931800770986,0.6264406819922902,4456435.5,2667885.5,0.34869928939901257,0.5555177190237913,1.6703998353752438,1.6040525436401367
248,baseline_compensated,56809153.0390625,62127719.58665186,118936872.62571436,0.4776412207998503,0.5223587792001497,6555476.5,2637364.0,0.5129413400512419,0.718009511713741,2.485616888681274,0.9391540288925171
248,physics_compensated,55644273.03125,63139453.43104172,118783726.46229172,0.4684503061866345,0.5315496938133655,6132197.5,2686904.5,0.47982135289614347,0.7032866214597807,2.282253611916613,0.9688224792480469
248,ideal,79120334.91516113,42485201.56443155,121605536.47959268,0.6506310255737309,0.3493689744262691,12780168.0,945604.1875,1.0,1.0,13.515346239940376,0.0
249,before,40548920.73046875,76487830.76490076,117036751.49536951,0.3464631426656869,0.6535368573343131,4528781.0,2493351.75,0.3543600522309253,0.5124968287096914,1.8163425998758498,1.7631933689117432
249,baseline_compensated,58100031.4296875,61004492.85953981,119104524.2892273,0.48780709025461005,0.51219290974539,6839942.5,2562804.0,0.5351997328986599,0.7343248924816458,2.6689292275179843,0.9679549932479858
249,physics_compensated,58237198.46484375,60889618.120298654,119126816.5851424,0.48886724361697703,0.511132756383023,6891878.5,2590899.25,0.539263529243121,0.7360585433225242,2.660033384161889,0.9841060042381287
249,ideal,79120334.91516113,42485201.56443155,121605536.47959268,0.6506310255737309,0.3493689744262691,12780168.0,945604.1875,1.0,1.0,13.515346239940376,0.0
250,before,36892042.7421875,79570924.59210032,116462967.33428782,0.31677058885418014,0.6832294111458198,3149177.25,3149177.25,0.246411256096164,0.46627763623278345,1.0,1.9768859148025513
250,baseline_compensated,68356831.86523438,51962000.83626586,120318832.70150024,0.5681307766243151,0.43186922337568484,9647268.0,1248336.0,0.754862377395978,0.8639603451948452,7.728102049448226,0.5651538372039795
250,physics_compensated,65338898.828125,54607144.50702284,119946043.33514784,0.5447357579404098,0.4552642420595902,8698414.0,1617337.875,0.6806181264596834,0.8258167625072158,5.378229332569115,0.6611038446426392
250,ideal,79120334.91516113,42485201.56443155,121605536.47959268,0.6506310255737309,0.3493689744262691,12780168.0,945604.1875,1.0,1.0,13.515346239940376,0.0
251,before,34254108.5703125,82278820.8419147,116532929.4122272,0.29394359811500964,0.7060564018849903,3010575.0,3010575.0,0.23556615218203705,0.4329368500151367,1.0,2.4669077396392822
251,baseline_compensated,66536896.3125,53541594.04986666,120078490.36236666,0.5541116990370915,0.44588830096290855,9008730.0,1722244.875,0.7048991844238667,0.8409582237467264,5.230806681889531,0.654386579990387
251,physics_compensated,65861462.46875,54165847.22268191,120027309.69143191,0.5487206423110513,0.4512793576889486,8978799.0,1876434.125,0.7025571964312206,0.832421431726391,4.785032887845183,0.6862604022026062
251,ideal,79120334.91516113,42485201.56443155,121605536.47959268,0.6506310255737309,0.3493689744262691,12780168.0,945604.1875,1.0,1.0,13.515346239940376,0.0
252,before,43072704.60546875,74488886.86763605,117561591.4731048,0.3663841571532546,0.6336158428467453,4333798.0,2922865.75,0.339103367029291,0.5443948720850916,1.4827222221889595,1.2038758993148804
252,baseline_compensated,74984104.5859375,46124654.10153702,121108758.68747452,0.6191468346185982,0.38085316538140185,11583885.0,1062364.5,0.9063953619389041,0.947722284875831,10.90387056419901,0.5905208587646484
252,physics_compensated,73925233.76953125,47000736.235162735,120925970.00469398,0.6113263657646218,0.3886736342353781,10927928.0,1067658.0,0.8550691978384009,0.9343392422289356,10.235419956577855,0.6152898073196411
252,ideal,79120334.91516113,42485201.56443155,121605536.47959268,0.6506310255737309,0.3493689744262691,12780168.0,945604.1875,1.0,1.0,13.515346239940376,0.0
253,before,46886280.33984375,70338802.5497949,117225082.88963865,0.3999679862370817,0.6000320137629184,4830879.0,3536048.75,0.3779980826543125,0.5925945635861982,1.3661799770153056,2.0951459407806396
253,baseline_compensated,63739320.54296875,55967950.99653579,119707271.53950454,0.5324598892218019,0.46754011077819807,8084459.5,1581543.625,0.632578499750551,0.8055997312361597,5.1117524500786375,0.749870240688324
253,physics_compensated,61830151.4765625,57662286.66615674,119492438.14271924,0.5174398684769815,0.4825601315230184,7663721.5,2010227.625,0.5996573362728878,0.7814697895662539,3.8123650300547434,0.7686430811882019
253,ideal,79120334.91516113,42485201.56443155,121605536.47959268,0.6506310255737309,0.3493689744262691,12780168.0,945604.1875,1.0,1.0,13.515346239940376,0.0
254,before,38957077.16796875,77792709.76802848,116749786.93599723,0.3336800707767047,0.6663199292232953,3993959.25,2489586.75,0.31251226509698465,0.49237755641127534,1.6042659489571913,1.6514248847961426
254,baseline_compensated,72896251.76757812,47974349.35554448,120870601.1231226,0.603093317069911,0.39690668293008896,11059977.0,1048550.625,0.8654015346277139,0.9213339635852534,10.547871258004353,0.7149513363838196
254,physics_compensated,74991571.46777344,46196505.41667482,121188076.88444826,0.6188032139438703,0.3811967860561297,12094005.0,912448.8125,0.9463103301928425,0.9478166586148192,13.25444762963073,0.5897652506828308
254,ideal,79120334.91516113,42485201.56443155,121605536.47959268,0.6506310255737309,0.3493689744262691,12780168.0,945604.1875,1.0,1.0,13.515346239940376,0.0
255,before,43988825.828125,73373098.8037504,117361924.6318754,0.3748134326026354,0.6251865673973647,3554182.75,2397309.5,0.27810141071697964,0.5559737060680188,1.4825715035960105,1.5731464624404907
255,baseline_compensated,59203844.42285156,59994920.510994256,119198764.93384582,0.496681693436246,0.503318306563754,6856621.5,2107306.25,0.5365048018148119,0.7482759582139591,3.2537375618754987,0.8777679800987244
255,physics_compensated,66308261.390625,53769468.84449881,120077730.23512381,0.5522111490680829,0.4477888509319171,9089440.0,1675156.375,0.7112144378696743,0.8380685124971448,5.426024779328437,0.6331365704536438
255,ideal,79120334.91516113,42485201.56443155,121605536.47959268,0.6506310255737309,0.3493689744262691,12780168.0,945604.1875,1.0,1.0,13.515346239940376,0.0
