sample_index,state,main_lobe_energy,side_lobe_energy,total_energy,main_lobe_ratio,side_lobe_ratio,peak_intensity,max_side_lobe_intensity,strehl_ratio,synthesis_efficiency,peak_to_sidelobe_ratio,phase_rmse_rad
0,before,44383208.228884734,72631555.39981055,117014763.6286953,0.3792957986884377,0.6207042013115622,6964450.495043308,6258692.282059053,0.5449420158074031,0.5609582599923132,1.1127644851636749,1.8847929239273071
0,comp0p3_best_rmse,77358527.17943685,44036393.841840014,121394921.02127686,0.6372468183069886,0.3627531816930114,12285236.662726162,917089.0867647532,0.9612734897637286,0.9777324923957033,13.395903233420011,0.2425863891839981
0,cycle41_best_strehl,76668573.10340399,44645839.45765494,121314412.56105892,0.6319823958659143,0.3680176041340857,12104103.657064255,901101.900535598,0.9471005144076824,0.9690121800656425,13.432558126744382,0.2822132110595703
0,cycle42_best_rmse,76105114.17059468,45135160.506135255,121240274.67672993,0.6277213935181045,0.3722786064818954,11898465.755280001,892679.3772419938,0.931010123241219,0.9618906366905935,13.328935403483037,0.3133203685283661
0,cycle42_best_comp,76004834.79918034,45223196.38380362,121228031.18298396,0.626957594357506,0.373042405642494,11868347.140178183,887469.0889259672,0.9286534550678156,0.9606232082205376,13.373251292100205,0.3183329403400421
0,cycle42_best_strehl,76004834.79918034,45223196.38380362,121228031.18298396,0.626957594357506,0.373042405642494,11868347.140178183,887469.0889259672,0.9286534550678156,0.9606232082205376,13.373251292100205,0.3183329403400421
0,cycle42_best_main_lobe,76013356.7582673,45214327.51438078,121227684.27264808,0.6270296856228719,0.3729703143771281,11862755.003060387,899517.5811131162,0.9282158914042054,0.9607309170485361,13.187907887670981,0.31773391366004944
0,ideal,79120339.95094915,42485202.868746355,121605542.8196955,0.6506310330628666,0.3493689669371334,12780167.968374692,945604.0406808642,1.0,1.0,13.515348304954973,0.0
1,before,34521624.90852329,81844398.07871102,116366022.98723431,0.2966641294625186,0.7033358705374815,3446000.4001625692,3446000.4001625692,0.2696365500586462,0.43631795477528357,1.0,2.2680459022521973
1,comp0p3_best_rmse,59753794.879340865,59519086.74917371,119272881.62851457,0.5009839123821045,0.4990160876178955,7047415.863159809,1690661.6427605846,0.5514337433278711,0.7552267206686091,4.168436596013669,0.8559154272079468
1,cycle41_best_strehl,64357266.06804824,55432175.47857845,119789441.54662669,0.5372532440014581,0.4627467559985418,8180441.3560656635,1172834.7774208277,0.6400887199846408,0.8134098780155228,6.974930752015396,0.7371609807014465
1,cycle42_best_rmse,68747803.97772062,51592996.23070505,120340800.20842567,0.5712759418140153,0.42872405818598475,9608457.112185234,899808.3318989201,0.751825573494961,0.8689017769683622,10.678337565410096,0.5786605477333069
1,cycle42_best_comp,69023553.42657126,51344210.256545395,120367763.68311666,0.5734388619887006,0.42656113801129936,9654154.800523665,844283.1628415603,0.7554012454619894,0.8723869673634187,11.434735673315068,0.5737252235412598
1,cycle42_best_strehl,69023553.42657126,51344210.256545395,120367763.68311666,0.5734388619887006,0.42656113801129936,9654154.800523665,844283.1628415603,0.7554012454619894,0.8723869673634187,11.434735673315068,0.5737252235412598
1,cycle42_best_main_lobe,69300066.67234106,51112075.12525496,120412141.79759602,0.5755239101122326,0.42447608988776736,9804633.598643852,853475.3657871985,0.7671756445538133,0.8758818113686545,11.487892904326067,0.5556701421737671
1,ideal,79120339.95094915,42485202.868746355,121605542.8196955,0.6506310330628666,0.3493689669371334,12780167.968374692,945604.0406808642,1.0,1.0,13.515348304954973,0.0
2,before,44286555.304655,72759241.30139798,117045796.60605298,0.37836946382374176,0.6216305361762582,3831362.848537616,2201145.045047463,0.2997897099645762,0.559736666097625,1.7406226169230028,1.8712207078933716
2,comp0p3_best_rmse,75541048.11119871,45639216.07363886,121180264.18483756,0.6233774832837065,0.37662251671629354,11764316.241760902,890856.0963099307,0.9205134291562069,0.9547614198577834,13.205630281355871,0.34409603476524353
2,cycle41_best_strehl,75535477.05985242,45644391.365648344,121179868.42550077,0.6233335457555006,0.3766664542444994,11763021.305548966,898242.021258919,0.9204121052757117,0.9546910074789976,13.095603442224471,0.3439019024372101
2,cycle42_best_rmse,75917234.82937546,45296664.78360544,121213899.6129809,0.6263079982722164,0.37369200172778355,11796090.466414936,882281.7089333549,0.9229996425403081,0.9595160343906578,13.369981885577069,0.33492377400398254
2,cycle42_best_comp,75793994.56391789,45408359.39191459,121202353.95583248,0.6253508458386715,0.37464915416132855,11780393.371251436,885547.983865852,0.9217714039754986,0.9579584037544147,13.30294189121659,0.33660897612571716
2,cycle42_best_strehl,75793994.56391789,45408359.39191459,121202353.95583248,0.6253508458386715,0.37464915416132855,11780393.371251436,885547.983865852,0.9217714039754986,0.9579584037544147,13.30294189121659,0.33660897612571716
2,cycle42_best_main_lobe,75710045.58775342,45482937.7024664,121192983.29021981,0.6247065096702109,0.3752934903297891,11761037.20608797,874128.8542028716,0.9202568569670896,0.9568973747419444,13.454580694299352,0.34057921171188354
2,ideal,79120339.95094915,42485202.868746355,121605542.8196955,0.6506310330628666,0.3493689669371334,12780167.968374692,945604.0406808642,1.0,1.0,13.515348304954973,0.0
3,before,32874713.07199212,83485471.11021903,116360184.18221115,0.2825254471968937,0.7174745528031063,5678415.521334623,4501559.068726568,0.4443146236720996,0.4155026772176773,1.2614330801041722,1.681734561920166
3,comp0p3_best_rmse,64160227.41969684,55932976.65067361,120093204.07037045,0.5342536067411539,0.4657463932588461,10288228.3286445,800842.672739524,0.8050151104510793,0.8109195114615677,12.846753399703976,1.1336497068405151
3,cycle41_best_strehl,64476878.61043625,55658191.31241543,120135069.92285168,0.5367032179016669,0.46329678209833314,10410486.727676542,853409.7421415016,0.8145813696218962,0.8149216579505201,12.198696843503349,1.1310081481933594
3,cycle42_best_rmse,61987971.1321894,57828481.774520926,119816452.90671033,0.51735775536982,0.48264224463018,9554332.744103732,999767.6999510435,0.7475905455817571,0.7834644185125974,9.556552731771177,1.2091397047042847
3,cycle42_best_comp,62121374.41209358,57726931.20721106,119848305.61930464,0.5183333555788489,0.48166664442115115,9695216.74579386,1014273.6589180105,0.7586141879970019,0.7851504992345316,9.558778008822943,1.1943340301513672
3,cycle42_best_strehl,62121374.41209358,57726931.20721106,119848305.61930464,0.5183333555788489,0.48166664442115115,9695216.74579386,1014273.6589180105,0.7586141879970019,0.7851504992345316,9.558778008822943,1.1943340301513672
3,cycle42_best_main_lobe,61777662.54074447,58026660.44742733,119804322.9881718,0.5156547026007045,0.48434529739929555,9578089.131847136,1069878.185976347,0.7494493934311899,0.7808063334794022,8.952504366753104,1.1998775005340576
3,ideal,79120339.95094915,42485202.868746355,121605542.8196955,0.6506310330628666,0.3493689669371334,12780167.968374692,945604.0406808642,1.0,1.0,13.515348304954973,0.0
4,before,60794964.008247025,57918508.47948039,118713472.48772742,0.5121151183117147,0.4878848816882852,7880601.0769290775,1815244.271531109,0.6166273476553756,0.7683860312776337,4.34134468871344,1.5145221948623657
4,comp0p3_best_rmse,61927600.46235249,57823104.373567946,119750704.83592044,0.5171376698550895,0.48286233014491053,9120299.523403745,1902544.0458186702,0.7136290810866089,0.7827013951247512,4.793738964124351,1.0884445905685425
4,cycle41_best_strehl,61828755.93392036,57910618.43531934,119739374.3692397,0.5163611072767036,0.48363889272329635,9094447.922091218,1928042.6197887298,0.7116062906681654,0.7814521015993012,4.716933032884804,1.0814281702041626
4,cycle42_best_rmse,63059669.48831362,56824249.20932459,119883918.69763821,0.5260060746542475,0.4739939253457525,9427038.523999523,1752388.5699108888,0.7376302523822306,0.7970095872617284,5.379536642651636,1.0448195934295654
4,cycle42_best_comp,63147137.26878501,56747801.49083968,119894938.75962469,0.5266872640503001,0.4733127359496999,9456485.110163081,1738710.4335776847,0.7399343368227814,0.7981150903539246,5.438792410479068,1.0386322736740112
4,cycle42_best_strehl,63147137.26878501,56747801.49083968,119894938.75962469,0.5266872640503001,0.4733127359496999,9456485.110163081,1738710.4335776847,0.7399343368227814,0.7981150903539246,5.438792410479068,1.0386322736740112
4,cycle42_best_main_lobe,62783363.357491605,57072503.319705285,119855866.67719689,0.5238238652646314,0.47617613473536863,9381996.825201688,1793663.2721334326,0.7341059091256088,0.7935173609771433,5.230634406670145,1.0540601015090942
4,ideal,79120339.95094915,42485202.868746355,121605542.8196955,0.6506310330628666,0.3493689669371334,12780167.968374692,945604.0406808642,1.0,1.0,13.515348304954973,0.0
5,before,50711837.918134935,66926804.761729605,117638642.67986454,0.43108146067393344,0.5689185393260665,4474669.365181542,2599829.401822923,0.3501260215244733,0.6409456525284631,1.721139610946794,1.9102166891098022
5,comp0p3_best_rmse,53027385.926757365,65406929.57979539,118434315.50655276,0.44773666905537574,0.5522633309446243,5160965.2204749575,2735264.880421438,0.40382608689072647,0.6702118059607912,1.8868246572448144,0.990115761756897
5,cycle41_best_strehl,46703173.46068281,71098896.71119954,117802070.17188235,0.39645460722837267,0.6035453927716273,4655506.0800368525,1987077.665841571,0.36427581324104563,0.5902802425980039,2.342890849243753,1.552648901939392
5,cycle42_best_rmse,53832149.62430966,64696769.08838551,118528918.71269517,0.45416890838930696,0.5458310916106931,5366440.7243058765,2643182.930729862,0.4199037710291025,0.6803831942289813,2.0302948622719965,0.9805083870887756
5,cycle42_best_comp,53769045.40344019,64759008.7258255,118528054.1292657,0.45363982222132937,0.5463601777786706,5395380.364215791,2666693.116980214,0.42216818883499735,0.6795856215579261,2.02324756825621,0.972858190536499
5,cycle42_best_strehl,53769045.40344019,64759008.7258255,118528054.1292657,0.45363982222132937,0.5463601777786706,5395380.364215791,2666693.116980214,0.42216818883499735,0.6795856215579261,2.02324756825621,0.972858190536499
5,cycle42_best_main_lobe,54303505.87206929,64291477.03500355,118594982.90707284,0.4578904144252017,0.5421095855747984,5564361.189970024,2607574.847070845,0.43539030189113137,0.6863406540686615,2.1339219452207145,0.9575086832046509
5,ideal,79120339.95094915,42485202.868746355,121605542.8196955,0.6506310330628666,0.3493689669371334,12780167.968374692,945604.0406808642,1.0,1.0,13.515348304954973,0.0
6,before,38160038.22337314,78384760.22448686,116544798.44785999,0.32742806827578186,0.6725719317242181,4088755.3059468693,3442839.081015421,0.319929700146723,0.4823037697642673,1.187611506007694,2.0452427864074707
6,comp0p3_best_rmse,55177399.30149776,63635884.15932961,118813283.46082737,0.46440429634022945,0.5355957036597705,6281442.352789967,2846547.210959598,0.4914992016015581,0.6973857712909869,2.2066882743435805,0.9901020526885986
6,cycle41_best_strehl,54013333.69522506,64657846.22353844,118671179.9187635,0.45515123159810117,0.5448487684018989,5934011.36992059,2825478.6075949245,0.4643140359817386,0.682673175174813,2.100179188746957,1.0234752893447876
6,cycle42_best_rmse,55648805.17810842,63158600.52927815,118807405.70738657,0.46839508738341706,0.5316049126165829,6024857.467443112,2768779.483704998,0.47142240089112997,0.7033438583884755,2.175997584098335,1.0143638849258423
6,cycle42_best_comp,55904550.28618059,62932790.0106264,118837340.29680699,0.4704291609569343,0.5295708390430657,6098273.962981821,2732050.647115973,0.47716696510346135,0.7065762144201954,2.2321233207807936,1.0104683637619019
6,cycle42_best_strehl,55904550.28618059,62932790.0106264,118837340.29680699,0.4704291609569343,0.5295708390430657,6098273.962981821,2732050.647115973,0.47716696510346135,0.7065762144201954,2.2321233207807936,1.0104683637619019
6,cycle42_best_main_lobe,57138796.46695282,61757303.29431734,118896099.76127017,0.4805775511701479,0.5194224488298521,5905196.611355417,2657214.060304473,0.46205938967063565,0.7221758210641683,2.2223262700479536,1.0329872369766235
6,ideal,79120339.95094915,42485202.868746355,121605542.8196955,0.6506310330628666,0.3493689669371334,12780167.968374692,945604.0406808642,1.0,1.0,13.515348304954973,0.0
7,before,54714590.043510504,63447568.62666712,118162158.67017762,0.46304663573584204,0.536953364264158,6013304.243149517,2940883.3557526506,0.47051840461172395,0.6915363366415128,2.0447272182308476,1.5262596607208252
7,comp0p3_best_rmse,62166983.58639333,57392382.96641569,119559366.55280901,0.5199674887783414,0.48003251122165863,7829420.16618888,1756778.05203242,0.6126226341909793,0.7857269524490657,4.456692840129127,0.7439477443695068
7,cycle41_best_strehl,60948829.98566358,58467300.79067968,119416130.77634326,0.5103902595857489,0.48960974041425104,7494845.723363069,1896701.4349983712,0.5864434443983462,0.7703307395222133,3.951515818497551,0.7742111086845398
7,cycle42_best_rmse,62455522.06162065,57143669.9539434,119599192.01556405,0.5222068896041789,0.4777931103958211,7940357.281110821,1749090.4956087775,0.6213030455280182,0.7893737830289924,4.539706379427297,0.7332922220230103
7,cycle42_best_comp,62377873.25024488,57211208.053341396,119589081.30358627,0.5216017429876708,0.4783982570123292,7912256.016895786,1781653.909563204,0.619104227462045,0.7883923816418913,4.440961274479834,0.7358408570289612
7,cycle42_best_strehl,62377873.25024488,57211208.053341396,119589081.30358627,0.5216017429876708,0.4783982570123292,7912256.016895786,1781653.909563204,0.619104227462045,0.7883923816418913,4.440961274479834,0.7358408570289612
7,cycle42_best_main_lobe,62167486.89849149,57395180.478085905,119562667.37657739,0.5199573433962233,0.4800426566037766,7847345.119705565,1780354.685295693,0.6140251942794728,0.7857333137981002,4.407742560804521,0.7441776990890503
7,ideal,79120339.95094915,42485202.868746355,121605542.8196955,0.6506310330628666,0.3493689669371334,12780167.968374692,945604.0406808642,1.0,1.0,13.515348304954973,0.0
8,before,60635706.67675446,57880904.1999093,118516610.87666376,0.5116220100139043,0.4883779899860958,8021654.570406159,2884643.1974262875,0.6276642521644656,0.7663731818435779,2.780813439098178,1.4235531091690063
8,comp0p3_best_rmse,71372218.51196867,49359025.47858925,120731243.99055792,0.5911660987900572,0.40883390120994273,10902481.116777038,848296.2106899788,0.8530780772017938,0.9020716867017515,12.852210088159284,0.639956533908844
8,cycle41_best_strehl,71016453.40422113,49639318.82741417,120655772.2316353,0.5885872850565619,0.4114127149434381,10600270.560170624,888246.0908528167,0.8294312395894673,0.8975751803929047,11.933934378470685,0.6573030352592468
8,cycle42_best_rmse,72195089.25536281,48614283.92514594,120809373.18050875,0.5975950984158461,0.4024049015841539,11014287.420036845,851561.6315851139,0.8618264992519953,0.9124719294699737,12.934222270600225,0.5965244174003601
8,cycle42_best_comp,72182383.8621178,48628958.402651116,120811342.26476891,0.5974801910893732,0.40251980891062683,11032422.873380162,850965.3285557183,0.8632455301589594,0.912311346322165,12.96459738507172,0.5955379009246826
8,cycle42_best_strehl,72182383.8621178,48628958.402651116,120811342.26476891,0.5974801910893732,0.40251980891062683,11032422.873380162,850965.3285557183,0.8632455301589594,0.912311346322165,12.96459738507172,0.5955379009246826
8,cycle42_best_main_lobe,72338808.28605624,48494277.837428436,120833086.12348467,0.5986672244068153,0.4013327755931847,11096549.070327535,829198.916127759,0.8682631635035334,0.9142883907084178,13.382252261190645,0.5899507403373718
8,ideal,79120339.95094915,42485202.868746355,121605542.8196955,0.6506310330628666,0.3493689669371334,12780167.968374692,945604.0406808642,1.0,1.0,13.515348304954973,0.0
9,before,49160674.38195609,68352763.20358786,117513437.58554395,0.41834087566513034,0.5816591243348698,7739911.323367642,3812695.6212906367,0.6056189044244588,0.6213405353469585,2.030036512788189,1.642936110496521
9,comp0p3_best_rmse,71261189.27625836,49419220.987976566,120680410.26423493,0.5904950863212094,0.40950491367879066,10586515.616666513,802601.7076117251,0.8283549670758236,0.9006683909654195,13.190248059860789,0.5193173289299011
9,cycle41_best_strehl,70761572.17047155,49855906.22989762,120617478.40036917,0.5866610138838301,0.4133389861161699,10418339.01896435,783660.1105789773,0.8151957818351971,0.8943537428471663,13.294461308317912,0.5236557722091675
9,cycle42_best_rmse,71164079.73568957,49498088.577314466,120662168.31300403,0.5897795533649469,0.4102204466350531,10516193.067229206,810167.212426809,0.8228524924908788,0.8994410259082294,12.980274819723398,0.5119234919548035
9,cycle42_best_comp,71196034.74035436,49468539.10694513,120664573.84729949,0.5900326207628482,0.4099673792371517,10516405.152046366,814109.877646358,0.8228690873288875,0.8998449044138652,12.917672958900761,0.5130028128623962
9,cycle42_best_strehl,71196034.74035436,49468539.10694513,120664573.84729949,0.5900326207628482,0.4099673792371517,10516405.152046366,814109.877646358,0.8228690873288875,0.8998449044138652,12.917672958900761,0.5130028128623962
9,cycle42_best_main_lobe,71325386.42921455,49353961.52116592,120679347.95038047,0.5910322490186249,0.4089677509813751,10549948.560099801,803373.5028000477,0.8254937326493904,0.9014797771778142,13.132059401174432,0.5113042593002319
9,ideal,79120339.95094915,42485202.868746355,121605542.8196955,0.6506310330628666,0.3493689669371334,12780167.968374692,945604.0406808642,1.0,1.0,13.515348304954973,0.0
10,before,37222754.16418262,79256134.07011576,116478888.23429838,0.31956653028236925,0.6804334697176307,5524384.978240848,3109440.432793333,0.4322623139156916,0.4704574599560487,1.7766492388722412,2.182823419570923
10,comp0p3_best_rmse,40698148.270145655,76418535.96487978,117116684.23502544,0.34750085810552933,0.6524991418944707,4296774.539465439,3326780.05598953,0.336206421550802,0.5143828792365727,1.2915715698516144,1.4426010847091675
10,cycle41_best_strehl,58103961.330606066,61317600.34706699,119421561.67767306,0.48654497993781576,0.5134550200621842,8873238.433952337,1748487.7334262852,0.6942974815283891,0.7343745156634535,5.074807368859603,1.3662195205688477
10,cycle42_best_rmse,63150055.13753749,56825051.94533674,119975107.08287422,0.5263596480386206,0.47364035196137944,10004319.278470807,1242570.2163388531,0.7828002967744326,0.798151969224191,8.051311022042553,1.1799087524414062
10,cycle42_best_comp,63271351.59491935,56683314.58292377,119954666.17784312,0.5274605283058695,0.47253947169413046,9814073.196310308,1237016.3053669399,0.7679142575117818,0.7996850321187268,7.93366518592423,1.189838171005249
10,cycle42_best_strehl,63271351.59491935,56683314.58292377,119954666.17784312,0.5274605283058695,0.47253947169413046,9814073.196310308,1237016.3053669399,0.7679142575117818,0.7996850321187268,7.93366518592423,1.189838171005249
10,cycle42_best_main_lobe,63887739.73255027,56143110.52962325,120030850.26217352,0.5322609945110406,0.4677390054889594,10013639.521024674,1136138.0486484373,0.7835295706444577,0.8074755463912014,8.813752459867896,1.1562331914901733
10,ideal,79120339.95094915,42485202.868746355,121605542.8196955,0.6506310330628666,0.3493689669371334,12780167.968374692,945604.0406808642,1.0,1.0,13.515348304954973,0.0
11,before,48672632.80012863,69061057.07273933,117733689.87286796,0.41341295641618525,0.5865870435838149,4567735.843350482,3090848.377211565,0.3574081228551631,0.6151721899868396,1.4778259189379273,1.681801438331604
11,comp0p3_best_rmse,59282087.640078984,59959421.9573619,119241509.59744088,0.49715982161090716,0.5028401783890928,7064560.576313496,1995226.3638553882,0.552775252547164,0.7492648246561006,3.5407313697793175,0.8102126717567444
11,cycle41_best_strehl,59731432.58797952,59566910.29294764,119298342.88092716,0.5006895414096242,0.49931045859037587,7212654.921319279,1965288.6610649202,0.5643630771651386,0.7549440842267635,3.6700231697317163,0.7941035628318787
11,cycle42_best_rmse,64507056.8699501,55346310.44424091,119853367.31419101,0.538216474976855,0.46178352502314496,8498863.555859812,1447249.3332475096,0.6650040576063452,0.8153030802185811,5.872425269520805,0.6878039836883545
11,cycle42_best_comp,64865432.66510189,55028345.80412642,119893778.46922831,0.5410241756768899,0.4589758243231101,8588103.887086093,1406256.9901016885,0.6719867773520569,0.8198325829403081,6.107065740853722,0.6807882189750671
11,cycle42_best_strehl,64865432.66510189,55028345.80412642,119893778.46922831,0.5410241756768899,0.4589758243231101,8588103.887086093,1406256.9901016885,0.6719867773520569,0.8198325829403081,6.107065740853722,0.6807882189750671
11,cycle42_best_main_lobe,64500937.701335855,55358243.68189744,119859181.3832333,0.538139314460216,0.46186068553978393,8531236.052944722,1495744.283068719,0.6675370835544405,0.815225740199339,5.703672846699272,0.6786423325538635
11,ideal,79120339.95094915,42485202.868746355,121605542.8196955,0.6506310330628666,0.3493689669371334,12780167.968374692,945604.0406808642,1.0,1.0,13.515348304954973,0.0
12,before,47872716.89184187,69584905.79359584,117457622.68543771,0.40757437275952196,0.592425627240478,5027359.989319593,2817401.6427697353,0.39337198085033803,0.6050620728060658,1.7843959175012365,1.5268938541412354
12,comp0p3_best_rmse,57960261.18677958,61106713.081901036,119066974.26868062,0.48678705025282104,0.513212949747179,6669387.003714345,2220101.4742809935,0.5218544091296884,0.7325582931356487,3.0040910656456847,0.8446199297904968
12,cycle41_best_strehl,58239061.9453341,60836862.884683736,119075924.83001783,0.4890918296748145,0.5109081703251855,6603665.089271865,2025996.7511351854,0.516711916902269,0.7360820489578224,3.2594647970544712,0.8572604060173035
12,cycle42_best_rmse,58706264.4282793,60444167.33114486,119150431.75942416,0.49270710614639424,0.5072928938536058,6856309.9163853545,2106903.4221801455,0.5364804228983306,0.7419870094677854,3.254211770794268,0.8262923359870911
12,cycle42_best_comp,58459719.77382632,60662173.02610991,119121892.79993623,0.4907554640019758,0.5092445359980242,6791692.145944745,2127164.9571409198,0.5314243257796927,0.7388709377395063,3.1928375479978404,0.8321970105171204
12,cycle42_best_strehl,58459719.77382632,60662173.02610991,119121892.79993623,0.4907554640019758,0.5092445359980242,6791692.145944745,2127164.9571409198,0.5314243257796927,0.7388709377395063,3.1928375479978404,0.8321970105171204
12,cycle42_best_main_lobe,58742291.534265995,60413292.93417509,119155584.46844108,0.4929881532310738,0.5070118467689262,6870243.732888462,2098002.9957749527,0.5375706915503224,0.7424423551602967,3.274658685771207,0.8244407176971436
12,ideal,79120339.95094915,42485202.868746355,121605542.8196955,0.6506310330628666,0.3493689669371334,12780167.968374692,945604.0406808642,1.0,1.0,13.515348304954973,0.0
13,before,34008525.04911138,82309533.80151905,116318058.85063043,0.2923752802029077,0.7076247197970923,3950293.7571819834,3950293.7571819834,0.30909560554737836,0.4298328984707984,1.0,1.7539935111999512
13,comp0p3_best_rmse,51977432.47660253,66442536.782338716,118419969.25894125,0.43892455640608097,0.561075443593919,5330072.325462021,3388264.494253014,0.4170580808211294,0.6569414705349607,1.573098066724895,1.0205875635147095
13,cycle41_best_strehl,49951909.30901734,68212903.67017624,118164812.97919357,0.42273082865889067,0.5772691713411093,4664016.154707648,3651585.360575072,0.3649416945261628,0.6313409338228975,1.277257874090374,1.0752958059310913
13,cycle42_best_rmse,47755427.363978304,70172871.08289558,117928298.44687387,0.4049530773607481,0.595046922639252,4194180.4220987386,3805413.819695771,0.328178818343976,0.6035796533936078,1.1021614522948382,1.1165390014648438
13,cycle42_best_comp,47700309.87393135,70217588.27290058,117917898.14683193,0.40452137142518174,0.5954786285748183,4154431.047340322,3856415.923214165,0.3250685795069921,0.6028830248138882,1.0772777444290225,1.122134804725647
13,cycle42_best_strehl,47700309.87393135,70217588.27290058,117917898.14683193,0.40452137142518174,0.5954786285748183,4154431.047340322,3856415.923214165,0.3250685795069921,0.6028830248138882,1.0772777444290225,1.122134804725647
13,cycle42_best_main_lobe,47782513.37689524,70150276.61347124,117932789.99036647,0.405167327770321,0.5948326722296791,4212191.883766615,3763536.428010906,0.32958814736941966,0.6039219928341831,1.1192111367426916,1.1181223392486572
13,ideal,79120339.95094915,42485202.868746355,121605542.8196955,0.6506310330628666,0.3493689669371334,12780167.968374692,945604.0406808642,1.0,1.0,13.515348304954973,0.0
14,before,49054974.567419596,68825246.04301119,117880220.61043079,0.4161425412456252,0.5838574587543747,4500330.089130468,4500330.089130468,0.3521338765082595,0.6200045980316989,1.0,1.370543122291565
14,comp0p3_best_rmse,45069504.04072512,72432478.55463889,117501982.59536402,0.38356377522521323,0.6164362247747868,4523415.653649034,3517212.3162212274,0.3539402349673731,0.5696323356126386,1.2860797833520716,1.3577640056610107
14,cycle41_best_strehl,55923235.819124155,62387016.45270335,118310252.2718275,0.47268292261465167,0.5273170773853484,6331973.800959479,1958556.1369067878,0.49545309706635593,0.7068123804042539,3.2329805011153643,1.7520633935928345
14,cycle42_best_rmse,40522399.47325588,76829803.99724466,117352203.47050054,0.3453058253264261,0.6546941746735738,4171650.030573093,2442027.516286723,0.3264159000801943,0.5121615945833631,1.7082731471086716,1.9427341222763062
14,cycle42_best_comp,36821136.47401818,80098876.03033829,116920012.50435646,0.3149258684234764,0.6850741315765236,3170090.579796149,2572567.595263383,0.24804764598092388,0.4653814240035563,1.2322671659368356,2.0803866386413574
14,cycle42_best_strehl,36821136.47401818,80098876.03033829,116920012.50435646,0.3149258684234764,0.6850741315765236,3170090.579796149,2572567.595263383,0.24804764598092388,0.4653814240035563,1.2322671659368356,2.0803866386413574
14,cycle42_best_main_lobe,38608238.520729624,78494746.60161039,117102985.12234001,0.32969474245592256,0.6703052575440774,3437605.520551681,2507226.9429795435,0.2689796823530212,0.4879685621253005,1.371078725113927,1.9825875759124756
14,ideal,79120339.95094915,42485202.868746355,121605542.8196955,0.6506310330628666,0.3493689669371334,12780167.968374692,945604.0406808642,1.0,1.0,13.515348304954973,0.0
15,before,49268561.55118315,68491984.86164336,117760546.41282651,0.4183791860005908,0.5816208139994092,5218932.555026745,1826959.3591448984,0.4083618124535854,0.622704118583506,2.8566221404451206,1.8559788465499878
15,comp0p3_best_rmse,56421014.37387853,62480026.641171746,118901041.01505028,0.4745207770446422,0.5254792229553578,6321171.253091988,2786363.6997879683,0.49460783838945727,0.7131037911219401,2.268609533483732,0.956917405128479
15,cycle41_best_strehl,55411953.69404654,63362347.70755783,118774301.40160437,0.46653150589103826,0.5334684941089618,5998243.733753282,2874030.553127106,0.46933997648515285,0.700350298398608,2.0870493973095927,0.9830735325813293
15,cycle42_best_rmse,55004600.58509539,63745983.46631032,118750584.05140571,0.463194358364457,0.536805641635543,6045912.371423,2791757.7611141345,0.4730698678126907,0.6952017726313566,2.16562928762494,0.9614189863204956
15,cycle42_best_comp,55372449.26898263,63419419.31000664,118791868.57898927,0.46612996269322393,0.5338700373067761,6134981.426971348,2759187.53661013,0.48003918588180805,0.6998510029571525,2.223473883369535,0.9530326724052429
15,cycle42_best_strehl,55372449.26898263,63419419.31000664,118791868.57898927,0.46612996269322393,0.5338700373067761,6134981.426971348,2759187.53661013,0.48003918588180805,0.6998510029571525,2.223473883369535,0.9530326724052429
15,cycle42_best_main_lobe,55267394.24903668,63516677.98221912,118784072.2312558,0.4652761368665563,0.5347238631334438,6130595.249000415,2807159.07357822,0.4796959839785321,0.6985232151846141,2.1839144445725656,0.9524204134941101
15,ideal,79120339.95094915,42485202.868746355,121605542.8196955,0.6506310330628666,0.3493689669371334,12780167.968374692,945604.0406808642,1.0,1.0,13.515348304954973,0.0
16,before,59914842.88549894,59207848.25715266,119122691.1426516,0.5029675061130866,0.49703249388691345,7035806.185868125,2005517.1461362417,0.5505253298140258,0.7572622023950263,3.5082253968374495,1.1030770540237427
16,comp0p3_best_rmse,62150921.524570026,57483022.519602425,119633944.04417245,0.5195090910120127,0.48049090898798724,8406501.301567052,1921832.7219324403,0.6577770591411204,0.7855239444509546,4.374210723769003,0.9251874089241028
16,cycle41_best_strehl,61694235.9623005,57875086.22585384,119569322.18815434,0.5159704415252804,0.48402955847471957,8212310.759456857,1975051.1307455816,0.6425823807463816,0.7797519070386705,4.15802438307342,0.9430703520774841
16,cycle42_best_rmse,61897212.090740725,57666080.0933124,119563292.18405312,0.5176941096223538,0.4823058903776461,8079839.99043948,1953136.6056183078,0.6322170420947157,0.7823173172551339,4.136853493604781,0.9503623247146606
16,cycle42_best_comp,62403367.60230895,57204475.28267092,119607842.88497987,0.521733074496785,0.4782669255032151,8118574.559742071,1901184.4154404884,0.6352478762276036,0.7887146041207113,4.270271991400196,0.9425572156906128
16,cycle42_best_strehl,62403367.60230895,57204475.28267092,119607842.88497987,0.521733074496785,0.4782669255032151,8118574.559742071,1901184.4154404884,0.6352478762276036,0.7887146041207113,4.270271991400196,0.9425572156906128
16,cycle42_best_main_lobe,62224578.332471274,57359587.54667906,119584165.87915033,0.5203412832711845,0.47965871672881555,8053904.68219857,1929460.2645349915,0.6301877019244544,0.7864548910058723,4.174174939093445,0.9525012969970703
16,ideal,79120339.95094915,42485202.868746355,121605542.8196955,0.6506310330628666,0.3493689669371334,12780167.968374692,945604.0406808642,1.0,1.0,13.515348304954973,0.0
17,before,51999002.618585974,66164788.90227443,118163791.5208604,0.4400586842155126,0.5599413157844874,4893687.67730254,2172938.58332746,0.38291262598521947,0.6572140950206089,2.2521058417623325,1.4313305616378784
17,comp0p3_best_rmse,60829370.28251238,58704048.62366678,119533418.90617916,0.5088900730787,0.4911099269212999,8246405.4808852505,2380647.4795691282,0.6452501642616503,0.7688208913185118,3.4639338884301183,0.9583815336227417
17,cycle41_best_strehl,59061444.065524966,60273985.905774474,119335429.97129944,0.4949196066895593,0.5050803933104407,7822543.665572813,2584354.455671628,0.6120845739218902,0.7464761160295855,3.026884972533643,1.0140879154205322
17,cycle42_best_rmse,62586706.64592774,57105254.662642196,119691961.30856994,0.5228981625973785,0.47710183740262146,8420630.842496699,2262876.112569391,0.6588826424921852,0.791031821712704,3.7212071821888046,0.9257833957672119
17,cycle42_best_comp,62732381.670680635,56991315.56575162,119723697.23643225,0.5239763147875038,0.4760236852124961,8552301.277107665,2239574.5786555377,0.6691853579914488,0.7928730047111998,3.818716893206471,0.9144663214683533
17,cycle42_best_strehl,62732381.670680635,56991315.56575162,119723697.23643225,0.5239763147875038,0.4760236852124961,8552301.277107665,2239574.5786555377,0.6691853579914488,0.7928730047111998,3.818716893206471,0.9144663214683533
17,cycle42_best_main_lobe,62898089.59631447,56843032.43738515,119741122.03369962,0.5252839503091729,0.4747160496908272,8582958.450641152,2228283.668180316,0.6715841663333539,0.7949673830434537,3.8518248700580635,0.9083617925643921
17,ideal,79120339.95094915,42485202.868746355,121605542.8196955,0.6506310330628666,0.3493689669371334,12780167.968374692,945604.0406808642,1.0,1.0,13.515348304954973,0.0
18,before,37267544.47615109,79290154.02623186,116557698.50238293,0.3197347318537624,0.6802652681462377,4073952.542481798,2879830.601806744,0.3187714396683239,0.47102356359003505,1.4146500630717265,1.8043129444122314
18,comp0p3_best_rmse,63617356.541022696,56100701.057381995,119718057.59840469,0.5313931566984464,0.4686068433015536,8196907.43104078,1300164.9807668068,0.6413771283229242,0.8040581799883878,6.304513313538438,0.7391440272331238
18,cycle41_best_strehl,62053827.48266079,57447107.71762983,119500935.20029062,0.519274827252648,0.480725172747352,7563339.878127635,1442272.358563513,0.5918028539878023,0.7842967752809356,5.244044117756397,0.8012313842773438
18,cycle42_best_rmse,65991781.258577794,54005643.159861594,119997424.41843939,0.5499433140203064,0.4500566859796936,8839571.892063498,1178778.5663329381,0.6916632014491171,0.8340684746740163,7.498924857076863,0.6649736166000366
18,cycle42_best_comp,66410406.89630063,53633705.94996455,120044112.84626518,0.5532166911121189,0.4467833088878811,8933315.979433674,1131558.0479195782,0.6989983231472162,0.8393594736507948,7.894704116910298,0.6550197005271912
18,cycle42_best_strehl,66410406.89630063,53633705.94996455,120044112.84626518,0.5532166911121189,0.4467833088878811,8933315.979433674,1131558.0479195782,0.6989983231472162,0.8393594736507948,7.894704116910298,0.6550197005271912
18,cycle42_best_main_lobe,68043082.13484596,52177995.838244766,120221077.97309072,0.5659829647349872,0.4340170352650128,9265522.01323834,963667.1261252754,0.7249921938558587,0.8599948152021267,9.614857415021788,0.6231057047843933
18,ideal,79120339.95094915,42485202.868746355,121605542.8196955,0.6506310330628666,0.3493689669371334,12780167.968374692,945604.0406808642,1.0,1.0,13.515348304954973,0.0
19,before,27018205.965288393,88707380.06894416,115725586.03423254,0.23346786904406944,0.7665321309559306,3749260.408670937,3749260.408670937,0.2933655033289634,0.34148243020743335,1.0,2.0400893688201904
19,comp0p3_best_rmse,56137017.06871814,62770714.71599793,118907731.78471607,0.47210569259158786,0.5278943074084121,6450194.91777903,3085947.752312149,0.5047034541126871,0.7095143562770386,2.0901828013602035,1.0013868808746338
19,cycle41_best_strehl,55337279.666901916,63474931.69111502,118812211.35801694,0.4657541428982754,0.5342458571017247,6210602.572544608,3207607.808917088,0.48595625565431727,0.6994064952350862,1.936210080072524,1.0282431840896606
19,cycle42_best_rmse,53628675.10388294,65022006.75577678,118650681.85965972,0.4519879217155705,0.5480120782844294,5997644.847374912,3323521.08742406,0.4692931158820801,0.6778114848486517,1.8046056244594098,1.041739583015442
19,cycle42_best_comp,53268474.470394835,65337983.79371934,118606458.26411417,0.44911951043825965,0.5508804895617403,5886801.668884673,3385682.4814938195,0.46062005471695866,0.6732589180407814,1.7387341255602085,1.055978536605835
19,cycle42_best_strehl,53268474.470394835,65337983.79371934,118606458.26411417,0.44911951043825965,0.5508804895617403,5886801.668884673,3385682.4814938195,0.46062005471695866,0.6732589180407814,1.7387341255602085,1.055978536605835
19,cycle42_best_main_lobe,53297847.60052334,65315834.241166055,118613681.8416894,0.449339795991314,0.550660204008686,5916993.709743244,3369348.661757812,0.4629824681792295,0.6736301642986553,1.7561238992275463,1.0493658781051636
19,ideal,79120339.95094915,42485202.868746355,121605542.8196955,0.6506310330628666,0.3493689669371334,12780167.968374692,945604.0406808642,1.0,1.0,13.515348304954973,0.0
20,before,49504203.62693846,68150918.00761752,117655121.63455598,0.42075689472066974,0.5792431052793303,7712745.5217384,3553410.6795333875,0.60349328278189,0.6256823928920012,2.170519035742638,1.5665549039840698
20,comp0p3_best_rmse,70289860.27311116,50341271.95398955,120631132.22710072,0.5826842455626061,0.4173157544373939,10761515.619508969,827666.1204027609,0.8420480580645731,0.8883917879610671,13.00224251570449,0.7322871088981628
20,cycle41_best_strehl,69956638.51665103,50622387.77105136,120579026.2877024,0.580172528095674,0.419827471904326,10584289.539365802,853376.0694265824,0.8281807849127863,0.8841802065059481,12.40284315270032,0.7433475255966187
20,cycle42_best_rmse,69734838.09411913,50836333.5217077,120571171.61582683,0.5783707428531395,0.4216292571468605,10646190.124533124,839131.6032992244,0.833024272519561,0.8813768765067418,12.687151911184566,0.7455182671546936
20,cycle42_best_comp,69824059.83844134,50751854.418791115,120575914.25723246,0.5790879568989302,0.4209120431010697,10634913.278833121,822622.7487350553,0.8321419018239717,0.8825045479042297,12.928056384516958,0.7427952885627747
20,cycle42_best_strehl,69824059.83844134,50751854.418791115,120575914.25723246,0.5790879568989302,0.4209120431010697,10634913.278833121,822622.7487350553,0.8321419018239717,0.8825045479042297,12.928056384516958,0.7427952885627747
20,cycle42_best_main_lobe,69960776.18519631,50644046.0821908,120604822.2673871,0.5800827435414619,0.4199172564585381,10752428.931193506,814835.2799544944,0.8413370589338928,0.8842325023953217,13.195831348630351,0.7415487170219421
20,ideal,79120339.95094915,42485202.868746355,121605542.8196955,0.6506310330628666,0.3493689669371334,12780167.968374692,945604.0406808642,1.0,1.0,13.515348304954973,0.0
21,before,39538356.180034675,77595396.96225163,117133753.14228632,0.3375487860617435,0.6624512139382565,4652316.579642706,4652316.579642706,0.36402624685020946,0.4997242959844027,1.0,1.5207245349884033
21,comp0p3_best_rmse,61205966.840834424,58503563.52057639,119709530.36141081,0.5112873357371769,0.48871266426282306,9210459.274548346,1656485.0265788138,0.7206837419774288,0.7735806858107437,5.560243000548561,1.1578660011291504
21,cycle41_best_strehl,60992938.11466736,58692168.00021606,119685106.11488342,0.5096117645258335,0.49038823547416655,9161971.686073696,1819414.468961046,0.7168897708344332,0.7708882210627519,5.035670454630123,1.185544729232788
21,cycle42_best_rmse,61133994.989146985,58575339.90075105,119709334.88989803,0.5106869488947927,0.4893130511052073,9254633.723798806,1713457.4988078712,0.7241402262239404,0.7726710353753177,5.401145771189345,1.1717801094055176
21,cycle42_best_comp,61086126.97535853,58623465.160714254,119709592.13607278,0.5102859836488499,0.4897140163511501,9278973.814090537,1751381.2166352586,0.7260447465989435,0.7720660327449178,5.298089145844123,1.1748597621917725
21,cycle42_best_strehl,61086126.97535853,58623465.160714254,119709592.13607278,0.5102859836488499,0.4897140163511501,9278973.814090537,1751381.2166352586,0.7260447465989435,0.7720660327449178,5.298089145844123,1.1748597621917725
21,cycle42_best_main_lobe,61639909.87063749,58121232.83709735,119761142.70773484,0.5146903952065952,0.4853096047934048,9342630.551664623,1687366.8219848115,0.7310256465160344,0.7790652809233544,5.536810627030759,1.1562870740890503
21,ideal,79120339.95094915,42485202.868746355,121605542.8196955,0.6506310330628666,0.3493689669371334,12780167.968374692,945604.0406808642,1.0,1.0,13.515348304954973,0.0
22,before,52473254.31933658,65155589.450918466,117628843.77025504,0.44609172918356577,0.5539082708164342,4939485.609222529,2839789.848953627,0.38649614163488216,0.6632081504183058,1.7393842051525659,1.9776571989059448
22,comp0p3_best_rmse,59812168.34175207,59473318.89517246,119285487.23692453,0.501420329725051,0.4985796702749489,7197044.400776132,1844741.4599059962,0.5631416127382409,0.7559645014016974,3.9013837750157556,0.8158032894134521
22,cycle41_best_strehl,59097685.343552865,60104614.49702304,119202299.8405759,0.4957763853767215,0.5042236146232785,7011758.661296007,1812119.3128851901,0.548643701604473,0.746934168637175,3.8693692029208284,0.8431353569030762
22,cycle42_best_rmse,55420683.49201708,63309907.708842345,118730591.20085943,0.46677678373773585,0.5332232162622642,5743405.256917165,2100678.4182096287,0.44939982566188275,0.7004606340970637,2.7340716252096158,1.0113039016723633
22,cycle42_best_comp,55957463.37976773,62860373.81376271,118817837.19353044,0.4709517081061174,0.5290482918938826,6043415.643969154,2071450.767560886,0.4728745082947232,0.707244981688131,2.917479738649652,0.9663798809051514
22,cycle42_best_strehl,55957463.37976773,62860373.81376271,118817837.19353044,0.4709517081061174,0.5290482918938826,6043415.643969154,2071450.767560886,0.4728745082947232,0.707244981688131,2.917479738649652,0.9663798809051514
22,cycle42_best_main_lobe,55737153.974140644,63052454.81429337,118789608.78843401,0.4692090035704159,0.530790996429584,5970478.17584608,2095840.3175193875,0.46716742617314533,0.704460496614335,2.8487276086532534,0.9753170609474182
22,ideal,79120339.95094915,42485202.868746355,121605542.8196955,0.6506310330628666,0.3493689669371334,12780167.968374692,945604.0406808642,1.0,1.0,13.515348304954973,0.0
23,before,32198208.473412357,83922052.32520965,116120260.79862201,0.27728329450836414,0.7227167054916358,5111318.126387767,3939101.276538961,0.39994138880146457,0.4069523524971419,1.2975848467848377,2.2479708194732666
23,comp0p3_best_rmse,50660999.61930466,67508699.71860033,118169699.33790499,0.42871395885031466,0.5712860411496853,4598049.644160335,2893917.746165442,0.35978006357494596,0.6403031085396255,1.5888667361928088,1.0720618963241577
23,cycle41_best_strehl,49980324.16010541,68119007.48195373,118099331.64205913,0.4232058172148515,0.5767941827851485,4488802.928394516,3050070.597456949,0.35123191960405636,0.6317000684159197,1.4717045999319283,1.069305419921875
23,cycle42_best_rmse,51050566.35383619,67150462.8284065,118201029.18224269,0.4318961239764358,0.5681038760235643,4614359.75738805,2899650.571637735,0.36105626849401085,0.6452268327649391,1.5913502828659247,1.069620966911316
23,cycle42_best_comp,50873082.11913221,67311079.91257602,118184162.03170823,0.4304560039566318,0.5695439960433683,4590068.46225477,2900064.4681312763,0.3591555661563428,0.6429836139565516,1.5827470432795196,1.0754247903823853
23,cycle42_best_strehl,50873082.11913221,67311079.91257602,118184162.03170823,0.4304560039566318,0.5695439960433683,4590068.46225477,2900064.4681312763,0.3591555661563428,0.6429836139565516,1.5827470432795196,1.0754247903823853
23,cycle42_best_main_lobe,51970660.15346118,66330313.817130096,118300973.97059128,0.4393088104784386,0.5606911895215614,4803857.729975785,2801026.0052415477,0.37588377100075876,0.6568558753119681,1.7150350339434004,1.0595791339874268
23,ideal,79120339.95094915,42485202.868746355,121605542.8196955,0.6506310330628666,0.3493689669371334,12780167.968374692,945604.0406808642,1.0,1.0,13.515348304954973,0.0
24,before,32577758.252977554,83708239.67405318,116285997.92703073,0.2801520289091043,0.7198479710908957,4458230.446958312,4458230.446958312,0.3488397380997242,0.41174947267888656,1.0,1.5953997373580933
24,comp0p3_best_rmse,57724298.24537394,61720866.10611833,119445164.35149227,0.4832702818802122,0.5167297181197879,9249937.018048082,1117360.9315558104,0.7237727266916693,0.7295759634142152,8.278378773426859,1.523568868637085
24,cycle41_best_strehl,57104097.98437487,62141164.45772637,119245262.44210124,0.47887938535169394,0.5211206146483061,8256742.433318906,1541654.1797359667,0.6460589918497723,0.7217372678097276,5.355768201356939,1.5938780307769775
24,cycle42_best_rmse,56538655.8965804,62875819.55018152,119414475.44676192,0.47346568064762634,0.5265343193523736,9619538.680595117,1329792.4449630298,0.7526926644782177,0.7145906593883656,7.2338647410969115,1.5370244979858398
24,cycle42_best_comp,56421024.716851704,62957839.07511533,119378863.79196703,0.4726215589986898,0.5273784410013101,9445797.982901592,1472481.980795284,0.7390981093735073,0.7131039218465196,6.414881883851603,1.5458444356918335
24,cycle42_best_strehl,56421024.716851704,62957839.07511533,119378863.79196703,0.4726215589986898,0.5273784410013101,9445797.982901592,1472481.980795284,0.7390981093735073,0.7131039218465196,6.414881883851603,1.5458444356918335
24,cycle42_best_main_lobe,55754986.955870114,63523275.592489146,119278262.54835926,0.46743627685945915,0.5325637231405409,9117863.749936733,1783251.31334507,0.7134384909884944,0.7046858872248977,5.113055956668947,1.5589203834533691
24,ideal,79120339.95094915,42485202.868746355,121605542.8196955,0.6506310330628666,0.3493689669371334,12780167.968374692,945604.0406808642,1.0,1.0,13.515348304954973,0.0
25,before,37689503.88558886,78948710.90170738,116638214.78729625,0.3231316936247711,0.6768683063752288,4159236.1823699437,3100335.7461919356,0.3254445632218785,0.47635669802423203,1.341543794886934,1.6907929182052612
25,comp0p3_best_rmse,57923528.642840296,61122597.086239904,119046125.7290802,0.4865637439949961,0.5134362560050039,6515102.615223806,2398314.1819025693,0.5097822369272318,0.7320940314304784,2.7165342490930073,0.89199298620224
25,cycle41_best_strehl,49711927.65819082,68392544.56675181,118104472.22494262,0.42091486225440405,0.5790851377455959,4404931.21050678,2885625.1552630668,0.3446692736282537,0.6283078117334917,1.526508459517919,1.1193705797195435
25,cycle42_best_rmse,57533317.162707746,61471515.01480509,119004832.17751284,0.4834536220923241,0.5165463779076759,6430217.668271284,2292474.8937855545,0.5031403095939937,0.727162158281621,2.8049239211745918,0.9042326211929321
25,cycle42_best_comp,56984858.84509785,61966408.26616702,118951267.11126487,0.4790605449523731,0.5209394550476268,6347143.219086067,2348350.737889407,0.4966400468908125,0.7202302073073213,2.702808876322536,0.9073296785354614
25,cycle42_best_strehl,56984858.84509785,61966408.26616702,118951267.11126487,0.4790605449523731,0.5209394550476268,6347143.219086067,2348350.737889407,0.4966400468908125,0.7202302073073213,2.702808876322536,0.9073296785354614
25,cycle42_best_main_lobe,58180982.766534664,60912516.90296573,119093499.6695004,0.48853197637145845,0.5114680236285415,6686913.3924674485,2229226.07660243,0.5232257830268447,0.7353479876679513,2.9996569045428503,0.8735927939414978
25,ideal,79120339.95094915,42485202.868746355,121605542.8196955,0.6506310330628666,0.3493689669371334,12780167.968374692,945604.0406808642,1.0,1.0,13.515348304954973,0.0
26,before,53042738.26432742,65173984.30250923,118216722.56683666,0.44869065147985676,0.5513093485201432,7036570.971148964,1905166.7758742857,0.5505851713812674,0.6704058437717962,3.693414697471755,1.2703256607055664
26,comp0p3_best_rmse,69011352.46192837,51444100.95459068,120455453.41651905,0.5729201169771553,0.4270798830228447,10227351.96527044,892266.531369762,0.8002517643413332,0.8722327596761101,11.462216283703851,0.6928514838218689
26,cycle41_best_strehl,69013609.68496014,51442004.80471647,120455614.48967661,0.5729380899125694,0.42706191008743055,10228459.16547156,873955.8880178552,0.8003383985861929,0.8722612886616172,11.703633221889328,0.6973684430122375
26,cycle42_best_rmse,69710539.0508564,50802813.407039404,120513352.4578958,0.57844660055583,0.4215533994441701,10271878.821894187,847394.9460147276,0.8037358231372687,0.8810697615059998,12.121713576653388,0.6845669746398926
26,cycle42_best_comp,69686232.1966511,50816991.00661138,120503223.20326248,0.5782935123578041,0.42170648764219587,10218928.76103188,862988.7935439887,0.7995926803402932,0.88076254778295,11.841322665461698,0.6891112327575684
26,cycle42_best_strehl,69686232.1966511,50816991.00661138,120503223.20326248,0.5782935123578041,0.42170648764219587,10218928.76103188,862988.7935439887,0.7995926803402932,0.88076254778295,11.841322665461698,0.6891112327575684
26,cycle42_best_main_lobe,69937516.82580113,50602726.90651308,120540243.73231421,0.5802005592515026,0.41979944074849745,10334010.208282914,853871.937763719,0.8085973700701786,0.8839385279330078,12.102529373839795,0.6734910607337952
26,ideal,79120339.95094915,42485202.868746355,121605542.8196955,0.6506310330628666,0.3493689669371334,12780167.968374692,945604.0406808642,1.0,1.0,13.515348304954973,0.0
27,before,46775466.48570222,70643168.6893967,117418635.17509891,0.3983649308812775,0.6016350691187226,4923190.3601729125,3096568.9451858685,0.3852210997817594,0.591193952335149,1.589885595096092,1.5694546699523926
27,comp0p3_best_rmse,63898789.883658804,55873483.60104438,119772273.48470318,0.5335023542975469,0.46649764570245306,8389039.523291383,1377000.9523157906,0.6564107407704324,0.8076152089749996,6.092253973523402,0.7809204459190369
27,cycle41_best_strehl,60576895.329557896,58812549.09118071,119389444.42073861,0.5073890378120844,0.49261096218791556,7552929.059790016,1499951.0716664423,0.5909882466709515,0.7656298666956272,5.035450290654301,0.876926064491272
27,cycle42_best_rmse,69647524.23796153,50819563.87383607,120467088.1117976,0.5781456606083666,0.4218543393916334,10063981.636149742,933670.3120169668,0.7874686515117548,0.8802733188601021,10.778945744144918,0.5770795345306396
27,cycle42_best_comp,69657513.67827879,50810716.07315989,120468229.75143868,0.5782231034854807,0.42177689651451933,10066262.163386507,933815.7307664709,0.7876470941771727,0.8803995751467086,10.779709349214082,0.577978253364563
27,cycle42_best_strehl,69657513.67827879,50810716.07315989,120468229.75143868,0.5782231034854807,0.42177689651451933,10066262.163386507,933815.7307664709,0.7876470941771727,0.8803995751467086,10.779709349214082,0.577978253364563
27,cycle42_best_main_lobe,69566796.18749839,50892931.842491806,120459728.0299902,0.5775108189699609,0.42248918103003913,10055812.356386978,927819.3351339657,0.7868294361443998,0.8792529990471034,10.838114679874657,0.5788069367408752
27,ideal,79120339.95094915,42485202.868746355,121605542.8196955,0.6506310330628666,0.3493689669371334,12780167.968374692,945604.0406808642,1.0,1.0,13.515348304954973,0.0
28,before,36513913.885069996,79998119.41428511,116512033.2993551,0.3133917832440068,0.6866082167559933,3477078.7099269773,3015539.5513956784,0.27206831072418,0.4614984453770913,1.15305359146017,2.2384142875671387
28,comp0p3_best_rmse,67479818.8115036,52748344.414139494,120228163.2256431,0.5612646571407575,0.4387353428592425,9487942.481350582,1060438.9327439666,0.742395757616729,0.8528757441302437,8.947184216256383,0.6344808340072632
28,cycle41_best_strehl,69111582.53657013,51305772.57831888,120417355.11488901,0.5739337363009797,0.42606626369902034,9922608.035917427,914924.5894616039,0.7764066998549259,0.8734995650854891,10.84527419003623,0.5846808552742004
28,cycle42_best_rmse,68339700.0591368,51988479.89517851,120328179.9543153,0.5679442677939877,0.4320557322060123,9717286.956327928,1016872.9286609149,0.7603410988317172,0.8637437617369208,9.556048432840365,0.6050499677658081
28,cycle42_best_comp,68335031.01244499,51993267.50707504,120328298.51952003,0.5679049056058868,0.4320950943941132,9720183.589244882,1015491.340666992,0.7605677494457093,0.8636847497724285,9.571901994615237,0.6041442155838013
28,cycle42_best_strehl,68335031.01244499,51993267.50707504,120328298.51952003,0.5679049056058868,0.4320950943941132,9720183.589244882,1015491.340666992,0.7605677494457093,0.8636847497724285,9.571901994615237,0.6041442155838013
28,cycle42_best_main_lobe,68362818.86082317,51966093.3066431,120328912.16746627,0.5681329418625514,0.4318670581374486,9711064.788740857,1007756.3410905859,0.7598542376572421,0.8640359596938647,9.636322186999706,0.6078848838806152
28,ideal,79120339.95094915,42485202.868746355,121605542.8196955,0.6506310330628666,0.3493689669371334,12780167.968374692,945604.0406808642,1.0,1.0,13.515348304954973,0.0
29,before,34815153.10961971,81468559.52945827,116283712.63907798,0.2993983621565229,0.7006016378434771,6418040.721724085,6418040.721724085,0.5021875093978357,0.44002785037581293,1.0,2.0439555644989014
29,comp0p3_best_rmse,72635893.4716891,48196723.21305743,120832616.68474653,0.601128200849915,0.39887179915008497,10948519.13174173,816257.8022614588,0.8566803784452999,0.9180432429476404,13.413065212251125,0.4718198776245117
29,cycle41_best_strehl,72113629.03565796,48652266.5078392,120765895.54349716,0.5971357121239932,0.40286428787600675,10774015.829392465,865119.0447950881,0.8430261523990472,0.9114423557882206,12.453795687672551,0.4875524342060089
29,cycle42_best_rmse,72843647.26842433,48007260.71396041,120850907.98238474,0.6027563092785537,0.3972436907214463,10972719.2014809,835969.2193832911,0.8585739427395295,0.9206690379943253,13.12574547849461,0.4606260657310486
29,cycle42_best_comp,72769885.69208041,48069496.17709325,120839381.86917366,0.6022033923581674,0.39779660764183256,10933986.333520763,846612.9708554695,0.8555432417302794,0.919736767273678,12.914976157845059,0.4678272008895874
29,cycle42_best_strehl,72769885.69208041,48069496.17709325,120839381.86917366,0.6022033923581674,0.39779660764183256,10933986.333520763,846612.9708554695,0.8555432417302794,0.919736767273678,12.914976157845059,0.4678272008895874
29,cycle42_best_main_lobe,72951472.18904749,47913237.625537276,120864709.81458476,0.6035795916025475,0.3964204083974525,11007850.51101732,831618.5399142711,0.8613228353693724,0.9220318344723232,13.236658374826618,0.4535852372646332
29,ideal,79120339.95094915,42485202.868746355,121605542.8196955,0.6506310330628666,0.3493689669371334,12780167.968374692,945604.0406808642,1.0,1.0,13.515348304954973,0.0
30,before,47877977.48301853,69416703.4692473,117294680.95226583,0.4081854104066571,0.5918145895933429,8041101.446878591,5608352.726789396,0.6291858969910872,0.6051285612865238,1.43377241742815,1.7701226472854614
30,comp0p3_best_rmse,71597954.08973062,49190070.69347753,120788024.78320815,0.5927570569866965,0.4072429430133035,11138534.66967801,875222.2965095197,0.8715483784908771,0.9049247530295996,12.726520695484655,0.6824339628219604
30,cycle41_best_strehl,70887562.25688115,49814121.08416085,120701683.341042,0.5872955562399962,0.41270444376000376,10924418.295931933,845107.2111162288,0.8547945788322246,0.8959461284017242,12.926665578326821,0.7039026618003845
30,cycle42_best_rmse,70090853.88480407,50521339.23572086,120612193.12052493,0.5811257723733116,0.4188742276266884,10732807.069171384,813338.920171073,0.8398017221471872,0.8858765511909715,13.19598362133452,0.7241305112838745
30,cycle42_best_comp,70220488.55949806,50409077.29955764,120629565.8590557,0.5821167311631055,0.4178832688368945,10780394.0313473,804323.5598111086,0.8435252226750107,0.8875150006058041,13.40305639421904,0.7164582014083862
30,cycle42_best_strehl,70220488.55949806,50409077.29955764,120629565.8590557,0.5821167311631055,0.4178832688368945,10780394.0313473,804323.5598111086,0.8435252226750107,0.8875150006058041,13.40305639421904,0.7164582014083862
30,cycle42_best_main_lobe,69944771.50468054,50652927.85110664,120597699.35578719,0.5799842938821707,0.4200157061178293,10710223.231681174,812820.5215403462,0.8380346219380118,0.8840302196381231,13.176615190995209,0.7254809737205505
30,ideal,79120339.95094915,42485202.868746355,121605542.8196955,0.6506310330628666,0.3493689669371334,12780167.968374692,945604.0406808642,1.0,1.0,13.515348304954973,0.0
31,before,34702229.05565145,81818594.30941921,116520823.36507067,0.29781997803882754,0.7021800219611725,3589240.6756063374,3589240.6756063374,0.28084456201891345,0.43860060607885637,1.0,1.7685654163360596
31,comp0p3_best_rmse,52001145.21343198,66391292.325942256,118392437.53937423,0.43922691596021707,0.5607730840397829,5107352.42371595,2820598.117063704,0.3996310875063932,0.6572411752233398,1.8107338272751883,0.9898746609687805
31,cycle41_best_strehl,51130376.18138078,67337501.02853939,118467877.20992017,0.43159696438875045,0.5684030356112495,6198991.637971631,1962951.602064683,0.48504774376294707,0.6462355471814097,3.1579951494735643,1.4368877410888672
31,cycle42_best_rmse,62400434.787084594,56949681.121470734,119350115.90855533,0.522835141902125,0.47716485809787496,8927295.609801417,1787584.8979173058,0.6985272519025225,0.7886775363423603,4.994054055951415,1.1993218660354614
31,cycle42_best_comp,61841066.30162891,57414737.87216564,119255804.17379455,0.5185581257873733,0.48144187421262674,9011041.522594515,1801643.9719044697,0.7050800541035837,0.7816076920292232,5.001566160193784,1.1902828216552734
31,cycle42_best_strehl,61841066.30162891,57414737.87216564,119255804.17379455,0.5185581257873733,0.48144187421262674,9011041.522594515,1801643.9719044697,0.7050800541035837,0.7816076920292232,5.001566160193784,1.1902828216552734
31,cycle42_best_main_lobe,62236611.11117699,57052209.611343674,119288820.72252066,0.5217304583465237,0.4782695416534764,8856272.736184662,1760422.6199107233,0.6929699795886918,0.7866069729953225,5.030765133337012,1.2323180437088013
31,ideal,79120339.95094915,42485202.868746355,121605542.8196955,0.6506310330628666,0.3493689669371334,12780167.968374692,945604.0406808642,1.0,1.0,13.515348304954973,0.0
32,before,50052721.46945704,68385397.33441502,118438118.80387206,0.42260652208046284,0.5773934779195371,6487345.604224596,2047218.988494332,0.507610355378578,0.6326150962001345,3.168857675062815,1.658231258392334
32,comp0p3_best_rmse,50571805.29972686,67607928.18859704,118179733.4883239,0.42792282404938176,0.5720771759506182,4745230.132858483,3357383.365227638,0.3712963823793901,0.6391757837627969,1.4133715505964408,1.1150734424591064
32,cycle41_best_strehl,49857252.32307779,68258698.35319903,118115950.67627682,0.4221043139188097,0.5778956860811904,4633479.991054169,3082967.148850918,0.36255235475151804,0.630144566542395,1.5029287589980185,1.162712812423706
32,cycle42_best_rmse,54760212.47215462,63920597.56135355,118680810.03350817,0.4614074714917576,0.5385925285082425,5883833.293364084,2694691.343890681,0.46038779051449014,0.6921129573773741,2.18349062749013,1.072637915611267
32,cycle42_best_comp,54038039.25848318,64548139.42136734,118586178.67985052,0.455685813136544,0.544314186863456,5633624.162137794,2814863.4580725953,0.4408098685462149,0.6829854281716206,2.001384523992248,1.0796115398406982
32,cycle42_best_strehl,54038039.25848318,64548139.42136734,118586178.67985052,0.455685813136544,0.544314186863456,5633624.162137794,2814863.4580725953,0.4408098685462149,0.6829854281716206,2.001384523992248,1.0796115398406982
32,cycle42_best_main_lobe,55155302.75131914,63554501.907223836,118709804.65854298,0.46462297625683,0.53537702374317,5877062.973653377,2676831.7689158083,0.4598580385012567,0.697106493545311,2.1955294471246325,1.0694518089294434
32,ideal,79120339.95094915,42485202.868746355,121605542.8196955,0.6506310330628666,0.3493689669371334,12780167.968374692,945604.0406808642,1.0,1.0,13.515348304954973,0.0
33,before,41162865.641028814,75638757.33573765,116801622.97676645,0.3524168979160222,0.6475831020839778,3731486.5156861725,3133664.8039874174,0.2919747631580402,0.5202564304772683,1.1907739816134961,1.8993219137191772
33,comp0p3_best_rmse,75205021.72916082,45935030.34054382,121140052.06970464,0.6208105448550364,0.3791894551449636,11653789.350639941,890365.2250303619,0.9118651162862613,0.9505143908100541,13.08877416033689,0.34851619601249695
33,cycle41_best_strehl,75181170.41054359,45954654.45277834,121135824.86332193,0.6206353116047282,0.37936468839527177,11638143.990996774,880064.9015263364,0.9106409258310277,0.9502129345899214,13.224188319307148,0.3471260964870453
33,cycle42_best_rmse,74847324.40962209,46252337.060446754,121099661.47006884,0.6180638616245964,0.3819361383754037,11565485.761312861,871787.036422732,0.9049556930654091,0.9459934633246504,13.266411724554164,0.364399254322052
33,cycle42_best_comp,74921516.83955126,46186433.23057237,121107950.07012363,0.6186341755117677,0.38136582448823236,11583078.012421764,868584.5064251472,0.9063322204438001,0.9469311795929977,13.33557981605555,0.3630867600440979
33,cycle42_best_strehl,74921516.83955126,46186433.23057237,121107950.07012363,0.6186341755117677,0.38136582448823236,11583078.012421764,868584.5064251472,0.9063322204438001,0.9469311795929977,13.33557981605555,0.3630867600440979
33,cycle42_best_main_lobe,74875662.33274268,46227019.98918556,121102682.32192823,0.6182824434367201,0.3817175565632799,11571158.698842429,876036.5523191007,0.9053995790568613,0.9463516256270136,13.208534128182789,0.36407050490379333
33,ideal,79120339.95094915,42485202.868746355,121605542.8196955,0.6506310330628666,0.3493689669371334,12780167.968374692,945604.0406808642,1.0,1.0,13.515348304954973,0.0
34,before,34038001.93581665,82339032.06091517,116377033.99673182,0.2924804041386081,0.707519595861392,3746610.200970035,2606987.6621094,0.2931581345598314,0.430205456105454,1.437141516020267,2.102357864379883
34,comp0p3_best_rmse,57393546.17422565,61638842.89165006,119032389.06587571,0.4821674724386362,0.5178325275613638,6696947.52457346,2663103.6345063704,0.5240109160650679,0.725395596250053,2.5147153260578228,0.8985720276832581
34,cycle41_best_strehl,57683460.15962687,61385581.180358395,119069041.33998527,0.4844538891929069,0.5155461108070931,6798877.475887622,2659628.9570669755,0.5319865507802292,0.7290598118687037,2.556325557300815,0.9000725150108337
34,cycle42_best_rmse,57570451.62290409,61458073.72184071,119028525.3447448,0.48366936796168475,0.5163306320383153,6574021.882696237,2787527.1629061806,0.5143924476551527,0.7276314997963234,2.3583705192821824,0.918539822101593
34,cycle42_best_comp,57579852.654585004,61456537.04619862,119036389.70078363,0.48371638957902596,0.516283610420974,6622689.261055462,2781902.6566419974,0.5182004866793388,0.7277503192008753,2.3806329977949816,0.9137938022613525
34,cycle42_best_strehl,57579852.654585004,61456537.04619862,119036389.70078363,0.48371638957902596,0.516283610420974,6622689.261055462,2781902.6566419974,0.5182004866793388,0.7277503192008753,2.3806329977949816,0.9137938022613525
34,cycle42_best_main_lobe,57520556.69411471,61507504.54911227,119028061.24322698,0.48325206756560346,0.5167479324343965,6595793.332381305,2782472.025777996,0.5160959815788806,0.7270008790378646,2.37047965667762,0.9170278310775757
34,ideal,79120339.95094915,42485202.868746355,121605542.8196955,0.6506310330628666,0.3493689669371334,12780167.968374692,945604.0406808642,1.0,1.0,13.515348304954973,0.0
35,before,39120684.6009497,77496673.64942637,116617358.25037608,0.3354619345514418,0.6645380654485582,4195792.547917715,3745652.7352672936,0.32830496111635316,0.49444535533091316,1.1201766005727434,1.9555137157440186
35,comp0p3_best_rmse,66994652.73562822,53161006.17596413,120155658.91159235,0.5575655224438599,0.4424344775561401,9256945.38259415,1500967.7820552483,0.7243211048165429,0.8467437422180153,6.1673178420384085,0.6035010814666748
35,cycle41_best_strehl,68103485.88672483,52182366.04215616,120285851.92888099,0.5661803511770529,0.43381964882294705,9564114.716509972,1383604.8464830949,0.7483559480733711,0.8607582567130747,6.912461127048262,0.5745040774345398
35,cycle42_best_rmse,69931933.72610854,50573856.383383006,120505790.10949154,0.5803201129387093,0.41967988706129067,10099185.582531802,1175529.0411219557,0.7902232277011425,0.883867963275474,8.59118339849169,0.5188902616500854
35,cycle42_best_comp,70020537.44479866,50495802.820089474,120516340.26488814,0.5810045118437671,0.41899548815623294,10124258.447459523,1166459.1037296997,0.7921850849310135,0.884987823462438,8.679479987843267,0.5163143277168274
35,cycle42_best_strehl,70020537.44479866,50495802.820089474,120516340.26488814,0.5810045118437671,0.41899548815623294,10124258.447459523,1166459.1037296997,0.7921850849310135,0.884987823462438,8.679479987843267,0.5163143277168274
35,cycle42_best_main_lobe,70197892.52410051,50340059.68360838,120537952.2077089,0.582371703172265,0.417628296827735,10177870.376067562,1145854.967508846,0.7963800163858038,0.8872294098789246,8.882337350419515,0.5106784105300903
35,ideal,79120339.95094915,42485202.868746355,121605542.8196955,0.6506310330628666,0.3493689669371334,12780167.968374692,945604.0406808642,1.0,1.0,13.515348304954973,0.0
36,before,41064639.88779281,76221130.42062163,117285770.30841444,0.3501246551888546,0.6498753448111454,5270984.932785834,1944478.309118242,0.41243471492935063,0.5190149576360634,2.7107450404916347,2.419080972671509
36,comp0p3_best_rmse,67127307.19410901,53187554.286783755,120314861.48089276,0.5579303036040109,0.44206969639598914,10243854.746378383,1214097.1167446903,0.8015430447962365,0.8484203586046869,8.437426137576884,0.8976927995681763
36,cycle41_best_strehl,67136534.54552537,53152880.47834647,120289415.02387184,0.5581250397817789,0.4418749602182212,10071439.89456422,1175479.564405816,0.7880522321370592,0.848536982868714,8.567941289268738,0.8935837745666504
36,cycle42_best_rmse,63998518.83161983,55924812.649562106,119923331.48118193,0.533661949190115,0.46633805080988505,9214676.41346938,1357427.5384657732,0.7210137172118286,0.8088756806567802,6.788337610922664,0.9396142959594727
36,cycle42_best_comp,63955421.223259464,55960914.3796138,119916335.60287327,0.533333685537728,0.466666314462272,9189284.9937656,1360283.6021926673,0.7190269342707426,0.8083309710614083,6.755418486963465,0.9375336766242981
36,cycle42_best_strehl,63955421.223259464,55960914.3796138,119916335.60287327,0.533333685537728,0.466666314462272,9189284.9937656,1360283.6021926673,0.7190269342707426,0.8083309710614083,6.755418486963465,0.9375336766242981
36,cycle42_best_main_lobe,63515025.73346779,56350286.540524825,119865312.27399261,0.5298866246498634,0.4701133753501366,9074829.279054323,1384059.0853406752,0.7100712057549278,0.8027648234682015,6.55667765572351,0.9577654004096985
36,ideal,79120339.95094915,42485202.868746355,121605542.8196955,0.6506310330628666,0.3493689669371334,12780167.968374692,945604.0406808642,1.0,1.0,13.515348304954973,0.0
37,before,55264045.610915065,62979243.17081641,118243288.78173147,0.46737574859684833,0.5326242514031516,6767527.026194514,2460110.153303891,0.5295334961904392,0.6984808918310531,2.7509040670824545,1.4523017406463623
37,comp0p3_best_rmse,63864930.72475337,55944297.07013477,119809227.79488814,0.5330551903238148,0.46694480967618524,8554914.5573755,1332612.967832986,0.6693898373280508,0.8071872639114872,6.419654291138245,0.8041009902954102
37,cycle41_best_strehl,66196519.11285258,53885395.28538827,120081914.39824085,0.5512613572541639,0.4487386427458361,9183857.51699053,1180957.2991503703,0.718602254658667,0.8366561512992902,7.7766211560720935,0.7201735973358154
37,cycle42_best_rmse,67493944.07636745,52728191.55966315,120222135.6360306,0.5614102903703493,0.4385897096296507,9475467.391701862,1063988.559255369,0.7414196288459969,0.8530542729999706,8.9056102241675,0.6803327798843384
37,cycle42_best_comp,67087166.94229918,53090809.51261101,120177976.45491019,0.5582317902271365,0.44176820977286346,9387338.054534603,1092988.0693453706,0.7345238402002341,0.8479130269648745,8.588692153023237,0.6911259889602661
37,cycle42_best_strehl,67087166.94229918,53090809.51261101,120177976.45491019,0.5582317902271365,0.44176820977286346,9387338.054534603,1092988.0693453706,0.7345238402002341,0.8479130269648745,8.588692153023237,0.6911259889602661
37,cycle42_best_main_lobe,67300335.90061246,52898157.44414787,120198493.34476033,0.5599099791340787,0.44009002086592125,9418179.816751044,1060623.95495532,0.7369370919112258,0.850607264103459,8.879848293778915,0.6811273097991943
37,ideal,79120339.95094915,42485202.868746355,121605542.8196955,0.6506310330628666,0.3493689669371334,12780167.968374692,945604.0406808642,1.0,1.0,13.515348304954973,0.0
38,before,44454842.01601026,72619464.10892758,117074306.12493785,0.37971475968919705,0.6202852403108029,3905116.2589172847,2935735.5199536695,0.3055606364940378,0.561863637638187,1.3302002964418653,2.0259838104248047
38,comp0p3_best_rmse,64000310.73330986,55833640.391265325,119833951.12457518,0.5340749439762473,0.4659250560237526,8661682.459467636,2060993.3904732782,0.6777440234667885,0.8088983284574739,4.20267357455164,0.8156707882881165
38,cycle41_best_strehl,65506860.5404757,54525068.89046098,120031929.43093668,0.5457452933651847,0.4542547066348152,9205415.665972417,1841323.1062746574,0.7202890986058854,0.8279395738325548,4.999348367814003,0.7584222555160522
38,cycle42_best_rmse,69316841.06492758,51109760.082164586,120426601.14709216,0.5755940996812008,0.4244059003187992,9880000.129542109,1299249.6626729346,0.7730727916871495,0.8760938224974858,7.604389220479822,0.6222240924835205
38,cycle42_best_comp,69612564.72910349,50857513.08448212,120470077.81358561,0.5778411203221882,0.42215887967781185,10017366.377780287,1234283.8659014143,0.7838211831463305,0.8798314665010284,8.115933987733419,0.6043891906738281
38,cycle42_best_strehl,69612564.72910349,50857513.08448212,120470077.81358561,0.5778411203221882,0.42215887967781185,10017366.377780287,1234283.8659014143,0.7838211831463305,0.8798314665010284,8.115933987733419,0.6043891906738281
38,cycle42_best_main_lobe,69192926.02025585,51232118.203703985,120425044.22395983,0.5745725606010547,0.42542743939894534,9930683.175306946,1331081.8656528078,0.777038549092706,0.8745276633436128,7.460610373830464,0.6203590035438538
38,ideal,79120339.95094915,42485202.868746355,121605542.8196955,0.6506310330628666,0.3493689669371334,12780167.968374692,945604.0406808642,1.0,1.0,13.515348304954973,0.0
39,before,27026725.29692728,88740577.92094147,115767303.21786875,0.23345732815477463,0.7665426718452254,6804492.029427624,6804492.029427624,0.5324258684444333,0.3415901058271813,1.0,2.383934497833252
39,comp0p3_best_rmse,77379917.25863737,44020645.92933805,121400563.18797542,0.6373933960983614,0.3626066039016386,12299222.880989512,923559.7921524061,0.9623678586560593,0.9780028410723367,13.317191789310693,0.2522113025188446
39,cycle41_best_strehl,77124436.95980613,44245892.64038819,121370329.60019432,0.6354472070221902,0.3645527929778099,12229414.793543747,925564.578354056,0.9569056387839489,0.9747738319579974,13.212924391825236,0.26745328307151794
39,cycle42_best_rmse,77310920.2760336,44074930.21566442,121385850.49169801,0.6369022415946343,0.3630977584053658,12237717.01004109,960248.7563092406,0.9575552559500055,0.9771307899329388,12.744319562648856,0.2606070637702942
39,cycle42_best_comp,77198442.11767091,44175947.59805304,121374389.71572395,0.6360356768712133,0.36396432312878674,12218994.346418168,959635.7528781313,0.9560902780507124,0.9757091812994013,12.732950298872321,0.264404296875
39,cycle42_best_strehl,77198442.11767091,44175947.59805304,121374389.71572395,0.6360356768712133,0.36396432312878674,12218994.346418168,959635.7528781313,0.9560902780507124,0.9757091812994013,12.732950298872321,0.264404296875
39,cycle42_best_main_lobe,77240251.04588549,44141666.26330067,121381917.30918616,0.6363406737853528,0.3636593262146473,12246225.477188142,937360.3963509427,0.9582210114524454,0.9762376032986053,13.064585963799585,0.25947070121765137
39,ideal,79120339.95094915,42485202.868746355,121605542.8196955,0.6506310330628666,0.3493689669371334,12780167.968374692,945604.0406808642,1.0,1.0,13.515348304954973,0.0
40,before,24652200.625784785,90879415.85181797,115531616.47760275,0.21338055657313443,0.7866194434268655,3524618.8304714155,3524618.8304714155,0.27578814607079505,0.3115785478306587,1.0,1.8013030290603638
40,comp0p3_best_rmse,68727774.9426303,51641791.41474213,120369566.35737243,0.5709730210257656,0.4290269789742343,9893665.805019552,788200.7592726519,0.7741420793139835,0.8686486304942352,12.552215522031954,0.6773599982261658
40,cycle41_best_strehl,68434380.2562328,51912590.31822941,120346970.5744622,0.5686423175387737,0.43135768246122624,9893321.70421253,803875.7564502717,0.7741151547220788,0.8649404223826498,12.307028324749009,0.6803584694862366
40,cycle42_best_rmse,68278958.25632384,52042313.33904977,120321271.59537362,0.5674720467211983,0.4325279532788017,9804799.592895929,837475.3282917907,0.7671886329787296,0.8629760476086624,11.707568284900889,0.6760108470916748
40,cycle42_best_comp,68334751.77922967,51988730.780671,120323482.55990067,0.5679253153698454,0.4320746846301547,9791858.267682163,843917.662512363,0.7661760230313651,0.8636812205507961,11.60285973696956,0.6747753620147705
40,cycle42_best_strehl,68334751.77922967,51988730.780671,120323482.55990067,0.5679253153698454,0.4320746846301547,9791858.267682163,843917.662512363,0.7661760230313651,0.8636812205507961,11.60285973696956,0.6747753620147705
40,cycle42_best_main_lobe,67984605.69596039,52301055.441421196,120285661.13738158,0.5651929336640823,0.43480706633591776,9719561.243698424,861894.2959648548,0.7605190532511054,0.8592557329519516,11.276975946125482,0.6838187575340271
40,ideal,79120339.95094915,42485202.868746355,121605542.8196955,0.6506310330628666,0.3493689669371334,12780167.968374692,945604.0406808642,1.0,1.0,13.515348304954973,0.0
41,before,39635978.35903238,77358906.34152237,116994884.70055474,0.3387838576060791,0.6612161423939209,4608944.033392924,3154813.5956650916,0.36063250849269257,0.5009581402658887,1.4609243600718271,2.577652931213379
41,comp0p3_best_rmse,71185510.91662098,49530359.57220888,120715870.48882987,0.5896947156025185,0.4103052843974815,10876192.24392263,1039792.6436966616,0.8510210719324217,0.8997118940686127,10.459962676073268,0.626003086566925
41,cycle41_best_strehl,72065681.9945361,48754953.61630322,120820635.61083932,0.5964683237278946,0.4035316762721054,11127260.296656989,949890.4893299359,0.8706662012731035,0.9108363543333282,11.71425592912957,0.6148830056190491
41,cycle42_best_rmse,71758119.7212614,49037492.713083774,120795612.43434517,0.5940457461587305,0.40595425384126954,11114712.048929516,931671.9830679132,0.869684348158299,0.9069490824451465,11.92985541148265,0.6332854628562927
41,cycle42_best_comp,71884570.35302585,48926087.872884706,120810658.22591056,0.5950184479469096,0.40498155205309033,11150134.309077011,926833.8622216879,0.8724560065774332,0.9085472888209387,12.030348440603294,0.6310890913009644
41,cycle42_best_strehl,71884570.35302585,48926087.872884706,120810658.22591056,0.5950184479469096,0.40498155205309033,11150134.309077011,926833.8622216879,0.8724560065774332,0.9085472888209387,12.030348440603294,0.6310890913009644
41,cycle42_best_main_lobe,71448865.38210492,49311534.51642683,120760399.89853175,0.591658072034702,0.408341927965298,11038125.589197723,959487.9889074536,0.8636917461892708,0.9030404245785575,11.504183186041315,0.6435412168502808
41,ideal,79120339.95094915,42485202.868746355,121605542.8196955,0.6506310330628666,0.3493689669371334,12780167.968374692,945604.0406808642,1.0,1.0,13.515348304954973,0.0
42,before,39798379.21063231,76878932.18994936,116677311.40058167,0.34109784269878113,0.6589021573012189,4563101.455898967,2726927.6406117445,0.35704549949504893,0.5030107205720478,1.673348932308048,2.084421157836914
42,comp0p3_best_rmse,51095207.05620034,67137424.7866605,118232631.84286085,0.4321582481908152,0.5678417518091848,4800325.619358419,2874742.1223006384,0.37560739665058546,0.645791045486874,1.6698282542006755,1.0298237800598145
42,cycle41_best_strehl,45793305.00377646,71709047.1066788,117502352.11045526,0.3897224539022808,0.6102775460977192,5863341.85501585,2579463.0256062904,0.4587844126560033,0.5787804379021392,2.2730862186472702,1.5991960763931274
42,cycle42_best_rmse,49072527.06907399,68872013.73184162,117944540.80091561,0.41606442092055723,0.5839355790794428,6580932.462638517,2544932.776857375,0.5149331745031394,0.6202264436615998,2.5858963829940604,1.3613672256469727
42,cycle42_best_comp,50615421.559179395,67481102.3744541,118096523.93363349,0.42859366112777086,0.5714063388722291,7008165.957007979,2503368.786587182,0.5483625860278296,0.6397270485763655,2.799494023636103,1.337883472442627
42,cycle42_best_strehl,50615421.559179395,67481102.3744541,118096523.93363349,0.42859366112777086,0.5714063388722291,7008165.957007979,2503368.786587182,0.5483625860278296,0.6397270485763655,2.799494023636103,1.337883472442627
42,cycle42_best_main_lobe,49675500.25382791,68345080.78638682,118020581.04021472,0.42090540324404363,0.5790945967559564,6776445.405550873,2578039.8987954617,0.5302313257790979,0.6278474066798039,2.6285261949270193,1.348639726638794
42,ideal,79120339.95094915,42485202.868746355,121605542.8196955,0.6506310330628666,0.3493689669371334,12780167.968374692,945604.0406808642,1.0,1.0,13.515348304954973,0.0
43,before,37569593.05795695,79100832.52106641,116670425.57902336,0.3220147082819224,0.6779852917180775,3838651.779998691,3769869.371812725,0.3003600413936397,0.47484114806948896,1.018245302794906,1.7392123937606812
43,comp0p3_best_rmse,77754637.74586,43688373.370549336,121443011.11640933,0.6402561747363806,0.3597438252636193,12386773.351534424,946014.3575135288,0.9692183531692427,0.9827389239488123,13.093642028955447,0.2077861875295639
43,cycle41_best_strehl,77916189.89402664,43543717.357926324,121459907.25195296,0.6414971957157807,0.3585028042842193,12417570.613866055,955216.2723532463,0.9716281229318812,0.984780777513481,12.999747777824645,0.19103538990020752
43,cycle42_best_rmse,77709199.34495926,43730273.6315043,121439472.97646356,0.6399006636007079,0.36009933639929215,12387014.405094264,948133.7412008863,0.9692372147022394,0.9821646291350021,13.064627770134129,0.20870888233184814
43,cycle42_best_comp,77643785.44914992,43789506.549560875,121433291.9987108,0.6393945529367204,0.36060544706327957,12379500.808048695,935863.0489915403,0.9686493040375156,0.9813378645400839,13.227897844015208,0.20979508757591248
43,cycle42_best_strehl,77643785.44914992,43789506.549560875,121433291.9987108,0.6393945529367204,0.36060544706327957,12379500.808048695,935863.0489915403,0.9686493040375156,0.9813378645400839,13.227897844015208,0.20979508757591248
43,cycle42_best_main_lobe,77779908.64200962,43666493.55430679,121446402.1963164,0.640446379928814,0.3595536200711859,12396239.208411153,930166.0988867701,0.9699590208114953,0.9830583221739121,13.326909272706313,0.2050362229347229
43,ideal,79120339.95094915,42485202.868746355,121605542.8196955,0.6506310330628666,0.3493689669371334,12780167.968374692,945604.0406808642,1.0,1.0,13.515348304954973,0.0
44,before,30420238.1314265,85590383.71330452,116010621.84473102,0.262219421357305,0.737780578642695,4309513.873270551,4309513.873270551,0.33720322643135103,0.3844806297632897,1.0,1.978334903717041
44,comp0p3_best_rmse,67772069.73048535,52509132.135991886,120281201.86647724,0.5634468950993551,0.4365531049006449,9821996.83359006,1284753.422663322,0.7685342522801886,0.8565694961940358,7.64504430214231,0.721674919128418
44,cycle41_best_strehl,67880948.48939617,52399944.28910299,120280892.77849916,0.5643535471124326,0.4356464528875675,9768279.76245663,1358954.9346015428,0.7643310938188634,0.8579456121078237,7.188082190025509,0.7102426886558533
44,cycle42_best_rmse,69362840.00744902,51100113.824947044,120462953.83239606,0.5758022512378016,0.42419774876219835,10214235.603465721,1209325.1563901189,0.7992254584400982,0.8766752019828363,8.446227674578108,0.6716169714927673
44,cycle42_best_comp,69427626.26143141,51038317.88934904,120465944.15078045,0.5763257553896954,0.42367424461030456,10201579.224212686,1216631.5649486592,0.7982351444407553,0.877494033828384,8.38510155261604,0.6724709868431091
44,cycle42_best_strehl,69427626.26143141,51038317.88934904,120465944.15078045,0.5763257553896954,0.42367424461030456,10201579.224212686,1216631.5649486592,0.7982351444407553,0.877494033828384,8.38510155261604,0.6724709868431091
44,cycle42_best_main_lobe,69490282.4165057,50994701.56043248,120484983.97693817,0.576754713515227,0.423245286484773,10293270.286785224,1200774.6263187444,0.8054096246822853,0.8782859434070477,8.57219170123677,0.6689317226409912
44,ideal,79120339.95094915,42485202.868746355,121605542.8196955,0.6506310330628666,0.3493689669371334,12780167.968374692,945604.0406808642,1.0,1.0,13.515348304954973,0.0
45,before,40432204.21058813,76523997.83312233,116956202.04371046,0.34570380624601044,0.6542961937539896,3547898.5967369745,3371146.159740666,0.2776097000850432,0.5110216189118268,1.052430962236863,2.354525327682495
45,comp0p3_best_rmse,69874548.77060586,50599968.03501122,120474516.80561708,0.5799944305512084,0.42000556944879164,10027257.20386965,984978.6699755935,0.7845951030285918,0.883142676256507,10.1801770023285,0.5308142304420471
45,cycle41_best_strehl,71474699.74258012,49183470.863684475,120658170.60626459,0.5923734744480631,0.4076265255519369,10424876.526090512,835044.7689935279,0.8157073171407064,0.9033669444151913,12.484212719104299,0.49114784598350525
45,cycle42_best_rmse,71415619.4723437,49244085.22002396,120659704.69236766,0.5918762991706634,0.4081237008293366,10464392.810397146,850459.1819780765,0.8187993175279016,0.9026202303556581,12.30440335308991,0.47893744707107544
45,cycle42_best_comp,71379977.58446679,49276062.857855976,120656040.44232276,0.5915988733161567,0.40840112668384326,10457928.28573089,850146.1006012361,0.8182934928249515,0.9021697534252126,12.301330651678443,0.47968894243240356
45,cycle42_best_strehl,71379977.58446679,49276062.857855976,120656040.44232276,0.5915988733161567,0.40840112668384326,10457928.28573089,850146.1006012361,0.8182934928249515,0.9021697534252126,12.301330651678443,0.47968894243240356
45,cycle42_best_main_lobe,71316072.62420027,49331887.710033,120647960.33423327,0.5911088130013308,0.4088911869986692,10438076.030480793,868002.4297202941,0.8167401286360595,0.9013620602289227,12.02539955313762,0.48217031359672546
45,ideal,79120339.95094915,42485202.868746355,121605542.8196955,0.6506310330628666,0.3493689669371334,12780167.968374692,945604.0406808642,1.0,1.0,13.515348304954973,0.0
46,before,27899888.846286435,88014429.44164205,115914318.28792848,0.24069406832884752,0.7593059316711526,6098322.158591982,6098322.158591982,0.47717073622840117,0.352625998113545,1.0,2.4386796951293945
46,comp0p3_best_rmse,76513191.76729167,44776343.95602554,121289535.7233172,0.6308309394623435,0.3691690605376565,11992414.47695537,929128.1626457995,0.9383612568028318,0.9670483192403648,12.907169278784519,0.27926385402679443
46,cycle41_best_strehl,76584080.94621116,44711816.31753102,121295897.26374218,0.6313822864073384,0.3686177135926616,12000901.17922432,944240.4580299279,0.9390253092855496,0.967944285801725,12.709581629517455,0.27319616079330444
46,cycle42_best_rmse,76264526.50792482,44999377.33883017,121263903.846755,0.6289136675354168,0.37108633246458317,11947640.715577397,889962.7472025185,0.9348578786399808,0.963905445239558,13.42487733686971,0.2799338698387146
46,cycle42_best_comp,76263458.29894,44999317.22484909,121262775.5237891,0.6289107103933869,0.37108928960661314,11939905.032500122,897630.6777942699,0.934252590579885,0.9638919441728856,13.301578620106673,0.28164181113243103
46,cycle42_best_strehl,76263458.29894,44999317.22484909,121262775.5237891,0.6289107103933869,0.37108928960661314,11939905.032500122,897630.6777942699,0.934252590579885,0.9638919441728856,13.301578620106673,0.28164181113243103
46,cycle42_best_main_lobe,76099365.11057837,45140446.927893594,121239812.03847197,0.6276763699240183,0.37232363007598174,11870207.392753271,901959.6450960037,0.9287990128241528,0.9618179744646745,13.160463949016055,0.29356884956359863
46,ideal,79120339.95094915,42485202.868746355,121605542.8196955,0.6506310330628666,0.3493689669371334,12780167.968374692,945604.0406808642,1.0,1.0,13.515348304954973,0.0
47,before,47110407.647910595,70622827.31387508,117733234.96178567,0.40014535966162723,0.5998546403383728,4161137.3086897265,2187886.4177379073,0.32559331919476453,0.5954272653165648,1.901898231532511,1.4650022983551025
47,comp0p3_best_rmse,59612828.86843556,59652144.52043368,119264973.38886924,0.4998351751948582,0.5001648248051418,7168729.536780897,2010015.0951507436,0.5609260812941079,0.7534450547784891,3.566505323306176,0.8178001046180725
47,cycle41_best_strehl,59333691.60638828,59902014.0540347,119235705.66042298,0.49761681098585947,0.5023831890141405,7114607.2385249995,2041276.4147351303,0.5566912153369604,0.7499170458970772,3.485371793436495,0.8295197486877441
47,cycle42_best_rmse,58833171.15789202,60340565.850791186,119173737.0086832,0.49367564225669397,0.5063243577433061,6946211.27337772,2162691.339657339,0.5435148654201216,0.7435909804528872,3.2118366342921094,0.8275467753410339
47,cycle42_best_comp,58807408.04851167,60362930.77393541,119170338.82244708,0.4934735323370133,0.5065264676629867,6937122.391990974,2162902.354144077,0.5428036946898748,0.7432653611570611,3.2073211158606343,0.8286506533622742
47,cycle42_best_strehl,58807408.04851167,60362930.77393541,119170338.82244708,0.4934735323370133,0.5065264676629867,6937122.391990974,2162902.354144077,0.5428036946898748,0.7432653611570611,3.2073211158606343,0.8286506533622742
47,cycle42_best_main_lobe,59229364.81515362,59991162.805522405,119220527.62067603,0.4968050888317128,0.5031949111682872,7055001.450422102,2144178.196679926,0.5520272869558628,0.7485984621890277,3.290305563850131,0.8186119794845581
47,ideal,79120339.95094915,42485202.868746355,121605542.8196955,0.6506310330628666,0.3493689669371334,12780167.968374692,945604.0406808642,1.0,1.0,13.515348304954973,0.0
48,before,27868462.777925152,88063139.22805803,115931602.00598317,0.24038711012107702,0.759612889878923,3099779.6550954,3001238.014426121,0.24254608098782382,0.35222880482063496,1.032833664039845,1.8184162378311157
48,comp0p3_best_rmse,63840567.97367036,56149360.99922581,119989928.97289617,0.5320493854787675,0.46795061452123254,9737323.726248818,1464171.3118864358,0.7619089005985228,0.8068793437091965,6.650399203426043,1.0416667461395264
48,cycle41_best_strehl,64026898.996453516,55979795.436197035,120006694.43265055,0.5335277277584403,0.4664722722415597,9755074.389372857,1422772.110520641,0.7632978231203522,0.8092343768510999,6.856385725612193,1.0382635593414307
48,cycle42_best_rmse,61461398.063028246,58254549.98093207,119715948.04396032,0.5133935709255654,0.4866064290744346,9114962.48224642,1601016.5008748167,0.7132114777209464,0.7768090746466888,5.693234565206469,1.1212852001190186
48,cycle42_best_comp,61635749.55860016,58097736.736818045,119733486.2954182,0.5147745335546848,0.48522546644531517,9144912.525711881,1558709.5590645727,0.7155549557988226,0.7790126988434503,5.866976610575232,1.1154075860977173
48,cycle42_best_strehl,61635749.55860016,58097736.736818045,119733486.2954182,0.5147745335546848,0.48522546644531517,9144912.525711881,1558709.5590645727,0.7155549557988226,0.7790126988434503,5.866976610575232,1.1154075860977173
48,cycle42_best_main_lobe,61997950.89590872,57773756.81813795,119771707.71404667,0.517634356887755,0.48236564311224495,9216618.989153724,1567581.484872035,0.7211657164413497,0.7835905524969243,5.8795150862005086,1.1075109243392944
48,ideal,79120339.95094915,42485202.868746355,121605542.8196955,0.6506310330628666,0.3493689669371334,12780167.968374692,945604.0406808642,1.0,1.0,13.515348304954973,0.0
49,before,56709803.818540804,62168824.58711114,118878628.40565194,0.47703951987929066,0.5229604801207094,6039490.734946321,1967346.5683170138,0.47256739894901306,0.7167537936982853,3.06986620060179,0.9643847346305847
49,comp0p3_best_rmse,68915431.52754344,51476497.37225613,120391928.89979957,0.5724256780111957,0.42757432198880424,9878059.829980614,1412890.982171424,0.772920970555667,0.8710204173827835,6.991381468653271,0.5822176933288574
49,cycle41_best_strehl,69877117.94206159,50633431.66649215,120510549.60855374,0.5798423305597618,0.4201576694402382,10181705.820863279,1310628.2290495539,0.7966801254927582,0.8831751479503511,7.7685689924799535,0.5597192049026489
49,cycle42_best_rmse,68168602.53883173,52118450.757668644,120287053.29650037,0.5667160402607936,0.4332839597392064,9570279.444014696,1492301.3607372693,0.7488383147777822,0.8615812644522638,6.413101063773415,0.5877711176872253
49,cycle42_best_comp,68062120.53294119,52208525.59513225,120270646.12807344,0.5659079977043061,0.43409200229569395,9516725.698160844,1509283.8710087596,0.7446479359043296,0.8602354410400217,6.305457761103717,0.5926950573921204
49,cycle42_best_strehl,68062120.53294119,52208525.59513225,120270646.12807344,0.5659079977043061,0.43409200229569395,9516725.698160844,1509283.8710087596,0.7446479359043296,0.8602354410400217,6.305457761103717,0.5926950573921204
49,cycle42_best_main_lobe,68098730.33172539,52173298.87066679,120272029.20239218,0.5662058816445987,0.43379411835540127,9505409.804248389,1509669.2959296447,0.7437625098332125,0.8606981513722435,6.296352340129577,0.5939996242523193
49,ideal,79120339.95094915,42485202.868746355,121605542.8196955,0.6506310330628666,0.3493689669371334,12780167.968374692,945604.0406808642,1.0,1.0,13.515348304954973,0.0
50,before,36698728.95813364,79772636.94993515,116471365.90806879,0.31508799327639087,0.6849120067236092,5608044.803026489,5174426.065808611,0.43880838005446715,0.4638343184683623,1.0838003542234622,2.0840070247650146
50,comp0p3_best_rmse,71400134.48614155,49309029.86465484,120709164.35079639,0.5915054989416011,0.4084945010583989,10715296.997770973,1121743.9528797665,0.8384316250214106,0.902424516001906,9.552355482070949,0.5497511625289917
50,cycle41_best_strehl,71163499.19972353,49513474.5377104,120676973.73743393,0.5897023847694371,0.4102976152305628,10622093.497615252,1150879.409743269,0.8311388022364239,0.8994336885286579,9.229545170144943,0.547884464263916
50,cycle42_best_rmse,69697568.76811524,50805155.79500562,120502724.56312086,0.5783899826398262,0.42161001736017373,10203105.612796148,1318933.8678906453,0.7983545785974299,0.8809058304264671,7.735873542404252,0.5903868675231934
50,cycle42_best_comp,69745416.95730492,50763820.41357131,120509237.37087624,0.5787557740711458,0.42124422592885424,10222120.44971002,1311463.0092443884,0.7998424179561086,0.8815105824942584,7.794440542855715,0.5887957215309143
50,cycle42_best_strehl,69745416.95730492,50763820.41357131,120509237.37087624,0.5787557740711458,0.42124422592885424,10222120.44971002,1311463.0092443884,0.7998424179561086,0.8815105824942584,7.794440542855715,0.5887957215309143
50,cycle42_best_main_lobe,69866431.80270676,50659628.086266086,120526059.88897285,0.5796790492202838,0.4203209507797162,10272322.148840673,1304020.3841778284,0.8037705118007966,0.8830400861020141,7.877424519952783,0.5871966481208801
50,ideal,79120339.95094915,42485202.868746355,121605542.8196955,0.6506310330628666,0.3493689669371334,12780167.968374692,945604.0406808642,1.0,1.0,13.515348304954973,0.0
51,before,44745119.85783747,72314384.18137397,117059504.03921144,0.38224252037535705,0.617757479624643,6449405.266166664,2903630.8240887397,0.5046416668486762,0.5655324520291156,2.221151949711345,1.988527774810791
51,comp0p3_best_rmse,44805940.94042567,72585205.65625507,117391146.59668073,0.38168075054556605,0.6183192494544341,4528539.947290733,4071478.5918454463,0.3543411916413683,0.5663011681724728,1.1122593046075968,1.457492709159851
51,cycle41_best_strehl,53909096.91479278,65142667.65524865,119051764.57004143,0.4528206457878797,0.5471793542121203,8581857.609895397,1235173.973536187,0.6714980296919203,0.681355729111046,6.9478938139591335,1.601495385169983
51,cycle42_best_rmse,51115532.88687015,67644110.84379646,118759643.73066662,0.43041163884588923,0.5695883611541107,8053265.416989816,1272161.3561994454,0.6301376818300131,0.6460479431529156,6.330380480231511,1.7155543565750122
51,cycle42_best_comp,50831165.44395374,67904082.05073051,118735247.49468425,0.42810510372018584,0.5718948962798142,8034360.286924146,1294998.9043231749,0.6286584266189351,0.6424538301461628,6.204144466920045,1.7222378253936768
51,cycle42_best_strehl,50831165.44395374,67904082.05073051,118735247.49468425,0.42810510372018584,0.5718948962798142,8034360.286924146,1294998.9043231749,0.6286584266189351,0.6424538301461628,6.204144466920045,1.7222378253936768
51,cycle42_best_main_lobe,51967180.456692904,66890205.367494166,118857385.82418707,0.4372229802661347,0.5627770197338653,8270216.11702636,1220078.427768758,0.6471132568438471,0.656811895511446,6.778429917944437,1.6870883703231812
51,ideal,79120339.95094915,42485202.868746355,121605542.8196955,0.6506310330628666,0.3493689669371334,12780167.968374692,945604.0406808642,1.0,1.0,13.515348304954973,0.0
52,before,53011388.64318278,64696599.60313738,117707988.24632016,0.4503635601370499,0.5496364398629501,6159060.282285787,2733172.8155179173,0.4819232656039231,0.6700096166933474,2.253447073422135,1.9478424787521362
52,comp0p3_best_rmse,45827619.493244626,71456647.91393864,117284267.40718327,0.3907397002714947,0.6092602997285053,4826010.086256463,3607051.2143709334,0.3776171094306992,0.5792141378772585,1.3379377778250134,1.6492112874984741
52,cycle41_best_strehl,35605226.79570866,80890061.77114226,116495288.56685092,0.30563662474020625,0.6943633752597937,4152637.3488626205,3568594.773928913,0.32492822935806287,0.450013571956114,1.1636617805979397,1.541852355003357
52,cycle42_best_rmse,43180365.06148015,73986010.14220576,117166375.20368591,0.3685388831600702,0.6314611168399298,4749333.746130286,3534662.8105840078,0.3716174746593944,0.5457555552497616,1.343645490571019,1.4948303699493408
52,cycle42_best_comp,43508440.392122805,73666174.72362682,117174615.11574963,0.37131285090327354,0.6286871490967264,4730859.838560883,3452053.0748670627,0.37017196098421284,0.5499020911575452,1.3704481756101234,1.498124599456787
52,cycle42_best_strehl,43508440.392122805,73666174.72362682,117174615.11574963,0.37131285090327354,0.6286871490967264,4730859.838560883,3452053.0748670627,0.37017196098421284,0.5499020911575452,1.3704481756101234,1.498124599456787
52,cycle42_best_main_lobe,42051626.06154436,75013216.29721205,117064842.35875641,0.3592165266209741,0.6407834733790259,4632180.164845522,3616504.0879029506,0.3624506482472011,0.5314894512285256,1.280844719722553,1.4922741651535034
52,ideal,79120339.95094915,42485202.868746355,121605542.8196955,0.6506310330628666,0.3493689669371334,12780167.968374692,945604.0406808642,1.0,1.0,13.515348304954973,0.0
53,before,56648029.17713175,61413633.65491926,118061662.83205101,0.479817307483773,0.5201826925162271,4215852.443863542,2462811.258673921,0.3298745724074931,0.7159730255488138,1.711804925779627,1.7822052240371704
53,comp0p3_best_rmse,44615570.08186067,72756146.09690455,117371716.17876521,0.3801219879405025,0.6198780120594976,5881893.759594582,2728460.063055696,0.4602360293033463,0.5638950756470485,2.1557558562932555,1.601733684539795
53,cycle41_best_strehl,49365517.70426762,69003836.28054054,118369353.98480816,0.41704644016730313,0.5829535598326969,6291937.864446004,2956520.5345324744,0.492320435851531,0.6239295449801138,2.128156321241642,1.507887601852417
53,cycle42_best_rmse,40734945.955690816,76584303.13225009,117319249.0879409,0.3472145131542434,0.6527854868457565,3692750.1979204006,3545073.827502355,0.2889437922144949,0.5148479642648723,1.041656782793178,1.8671492338180542
53,cycle42_best_comp,39564361.2779926,77642704.18949327,117207065.46748586,0.33755952442106024,0.6624404755789398,3747471.4750246378,3747471.4750246378,0.29322552601014207,0.5000529737678152,1.0,1.9028092622756958
53,cycle42_best_strehl,39564361.2779926,77642704.18949327,117207065.46748586,0.33755952442106024,0.6624404755789398,3747471.4750246378,3747471.4750246378,0.29322552601014207,0.5000529737678152,1.0,1.9028092622756958
53,cycle42_best_main_lobe,40930781.38017501,76378152.03450705,117308933.41468206,0.34891444486573286,0.6510855551342671,3577982.814852256,3577982.814852256,0.2799636768238253,0.5173231233024296,1.0,1.8875346183776855
53,ideal,79120339.95094915,42485202.868746355,121605542.8196955,0.6506310330628666,0.3493689669371334,12780167.968374692,945604.0406808642,1.0,1.0,13.515348304954973,0.0
54,before,54852110.35296749,63306154.590305336,118158264.94327283,0.4642257600795146,0.5357742399204855,5449317.091968044,2352233.0642908206,0.42638853459928794,0.6932744523971105,2.3166569566145303,1.8708888292312622
54,comp0p3_best_rmse,53150020.44534218,65262291.041644454,118412311.48698664,0.4488555267429544,0.5511444732570455,4969614.390058093,2861442.797817727,0.3888536052386563,0.6717617805774428,1.736751261932672,1.0604177713394165
54,cycle41_best_strehl,54079214.06100892,64524953.56116847,118604167.62217739,0.4559638598306459,0.5440361401693541,5754801.414234768,2914387.5891026463,0.4502915320420965,0.6835058354720855,1.9746177329854393,0.9912986159324646
54,cycle42_best_rmse,55769936.49999977,63022833.83185243,118792770.3318522,0.46947248005248376,0.5305275199475162,6141711.274656348,2739583.336820218,0.48056577111148996,0.7048748341396723,2.2418413749679598,0.9378304481506348
54,cycle42_best_comp,56046836.48301297,62780991.66781507,118827828.15082803,0.4716642334981733,0.5283357665018267,6231648.045606636,2710910.9548924034,0.48760298464208224,0.7083745661072658,2.2987284161290247,0.9276160001754761
54,cycle42_best_strehl,56046836.48301297,62780991.66781507,118827828.15082803,0.4716642334981733,0.5283357665018267,6231648.045606636,2710910.9548924034,0.48760298464208224,0.7083745661072658,2.2987284161290247,0.9276160001754761
54,cycle42_best_main_lobe,56269312.995103285,62572970.11032976,118842283.10543305,0.47347889593456366,0.5265211040654364,6214021.570940455,2640746.8806001693,0.4862237793992561,0.7111864411855104,2.353130327102073,0.9234755039215088
54,ideal,79120339.95094915,42485202.868746355,121605542.8196955,0.6506310330628666,0.3493689669371334,12780167.968374692,945604.0406808642,1.0,1.0,13.515348304954973,0.0
55,before,46171647.776012585,71007931.54612814,117179579.32214072,0.39402469306602633,0.6059753069339736,5964046.647399154,3652431.8990977593,0.46666418330005927,0.5835623027484059,1.6328974261977123,1.8076943159103394
55,comp0p3_best_rmse,67495331.72172448,52785724.97228433,120281056.69400881,0.5611468137782533,0.4388531862217468,9889969.516500473,1232663.1680699596,0.7738528586614674,0.8530718114149709,8.023253856108703,0.7871140241622925
55,cycle41_best_strehl,63550955.41212058,56257988.62033667,119808944.03245725,0.5304358195069652,0.46956418049303483,8763981.709510952,1544467.1852153062,0.6857485544163395,0.8032189377790737,5.674436979565358,0.9128854274749756
55,cycle42_best_rmse,62708915.60571347,57019043.489717394,119727959.09543087,0.5237616683646168,0.47623833163538315,8669645.67329366,1429127.4666706156,0.6783671149508542,0.7925764177023256,6.066390770230599,0.9345474243164062
55,cycle42_best_comp,62907607.36764302,56842225.885973565,119749833.25361659,0.5253252189037444,0.4746747810962556,8713980.130206095,1398625.235140861,0.6818361191941587,0.7950876779174957,6.230389607784015,0.9318181872367859
55,cycle42_best_strehl,62907607.36764302,56842225.885973565,119749833.25361659,0.5253252189037444,0.4746747810962556,8713980.130206095,1398625.235140861,0.6818361191941587,0.7950876779174957,6.230389607784015,0.9318181872367859
55,cycle42_best_main_lobe,62776082.85347637,56955810.87280182,119731893.72627819,0.5243054369205101,0.4756945630794899,8662263.04594205,1428375.4855538523,0.6777894521713134,0.7934253428687814,6.064415928129192,0.9366250038146973
55,ideal,79120339.95094915,42485202.868746355,121605542.8196955,0.6506310330628666,0.3493689669371334,12780167.968374692,945604.0406808642,1.0,1.0,13.515348304954973,0.0
56,before,34184208.23629592,82276062.8524196,116460271.08871552,0.29352677884680123,0.7064732211531988,3173008.655467003,3173008.655467003,0.24827597440963275,0.43205335388458277,1.0,1.5746701955795288
56,comp0p3_best_rmse,45838586.86692378,71724548.24342112,117563135.1103449,0.3899061285146881,0.6100938714853119,3699256.502118936,3699256.502118936,0.2894528860084603,0.5793527542391947,1.0,1.34453547000885
56,cycle41_best_strehl,59446128.57051097,59652790.01470831,119098918.58521928,0.49913239579900354,0.5008676042009964,8567735.082947172,1488534.403792787,0.6703929951584797,0.7513381338776444,5.755819322090625,1.3945376873016357
56,cycle42_best_rmse,46024139.02187885,71564640.73382907,117588779.75570792,0.3913990698559382,0.6086009301440618,4331286.72076027,2630455.9461711016,0.33890686972802736,0.5816979432900773,1.6465916211464793,1.318995475769043
56,cycle42_best_comp,46230741.64652027,71377795.55060288,117608537.19712315,0.3930900149623758,0.6069099850376242,4213067.583724461,2708774.644346895,0.32965666759231604,0.5843091887014279,1.5553407488204916,1.3142125606536865
56,cycle42_best_strehl,46230741.64652027,71377795.55060288,117608537.19712315,0.3930900149623758,0.6069099850376242,4213067.583724461,2708774.644346895,0.32965666759231604,0.5843091887014279,1.5553407488204916,1.3142125606536865
56,cycle42_best_main_lobe,43993274.612216145,73351081.55991784,117344356.17213398,0.37490746080435117,0.6250925391956488,4378752.183199722,2926554.224224523,0.3426208633591681,0.556029898752835,1.4962142669199994,1.4014381170272827
56,ideal,79120339.95094915,42485202.868746355,121605542.8196955,0.6506310330628666,0.3493689669371334,12780167.968374692,945604.0406808642,1.0,1.0,13.515348304954973,0.0
57,before,39978260.09030566,77124363.10297412,117102623.19327977,0.3413950857814765,0.6586049142185236,3559252.9873856115,2445082.4227432404,0.2784981383807475,0.5052842305163285,1.4556781212276422,2.042431592941284
57,comp0p3_best_rmse,62511724.726505,57180792.55478826,119692517.28129326,0.5222692792030947,0.4777307207969052,8452586.641208088,1902308.6393779814,0.6613830633622759,0.7900841271063711,4.443330838245009,0.9385262727737427
57,cycle41_best_strehl,65342513.31999454,54720080.00404604,120062593.32404058,0.5442370642756287,0.4557629357243713,9461263.121756153,1738997.1977503153,0.7403081982309331,0.8258623934187315,5.4406431097162695,0.8450908660888672
57,cycle42_best_rmse,66552485.91497489,53600426.191146456,120152912.10612135,0.5538982347443603,0.4461017652556397,9470045.977492345,1680418.3658391535,0.7409954236068379,0.8411552068183007,5.635528729039612,0.8265250325202942
57,cycle42_best_comp,66368927.28659811,53773333.37597879,120142260.6625769,0.5524194976903024,0.4475805023096976,9489158.34935022,1692810.3016255768,0.7424908947074658,0.8388352139000375,5.605565100967275,0.8261486887931824
57,cycle42_best_strehl,66368927.28659811,53773333.37597879,120142260.6625769,0.5524194976903024,0.4475805023096976,9489158.34935022,1692810.3016255768,0.7424908947074658,0.8388352139000375,5.605565100967275,0.8261486887931824
57,cycle42_best_main_lobe,65908817.72322778,54151390.412186794,120060208.13541457,0.5489647131786575,0.45103528682134253,9183064.304105112,1739908.4036846615,0.7185401887384554,0.8330199006233809,5.2779010002238245,0.8601500988006592
57,ideal,79120339.95094915,42485202.868746355,121605542.8196955,0.6506310330628666,0.3493689669371334,12780167.968374692,945604.0406808642,1.0,1.0,13.515348304954973,0.0
58,before,23497619.494794067,91976478.50152624,115474097.9963203,0.2034882272519924,0.7965117727480076,4090849.6890296713,3922557.458913414,0.32009357773330754,0.2969858257606258,1.0429037004247927,1.6475492715835571
58,comp0p3_best_rmse,74406304.03190143,46631803.17258583,121038107.20448726,0.6147345307225934,0.38526546927740657,11380379.444153683,858457.2603075274,0.8904718210523624,0.9404194177885208,13.256780471606543,0.37790992856025696
58,cycle41_best_strehl,73969476.24155717,47021796.480898336,120991272.7224555,0.6113620807282303,0.3886379192717697,11288890.102623561,856557.047822889,0.8833131247225084,0.934898362259499,13.179379156725792,0.3902020752429962
58,cycle42_best_rmse,73649255.84172519,47300795.17436913,120950051.01609431,0.6089229001807117,0.3910770998192883,11174961.169898873,878856.878889379,0.8743986149127303,0.9308511046259941,12.715336749734261,0.40749186277389526
58,cycle42_best_comp,73743625.9599395,47219612.897197515,120963238.85713701,0.6096366686000696,0.3903633313999304,11214492.365551613,866555.1881287077,0.8774917820565865,0.932043846192484,12.941463531905999,0.40283697843551636
58,cycle42_best_strehl,73743625.9599395,47219612.897197515,120963238.85713701,0.6096366686000696,0.3903633313999304,11214492.365551613,866555.1881287077,0.8774917820565865,0.932043846192484,12.941463531905999,0.40283697843551636
58,cycle42_best_main_lobe,73779016.67773406,47187566.22325021,120966582.90098427,0.6099123816544026,0.3900876183455973,11219388.722846309,870359.1902375256,0.8778749035700761,0.9324911485905337,12.890527093514665,0.402670681476593
58,ideal,79120339.95094915,42485202.868746355,121605542.8196955,0.6506310330628666,0.3493689669371334,12780167.968374692,945604.0406808642,1.0,1.0,13.515348304954973,0.0
59,before,49004278.43822288,68547509.26424807,117551787.70247096,0.4168739531401682,0.5831260468598317,4109806.8021735894,2281636.4461243367,0.3215769004244356,0.619363850921308,1.8012540118539233,1.5625865459442139
59,comp0p3_best_rmse,68565151.13469641,51895545.02570261,120460696.16039902,0.5691910583299197,0.4308089416700803,10513418.273266226,988251.1685488874,0.8226353753160618,0.8665932322485412,10.638407125491947,0.8912380933761597
59,cycle41_best_strehl,68898912.97718658,51637129.15446526,120536042.13165183,0.5716042418410738,0.4283957581589262,10824946.691123245,826629.9673619146,0.8470113004704037,0.8708116398375011,13.095274933801033,0.8632971048355103
59,cycle42_best_rmse,70458813.47810227,50251746.46633099,120710559.94443326,0.5837004940622975,0.41629950593770254,11205384.462158702,859455.7969761431,0.8767791229260141,0.8905271832980417,13.037767040007227,0.8114065527915955
59,cycle42_best_comp,70232619.28819786,50451333.951639354,120683953.23983721,0.5819549111771589,0.41804508882284114,11143171.225860925,858618.4461187535,0.8719111715460536,0.8876683205827824,12.978024495317841,0.817354142665863
59,cycle42_best_strehl,70232619.28819786,50451333.951639354,120683953.23983721,0.5819549111771589,0.41804508882284114,11143171.225860925,858618.4461187535,0.8719111715460536,0.8876683205827824,12.978024495317841,0.817354142665863
59,cycle42_best_main_lobe,70278960.41930707,50409846.22015701,120688806.63946408,0.5823154804177716,0.4176845195822284,11153107.263705406,857727.7141459652,0.8726886290778378,0.888254024981145,13.003086037403484,0.8138465881347656
59,ideal,79120339.95094915,42485202.868746355,121605542.8196955,0.6506310330628666,0.3493689669371334,12780167.968374692,945604.0406808642,1.0,1.0,13.515348304954973,0.0
60,before,36949565.95107442,79662327.56664471,116611893.51771913,0.3168593257210076,0.6831406742789924,3145602.2907854193,2957659.9239215963,0.2461315296144311,0.4670046409555545,1.0635442788211527,1.8103126287460327
60,comp0p3_best_rmse,65759719.39190974,54370478.486619405,120130197.87852915,0.5474037382207873,0.45259626177921275,9747247.07621462,774059.7668700876,0.7626853653515964,0.8311354505387318,12.592370115847302,0.9336016774177551
60,cycle41_best_strehl,65423671.538191825,54675016.66816193,120098688.20635375,0.5447492600900083,0.4552507399099916,9704028.184335912,772817.5862847574,0.7593036498697923,0.8268881501109752,12.556686540981875,0.9406458735466003
60,cycle42_best_rmse,62319123.4092809,57424310.83151435,119743434.24079525,0.5204387514388615,0.47956124856113846,8919311.879215633,948995.6889527714,0.6979025550592932,0.7876498438696775,9.398685350255075,1.0422568321228027
60,cycle42_best_comp,62102950.19514555,57610574.746254444,119713524.94139999,0.5187630238567035,0.4812369761432965,8831486.904438717,954698.7123662169,0.6910305816240265,0.7849176360168122,9.250548670532835,1.0522186756134033
60,cycle42_best_strehl,62102950.19514555,57610574.746254444,119713524.94139999,0.5187630238567035,0.4812369761432965,8831486.904438717,954698.7123662169,0.6910305816240265,0.7849176360168122,9.250548670532835,1.0522186756134033
60,cycle42_best_main_lobe,61395873.280189425,58218642.560286954,119614515.84047638,0.5132811251944529,0.4867188748055471,8537129.801606104,982514.3824821247,0.6679982471851508,0.7759809085533752,8.689063441533309,1.080389142036438
60,ideal,79120339.95094915,42485202.868746355,121605542.8196955,0.6506310330628666,0.3493689669371334,12780167.968374692,945604.0406808642,1.0,1.0,13.515348304954973,0.0
61,before,46332826.200011745,71408318.78814754,117741144.98815928,0.39351431655154395,0.6064856834484561,3785483.772592595,3358522.1237895857,0.29619984510062825,0.5855994328226585,1.1271278357163976,1.29835045337677
61,comp0p3_best_rmse,56456803.46935975,62442543.156515874,118899346.62587562,0.4748285425571318,0.5251714574428682,6296046.904047713,2734227.074117829,0.49264195272140915,0.7135561286056188,2.3026788680596577,0.923612117767334
61,cycle41_best_strehl,56256539.84148496,62630886.147440724,118887425.98892568,0.4731916716468,0.5268083283532,6318857.448600549,2738060.88365426,0.49442679190421823,0.7110250016160363,2.307785588816893,0.913070559501648
61,cycle42_best_rmse,56758404.89182016,62192561.625566736,118950966.5173869,0.47715799672400194,0.5228420032759981,6487734.88022083,2623720.623038471,0.5076408147588614,0.7173680614492769,2.4727232096485685,0.9037801623344421
61,cycle42_best_comp,56548793.57013507,62378694.49952574,118927488.06966081,0.47548968273013614,0.5245103172698639,6438806.325535651,2614973.4796613553,0.5038123396710334,0.7147187891911566,2.4622836046388854,0.9082347750663757
61,cycle42_best_strehl,56548793.57013507,62378694.49952574,118927488.06966081,0.47548968273013614,0.5245103172698639,6438806.325535651,2614973.4796613553,0.5038123396710334,0.7147187891911566,2.4622836046388854,0.9082347750663757
61,cycle42_best_main_lobe,56672318.786090165,62269666.825103715,118941985.61119388,0.4764702598066987,0.5235297401933013,6471588.613459951,2643274.4786855103,0.5063774302086086,0.7162800213096191,2.4483225883822124,0.9075254201889038
61,ideal,79120339.95094915,42485202.868746355,121605542.8196955,0.6506310330628666,0.3493689669371334,12780167.968374692,945604.0406808642,1.0,1.0,13.515348304954973,0.0
62,before,51961519.210354805,66120000.669457525,118081519.87981233,0.44004785222313475,0.5599521477768652,4592451.813948673,4210747.494336491,0.35934205444818695,0.6567403431604121,1.0906500140712734,1.616864800453186
62,comp0p3_best_rmse,59280417.36001193,60100066.87732627,119380484.2373382,0.4965670707295641,0.5034329292704359,8025133.3960160725,2401088.134899621,0.6279364571635331,0.7492437140280612,3.342290222241912,1.059340476989746
62,cycle41_best_strehl,59175722.94470115,60192977.80124961,119368700.74595076,0.4957390218282033,0.5042609781717967,7986715.220153043,2553377.538945597,0.6249303796254211,0.7479204839284979,3.1279021994730605,1.0764260292053223
62,cycle42_best_rmse,49964249.27610046,68306590.99340753,118270840.26950799,0.4224561959841085,0.5775438040158916,5417923.505414733,3096361.492515123,0.4239321047126858,0.6314968983585753,1.749770987176902,1.369769811630249
62,cycle42_best_comp,49208923.50530562,69004127.55060509,118213051.0559107,0.4162731869768888,0.5837268130231112,5398834.573209016,3258804.347606928,0.4224384676765409,0.6219503548115796,1.6566918407279032,1.3790878057479858
62,cycle42_best_strehl,49208923.50530562,69004127.55060509,118213051.0559107,0.4162731869768888,0.5837268130231112,5398834.573209016,3258804.347606928,0.4224384676765409,0.6219503548115796,1.6566918407279032,1.3790878057479858
62,cycle42_best_main_lobe,49572648.8687322,68680214.70624523,118252863.57497743,0.4192088662385837,0.5807911337614163,5483199.0297956215,3191568.576755087,0.42903966859935905,0.626547470593085,1.7180263866899166,1.3696237802505493
62,ideal,79120339.95094915,42485202.868746355,121605542.8196955,0.6506310330628666,0.3493689669371334,12780167.968374692,945604.0406808642,1.0,1.0,13.515348304954973,0.0
63,before,48535284.29016411,68976748.1864581,117512032.47662221,0.41302395394973446,0.5869760460502655,5446543.024322736,3373874.0090518207,0.42617147425609275,0.6134362456007353,1.6143291094184662,1.655907392501831
63,comp0p3_best_rmse,73439322.66085361,47475226.298577145,120914548.95943075,0.607365476635024,0.39263452336497595,11088002.687485091,834904.2037867879,0.8675944412407594,0.9281977643976568,13.28056876129548,0.40919068455696106
63,cycle41_best_strehl,73697017.35618137,47251199.909916505,120948217.26609787,0.6093270245897113,0.39067297541028867,11176320.587879242,835945.0539137545,0.8745049842486994,0.931454761213994,13.369683253167878,0.39678338170051575
63,cycle42_best_rmse,74476940.65592717,46561465.11297804,121038405.76890521,0.615316602881598,0.384683397118402,11379578.376272622,883705.6215697367,0.8904091405083318,0.941312192314888,12.877114390263744,0.3684971034526825
63,cycle42_best_comp,74596783.735749,46456537.24095799,121053320.976707,0.6162307909760103,0.38376920902398975,11417498.49815114,884267.1134919835,0.8933762471983497,0.9428268860067521,12.911820788023288,0.3629453480243683
63,cycle42_best_strehl,74596783.735749,46456537.24095799,121053320.976707,0.6162307909760103,0.38376920902398975,11417498.49815114,884267.1134919835,0.8933762471983497,0.9428268860067521,12.911820788023288,0.3629453480243683
63,cycle42_best_main_lobe,74517145.56289,46522971.347855344,121040116.91074534,0.6156400659943078,0.3843599340056922,11371622.403031873,891836.4453501413,0.8897866155727882,0.9418203411295639,12.75079355897739,0.3696691393852234
63,ideal,79120339.95094915,42485202.868746355,121605542.8196955,0.6506310330628666,0.3493689669371334,12780167.968374692,945604.0406808642,1.0,1.0,13.515348304954973,0.0
64,before,49469386.01024489,67953858.46199547,117423244.47224036,0.4212912548327668,0.5787087451672331,7352654.599033512,3456428.1364301457,0.5753175245605618,0.6252423339044494,2.127240697278738,1.748883605003357
64,comp0p3_best_rmse,76674213.6076256,44644561.49168821,121318775.09931381,0.6320061634718835,0.3679938365281164,12117860.739795903,924589.620237449,0.9481769543078221,0.9690834702575846,13.106204606411056,0.301025390625
64,cycle41_best_strehl,76810742.32392526,44514584.48080845,121325326.80473371,0.633097345351048,0.366902654648952,12098310.211887108,899812.2399197649,0.9466471991467653,0.9708090532920393,13.445371906661215,0.3052990138530731
64,cycle42_best_rmse,76806209.21969372,44527244.454065025,121333453.67375875,0.6330175800172158,0.36698241998278425,12151738.803006837,917161.5419375875,0.9508277851337368,0.9707517595009061,13.249289517019193,0.29918617010116577
64,cycle42_best_comp,76832653.33988386,44500998.89233418,121333652.23221804,0.633234489577841,0.366765510422159,12140618.444671463,916258.5455345749,0.9499576589849341,0.9710859860753437,13.250210329649077,0.3008400499820709
64,cycle42_best_strehl,76832653.33988386,44500998.89233418,121333652.23221804,0.633234489577841,0.366765510422159,12140618.444671463,916258.5455345749,0.9499576589849341,0.9710859860753437,13.250210329649077,0.3008400499820709
64,cycle42_best_main_lobe,77008194.39354362,44348869.399559915,121357063.79310353,0.6345588133611373,0.3654411866388627,12204943.665828273,919276.3255384101,0.9549908652241624,0.973304645067059,13.276686592227827,0.28835999965667725
64,ideal,79120339.95094915,42485202.868746355,121605542.8196955,0.6506310330628666,0.3493689669371334,12780167.968374692,945604.0406808642,1.0,1.0,13.515348304954973,0.0
65,before,42220926.32661834,75080808.81064744,117301735.13726579,0.359934371620434,0.640065628379566,3749077.1279957304,2771522.400527148,0.29335116230655583,0.5336292330492174,1.352713991156142,1.640650987625122
65,comp0p3_best_rmse,58752515.42792123,60281654.618692465,119034170.0466137,0.49357688976966685,0.5064231102303332,6171908.533187454,1727317.2887638796,0.4829285928369814,0.7425715746967846,3.573118021417048,1.0368192195892334
65,cycle41_best_strehl,57536370.16059737,61416573.16994329,118952943.33054066,0.48369017654920987,0.5163098234507901,6230331.16021198,1827549.1659672542,0.4874999433207229,0.7272007450456758,3.4091182203103667,1.0046734809875488
65,cycle42_best_rmse,60486673.55059847,58661568.845477685,119148242.39607616,0.5076589661266413,0.4923410338733587,6054130.613137892,1763386.890323992,0.47371291426835777,0.764489555885343,3.4332401167083364,1.0490072965621948
65,cycle42_best_comp,60671408.877971925,58501559.96090407,119172968.838876,0.509103779733815,0.49089622026618496,6124926.298860632,1752473.873362543,0.4792524099853098,0.766824421072828,3.495017182258179,1.0369349718093872
65,cycle42_best_strehl,60671408.877971925,58501559.96090407,119172968.838876,0.509103779733815,0.49089622026618496,6124926.298860632,1752473.873362543,0.4792524099853098,0.766824421072828,3.495017182258179,1.0369349718093872
65,cycle42_best_main_lobe,60329110.84479184,58781323.995318435,119110434.84011027,0.5064972764626,0.4935027235374,6135526.750456522,1724406.3836225185,0.4800818553902624,0.7624981247829954,3.558051517744567,1.0666935443878174
65,ideal,79120339.95094915,42485202.868746355,121605542.8196955,0.6506310330628666,0.3493689669371334,12780167.968374692,945604.0406808642,1.0,1.0,13.515348304954973,0.0
66,before,40791482.12579439,76061337.4023206,116852819.52811499,0.3490842779020825,0.6509157220979174,4018236.9760046676,2966569.650405113,0.31441190647478506,0.515562523506385,1.3545061972355645,2.22001576423645
66,comp0p3_best_rmse,48713592.7516912,69335747.19510248,118049339.94679369,0.4126545118646748,0.5873454881353252,4502380.25332768,3372181.0873064883,0.35229429413362134,0.6156898817913486,1.335153758579416,1.2133336067199707
66,cycle41_best_strehl,52596161.667193905,65932415.14427066,118528576.81146456,0.44374245504402776,0.5562575449559722,5730646.257574019,3289789.062153827,0.44840148202706365,0.6647615733173167,1.7419494530820043,1.085430383682251
66,cycle42_best_rmse,52042682.40627549,65998047.40654347,118040729.81281896,0.4408875011938783,0.5591124988061217,5943090.357268357,1702308.8780230538,0.46502443254070663,0.6577661627659775,3.491193892009927,1.2525705099105835
66,cycle42_best_comp,51978898.91592476,66058242.120073065,118037141.03599782,0.44036053787572454,0.5596394621242755,6054117.343843055,1682657.9696647509,0.4737118759960228,0.6569600048249187,3.5979488719559947,1.2503424882888794
66,cycle42_best_strehl,51978898.91592476,66058242.120073065,118037141.03599782,0.44036053787572454,0.5596394621242755,6054117.343843055,1682657.9696647509,0.4737118759960228,0.6569600048249187,3.5979488719559947,1.2503424882888794
66,cycle42_best_main_lobe,52133103.33218716,65929302.04064685,118062405.37283401,0.44157243084751613,0.5584275691524839,6065791.623103594,1732864.150318302,0.4746253443705722,0.6589089905896158,3.5004426757800933,1.2344921827316284
66,ideal,79120339.95094915,42485202.868746355,121605542.8196955,0.6506310330628666,0.3493689669371334,12780167.968374692,945604.0406808642,1.0,1.0,13.515348304954973,0.0
67,before,45730516.813024685,71536342.02094766,117266858.83397235,0.3899696578192687,0.6100303421807313,3404786.2332445453,3014978.5203458085,0.2664116967531176,0.5779868595278462,1.1292903781132169,2.144669532775879
67,comp0p3_best_rmse,63259377.46907041,56473455.35420162,119732832.82327203,0.5283377664875136,0.4716622335124863,8328466.109560545,1987691.0132763186,0.651671099329042,0.7995336914412681,4.190020508183866,0.7757843136787415
67,cycle41_best_strehl,61900099.593027875,57678216.944450036,119578316.53747791,0.5176532115973327,0.48234678840266737,7987237.820070438,2065367.2799520856,0.6249712711002975,0.7823538123244035,3.8672239545964597,0.8236405849456787
67,cycle42_best_rmse,62524380.47040872,57130002.70282224,119654383.17323096,0.5225414967029528,0.47745850329704714,8170990.663842574,2091184.4236349054,0.6393492389194094,0.7902440827373955,3.907350576779701,0.7908844351768494
67,cycle42_best_comp,62459955.824799284,57188932.878736645,119648888.70353593,0.522027045145079,0.477972954854921,8166117.007172518,2084537.8608405755,0.6389678936442834,0.7894298212510398,3.9174711865773393,0.7908905148506165
67,cycle42_best_strehl,62459955.824799284,57188932.878736645,119648888.70353593,0.522027045145079,0.477972954854921,8166117.007172518,2084537.8608405755,0.6389678936442834,0.7894298212510398,3.9174711865773393,0.7908905148506165
67,cycle42_best_main_lobe,62264189.59233416,57363727.21669268,119627916.80902684,0.5204821019472593,0.4795178980527407,8125377.121049259,2106626.4774875203,0.635780151024306,0.7869555367296829,3.857056392237144,0.7953264713287354
67,ideal,79120339.95094915,42485202.868746355,121605542.8196955,0.6506310330628666,0.3493689669371334,12780167.968374692,945604.0406808642,1.0,1.0,13.515348304954973,0.0
68,before,24067924.707594264,91584090.97699776,115652015.68459202,0.20810640061157848,0.7918935993884215,4229137.432844659,4229137.432844659,0.3309140727500545,0.3041938990974411,1.0,1.8663735389709473
68,comp0p3_best_rmse,41469279.64987495,75528908.02801612,116998187.67789106,0.35444377791598325,0.6455562220840169,4570102.647213347,4570102.647213347,0.357593316341565,0.5241291894800241,1.0,1.4958364963531494
68,cycle41_best_strehl,48903503.25402696,69112537.44923773,118016040.70326468,0.4143801381795902,0.5856198618204099,5938194.822770078,3706653.5119283823,0.4646413754079371,0.6180901558858923,1.6020366628983185,1.9116255044937134
68,cycle42_best_rmse,41695812.732314065,75830986.63040504,117526799.3627191,0.35477706326052194,0.6452229367394781,5413253.07384702,2377347.160486581,0.4235666610362592,0.5269923354495631,2.277014128949963,2.2063732147216797
68,cycle42_best_comp,43437759.028178334,74328356.61692524,117766115.64510357,0.368847684159687,0.6311523158403131,5562176.036761932,2312820.4164299155,0.43521932188417845,0.5490087511644627,2.4049320895168087,2.12886905670166
68,cycle42_best_strehl,43437759.028178334,74328356.61692524,117766115.64510357,0.368847684159687,0.6311523158403131,5562176.036761932,2312820.4164299155,0.43521932188417845,0.5490087511644627,2.4049320895168087,2.12886905670166
68,cycle42_best_main_lobe,40659007.3601258,76793905.62483677,117452912.98496258,0.3461728306843386,0.6538271693156614,4704080.65081347,2533574.9016713486,0.3680765904215035,0.5138881782526776,1.8566968940646995,2.233992576599121
68,ideal,79120339.95094915,42485202.868746355,121605542.8196955,0.6506310330628666,0.3493689669371334,12780167.968374692,945604.0406808642,1.0,1.0,13.515348304954973,0.0
69,before,43761213.12361326,73439048.08123654,117200261.20484981,0.37338835830002737,0.6266116416999725,3715961.9674557857,2144969.961655655,0.29076002574075405,0.5530968793959067,1.732407462054861,1.3839318752288818
69,comp0p3_best_rmse,76243836.44456205,45006664.47060707,121250500.91516912,0.6288125481469538,0.3711874518530462,11887442.862268772,926684.1020976002,0.9301476233868738,0.9636439440456096,12.827934390328801,0.29207271337509155
69,cycle41_best_strehl,75211402.99547441,45916666.89679605,121128069.89227046,0.620924638379579,0.37907536162042094,11599248.748758506,894572.7408477934,0.907597519646186,0.9505950434755703,12.966244352321544,0.33698147535324097
69,cycle42_best_rmse,74656183.0755294,46400736.9918821,121056920.0674115,0.6167031429013435,0.38329685709865646,11413362.243780956,897743.8130573273,0.8930526008753578,0.9435776327782803,12.713384462001446,0.36236852407455444
69,cycle42_best_comp,74676126.54163858,46384973.402218,121061099.94385658,0.6168465888404323,0.3831534111595677,11430954.014818553,890455.3435450888,0.8944290906899776,0.9438296977481926,12.837200762151122,0.3598131537437439
69,cycle42_best_strehl,74676126.54163858,46384973.402218,121061099.94385658,0.6168465888404323,0.3831534111595677,11430954.014818553,890455.3435450888,0.8944290906899776,0.9438296977481926,12.837200762151122,0.3598131537437439
69,cycle42_best_main_lobe,74707733.24120261,46351858.31643288,121059591.55763549,0.6171153584772741,0.3828846415227259,11405407.106229953,910811.1092387674,0.8924301413293888,0.9442291740343615,12.522252957325367,0.36356568336486816
69,ideal,79120339.95094915,42485202.868746355,121605542.8196955,0.6506310330628666,0.3493689669371334,12780167.968374692,945604.0406808642,1.0,1.0,13.515348304954973,0.0
70,before,32258125.432252023,83995547.61660227,116253673.04885429,0.277480483723692,0.7225195162763081,4565129.540191164,4341041.907978814,0.3572041894510195,0.4077096414430288,1.051620702348088,2.2068958282470703
70,comp0p3_best_rmse,60045832.60948999,59318714.13692784,119364546.74641784,0.5030457891073254,0.4969542108926746,7497869.856169955,1895181.5641062532,0.586680071398427,0.7589177782440717,3.956280494795689,0.930996298789978
70,cycle41_best_strehl,61074992.037431486,58432778.0742305,119507770.11166199,0.511054569760327,0.48894543023967296,7918831.640795453,1777077.73709612,0.6196187452614932,0.7719252985426387,4.456097488304269,0.8703573346138
70,cycle42_best_rmse,63801732.762873225,56021042.95024461,119822775.71311784,0.532467491118956,0.46753250888104403,8637241.230604017,1736925.1409711256,0.6758315893795293,0.80638850645014,4.9727193342223615,0.7779647707939148
70,cycle42_best_comp,64099109.585744895,55757051.48531496,119856161.07105985,0.534800289054328,0.4651997109456721,8709832.07484536,1725388.2754005983,0.6815115494881111,0.8101470446851379,5.048041764873546,0.7681666612625122
70,cycle42_best_strehl,64099109.585744895,55757051.48531496,119856161.07105985,0.534800289054328,0.4651997109456721,8709832.07484536,1725388.2754005983,0.6815115494881111,0.8101470446851379,5.048041764873546,0.7681666612625122
70,cycle42_best_main_lobe,64429175.163767055,55451873.154492006,119881048.31825906,0.5374425404816372,0.46255745951836275,8716799.668652497,1690976.2365550685,0.6820567374562487,0.8143187352798292,5.15489187855812,0.7678170800209045
70,ideal,79120339.95094915,42485202.868746355,121605542.8196955,0.6506310330628666,0.3493689669371334,12780167.968374692,945604.0406808642,1.0,1.0,13.515348304954973,0.0
71,before,36082560.358996384,80562277.55875066,116644837.91774704,0.3093369668398036,0.6906630331601964,4524635.351340648,4524635.351340648,0.35403567171708034,0.4560465789374244,1.0,2.250002861022949
71,comp0p3_best_rmse,52667453.19576594,65939304.58524592,118606757.78101186,0.4440510320078713,0.5559489679921287,6306325.090988751,2423861.6658381894,0.4934461821311064,0.6656626251658835,2.601767741067837,1.3528735637664795
71,cycle41_best_strehl,57974517.470650226,61285197.43489553,119259714.90554576,0.48611987305660015,0.5138801269433999,7910272.579795071,2207138.8284339686,0.6189490309806197,0.7327384779513293,3.5839488109624926,1.1536043882369995
71,cycle42_best_rmse,57247625.60392839,61912708.64012802,119160334.2440564,0.48042518483271074,0.5195748151672893,7638416.381187433,2124605.8670397294,0.5976773075353283,0.7235513098075563,3.59521570550412,1.1750926971435547
71,cycle42_best_comp,57357326.39228296,61813313.460662454,119170639.85294542,0.48130417410748944,0.5186958258925105,7649106.887020767,2164476.2016668376,0.598513799345122,0.7249378153309475,3.5339297706901465,1.1730780601501465
71,cycle42_best_strehl,57357326.39228296,61813313.460662454,119170639.85294542,0.48130417410748944,0.5186958258925105,7649106.887020767,2164476.2016668376,0.598513799345122,0.7249378153309475,3.5339297706901465,1.1730780601501465
71,cycle42_best_main_lobe,57962165.47059178,61280877.570390716,119243043.0409825,0.4860842527364119,0.513915747263588,7821216.505432715,2108625.593574664,0.6119807286404055,0.7325823613311769,3.7091537394145617,1.1534384489059448
71,ideal,79120339.95094915,42485202.868746355,121605542.8196955,0.6506310330628666,0.3493689669371334,12780167.968374692,945604.0406808642,1.0,1.0,13.515348304954973,0.0
72,before,36595914.13063535,79884778.11224958,116480692.24288493,0.31418008792672475,0.6858199120732753,3139139.6476758,2882362.7715019383,0.2456258521361999,0.4625348444322039,1.0890855511709447,2.1906259059906006
72,comp0p3_best_rmse,66950440.899242066,53195855.3684938,120146296.26773587,0.5572409885199346,0.4427590114800654,9278324.757116461,1009524.7720531346,0.7259939603357518,0.8461849499224618,9.190784628540163,0.7175725698471069
72,cycle41_best_strehl,65812081.97981116,54226808.7422844,120038890.72209556,0.5482563324595695,0.4517436675404305,9126232.957019327,1146554.9322538706,0.7140933499154901,0.8317972599790588,7.959699705865112,0.7624413371086121
72,cycle42_best_rmse,66966636.32966391,53214420.60905544,120181056.93871935,0.5572145730404949,0.44278542695950507,9477858.94237157,1014625.3770388141,0.7416067586768117,0.846389643562958,9.341239788455436,0.7286421060562134
72,cycle42_best_comp,67107713.27137693,53086272.8938664,120193986.16524333,0.5583283774207879,0.44167162257921216,9493897.820031738,1009239.2675867969,0.7428617404344738,0.8481727115047853,9.4069841760445,0.7251003980636597
72,cycle42_best_strehl,67107713.27137693,53086272.8938664,120193986.16524333,0.5583283774207879,0.44167162257921216,9493897.820031738,1009239.2675867969,0.7428617404344738,0.8481727115047853,9.4069841760445,0.7251003980636597
72,cycle42_best_main_lobe,67498378.24488817,52730397.59058289,120228775.83547106,0.561416164939227,0.43858383506077303,9531284.126525791,966591.5611333665,0.7457870780815665,0.8531103163451265,9.860715228415595,0.7189667820930481
72,ideal,79120339.95094915,42485202.868746355,121605542.8196955,0.6506310330628666,0.3493689669371334,12780167.968374692,945604.0406808642,1.0,1.0,13.515348304954973,0.0
73,before,37492703.11213517,79033095.74318005,116525798.85531522,0.3217545254393678,0.6782454745606322,4389020.286321827,3710990.651947807,0.34342430374802013,0.47386933796516634,1.1827085266351018,1.6187487840652466
73,comp0p3_best_rmse,63114666.867576905,56645666.781238176,119760333.64881508,0.5270081081491824,0.47299189185081764,8586907.210012054,2164508.7626859397,0.6718931418789551,0.7977046977642538,3.967139037754025,0.8952216506004333
73,cycle41_best_strehl,61210476.81448232,58368550.05872731,119579026.87320963,0.5118830485163938,0.48811695148360623,8342524.939679834,2307465.603095573,0.6527711498255675,0.773637687255008,3.6154493174190536,0.9483312368392944
73,cycle42_best_rmse,60339054.48071956,59130612.5459399,119469667.02665946,0.5050575261690066,0.49494247383099343,8052286.224425342,2378030.9187826077,0.6300610637005098,0.7626238021490669,3.386115025177037,0.9701607823371887
73,cycle42_best_comp,60730692.181153074,58780281.03616804,119510973.21732111,0.5081599667899883,0.49184003321001174,8127199.918278975,2377123.8434702223,0.6359227780409639,0.7675737012606774,3.418921542772697,0.9610528945922852
73,cycle42_best_strehl,60730692.181153074,58780281.03616804,119510973.21732111,0.5081599667899883,0.49184003321001174,8127199.918278975,2377123.8434702223,0.6359227780409639,0.7675737012606774,3.418921542772697,0.9610528945922852
73,cycle42_best_main_lobe,60902677.13533385,58630779.45550583,119533456.59083968,0.5095031874113901,0.49049681258860994,8189678.48770259,2384434.7964700432,0.6408114907384982,0.7697474147999189,3.434641408448965,0.9545694589614868
73,ideal,79120339.95094915,42485202.868746355,121605542.8196955,0.6506310330628666,0.3493689669371334,12780167.968374692,945604.0406808642,1.0,1.0,13.515348304954973,0.0
74,before,40662012.12079721,76377606.46760574,117039618.58840296,0.34742092131891367,0.6525790786810862,4124250.0523625556,3103120.3747010604,0.3227070303432838,0.5139261553477364,1.3290654419939691,2.0075666904449463
74,comp0p3_best_rmse,54855742.88322104,63859229.91755005,118714972.80077109,0.46207939562333566,0.5379206043766643,5867429.731762547,2922620.8960056487,0.4591042736121983,0.6933203638562346,2.007591795357918,0.9262778759002686
74,cycle41_best_strehl,53790986.67238145,64789631.15238128,118580617.82476273,0.45362376802483223,0.5463762319751678,5514357.408698978,2845616.728419093,0.4314776943733911,0.6798629367079225,1.9378426313098487,0.9587780833244324
74,cycle42_best_rmse,48590854.25364197,69202892.08318102,117793746.33682299,0.412507928177272,0.5874920718227281,5687339.064857911,2919892.70940434,0.4450128573373668,0.6141385929808441,1.9477904261825196,1.4098211526870728
74,cycle42_best_comp,48743825.33853691,69083619.98943901,117827445.32797593,0.4136882133263361,0.5863117866736638,5459204.426103942,2923265.9244085443,0.4271621812493449,0.6160719907011998,1.867501817238364,1.3446134328842163
74,cycle42_best_strehl,48743825.33853691,69083619.98943901,117827445.32797593,0.4136882133263361,0.5863117866736638,5459204.426103942,2923265.9244085443,0.4271621812493449,0.6160719907011998,1.867501817238364,1.3446134328842163
74,cycle42_best_main_lobe,49438306.75831928,68447816.12319249,117886122.88151176,0.4193734219931051,0.5806265780068949,5634361.511693796,2861102.9740415304,0.44086756337133975,0.6248495240158053,1.969297002873973,1.3546135425567627
74,ideal,79120339.95094915,42485202.868746355,121605542.8196955,0.6506310330628666,0.3493689669371334,12780167.968374692,945604.0406808642,1.0,1.0,13.515348304954973,0.0
75,before,52271146.252782136,65399586.79743728,117670733.05021942,0.4442153532813797,0.5557846467186204,6006510.578826169,2733196.3338590474,0.4699868259704917,0.6606537116143303,2.1976140185822186,1.8926572799682617
75,comp0p3_best_rmse,60812396.1176378,58968615.50028244,119781011.61792023,0.5076964645416282,0.4923035354583718,9915870.334543712,1501022.0701747495,0.7758795001036872,0.7686063552727225,6.606078972169479,1.3167855739593506
75,cycle41_best_strehl,45977496.077610455,71692965.7717165,117670461.84932695,0.39073099021641544,0.6092690097835847,4844512.735381101,3489057.7938335654,0.3790648720243071,0.5811084242827359,1.3884873858905742,1.4816722869873047
75,cycle42_best_rmse,59800121.199887544,59545168.90899229,119345290.10887983,0.5010681288329965,0.4989318711670035,9065316.497764587,2007176.9784211733,0.7093268664541239,0.7558122378766419,4.516451013151457,1.4663909673690796
75,cycle42_best_comp,59715503.022460364,59641569.212233596,119357072.23469396,0.5003097169226863,0.4996902830773136,9006316.244904459,2000187.9751732477,0.7047103189246917,0.7547427508461306,4.502734921263773,1.462855339050293
75,cycle42_best_strehl,59715503.022460364,59641569.212233596,119357072.23469396,0.5003097169226863,0.4996902830773136,9006316.244904459,2000187.9751732477,0.7047103189246917,0.7547427508461306,4.502734921263773,1.462855339050293
75,cycle42_best_main_lobe,58840350.05279474,60411427.78833662,119251777.84113136,0.4934127701742322,0.5065872298257679,8742782.683102105,2286322.479412547,0.6840898104576291,0.7436817143262145,3.8239499291230765,1.4693784713745117
75,ideal,79120339.95094915,42485202.868746355,121605542.8196955,0.6506310330628666,0.3493689669371334,12780167.968374692,945604.0406808642,1.0,1.0,13.515348304954973,0.0
76,before,27000427.98664611,88735868.42454854,115736296.41119465,0.2332926560110185,0.7667073439889814,5187639.104909696,5187639.104909696,0.4059132178659018,0.3412577347795155,1.0,2.2668845653533936
76,comp0p3_best_rmse,64583941.798150145,55340439.94218745,119924381.7403376,0.5385388764228816,0.46146112357711844,9090440.162210252,1730504.061162333,0.7112926985549097,0.8162748269053081,5.253059132438238,0.8499045968055725
76,cycle41_best_strehl,64738560.71736896,55211602.90593296,119950163.62330192,0.5397121501282607,0.4602878498717393,9173878.015943902,1636207.8096383228,0.7178213962950428,0.8182290515625159,5.6067927080556785,0.866410493850708
76,cycle42_best_rmse,64339791.65976881,55574479.86978417,119914271.52955298,0.5365482426661135,0.46345175733388655,9132749.251391819,1622298.4268945085,0.7146032254029341,0.8131890194058371,5.629512486721831,0.8880974054336548
76,cycle42_best_comp,64509307.95826324,55422436.08753275,119931744.04579599,0.5378835142564952,0.46211648574350483,9164321.755303286,1623470.7114262665,0.7170736548988215,0.8153315316675326,5.644895033093737,0.8793054223060608
76,cycle42_best_strehl,64509307.95826324,55422436.08753275,119931744.04579599,0.5378835142564952,0.46211648574350483,9164321.755303286,1623470.7114262665,0.7170736548988215,0.8153315316675326,5.644895033093737,0.8793054223060608
76,cycle42_best_main_lobe,64525488.063110664,55401268.41788529,119926756.48099595,0.5380408005392493,0.4619591994607507,9125927.980682606,1623880.4404454918,0.7140694866660027,0.8155360316084764,5.619827515244299,0.8783954381942749
76,ideal,79120339.95094915,42485202.868746355,121605542.8196955,0.6506310330628666,0.3493689669371334,12780167.968374692,945604.0406808642,1.0,1.0,13.515348304954973,0.0
77,before,57484965.512004666,61081277.62819695,118566243.14020161,0.4848341651850277,0.5151658348149724,4444380.697516338,1420587.4507907932,0.3477560473785814,0.7265510429763398,3.128551287034319,1.2998127937316895
77,comp0p3_best_rmse,59715716.861478545,59529578.16781338,119245295.02929193,0.5007804865324852,0.49921951346751486,7042526.133477779,1581578.560297353,0.5510511404001059,0.7547454535521391,4.452846232408279,0.8453123569488525
77,cycle41_best_strehl,59615680.21013053,59634902.3843752,119250582.59450573,0.49991940427532316,0.5000805957246768,7119773.362357468,1575760.4573283596,0.5570954450658069,0.7534810928149376,4.518309448143385,0.8302595019340515
77,cycle42_best_rmse,57172452.19233392,61780514.98028861,118952967.17262253,0.4806307362586948,0.5193692637413052,6388790.1710841125,1672086.8875753712,0.49989876399853,0.722601194936449,3.8208481978758,0.9328938722610474
77,cycle42_best_comp,57784495.00717517,61231337.12400321,119015832.13117838,0.48551939664199906,0.5144806033580009,6499136.230525495,1631168.1696686386,0.5085329274707504,0.730336788782743,3.9843446870629853,0.9253001809120178
77,cycle42_best_strehl,57784495.00717517,61231337.12400321,119015832.13117838,0.48551939664199906,0.5144806033580009,6499136.230525495,1631168.1696686386,0.5085329274707504,0.730336788782743,3.9843446870629853,0.9253001809120178
77,cycle42_best_main_lobe,58276259.905574895,60796816.32341232,119073076.22898722,0.4894159263468167,0.5105840736531834,6628554.925348101,1623037.92087261,0.5186594528139901,0.7365521930480001,4.084041931555317,0.9136249423027039
77,ideal,79120339.95094915,42485202.868746355,121605542.8196955,0.6506310330628666,0.3493689669371334,12780167.968374692,945604.0406808642,1.0,1.0,13.515348304954973,0.0
78,before,28174495.546696052,87701285.51284441,115875781.05954047,0.24314395371556674,0.7568560462844333,5490936.934455513,4778523.597016102,0.4296451304899257,0.3560967453396042,1.149086495645699,1.8319315910339355
78,comp0p3_best_rmse,67818148.5481332,52520614.2750344,120338762.82316759,0.5635602939327947,0.43643970606720534,10129407.986857073,896521.3541913388,0.792588016990302,0.8571518852191133,11.298568561140172,0.8497806191444397
78,cycle41_best_strehl,67379979.65242836,52916678.07846433,120296657.73089269,0.5601151430421237,0.43988485695787627,10066863.728778139,897166.3447018116,0.7876941644029413,0.8516138794929439,11.220732686003766,0.851702868938446
78,cycle42_best_rmse,65878534.886326,54239118.02304727,120117652.90937327,0.5484500678349937,0.4515499321650063,9641948.446371846,980133.3567502917,0.7544461442315499,0.8326371566043266,9.837384249772374,0.8939913511276245
78,cycle42_best_comp,65815892.37459866,54285349.90991827,120101242.28451693,0.5480034271309401,0.45199657286905986,9567760.937398376,991164.3820286167,0.7486412511223942,0.831845419463584,9.653051613715208,0.8999199867248535
78,cycle42_best_strehl,65815892.37459866,54285349.90991827,120101242.28451693,0.5480034271309401,0.45199657286905986,9567760.937398376,991164.3820286167,0.7486412511223942,0.831845419463584,9.653051613715208,0.8999199867248535
78,cycle42_best_main_lobe,65482119.8735143,54570752.1291943,120052872.0027086,0.5454440096363286,0.4545559903636715,9415378.22405101,998743.2791033196,0.7367178778361865,0.8276268771609185,9.427225615479705,0.9112825989723206
78,ideal,79120339.95094915,42485202.868746355,121605542.8196955,0.6506310330628666,0.3493689669371334,12780167.968374692,945604.0406808642,1.0,1.0,13.515348304954973,0.0
79,before,33217287.971048873,83144183.2285978,116361471.19964668,0.28546638013931996,0.71453361986068,4904804.953949868,3904781.872835961,0.38378251100354144,0.41983247280840824,1.2561021623437345,2.3806777000427246
79,comp0p3_best_rmse,66254158.79002379,53826558.752009794,120080717.54203358,0.5517468594975034,0.44825314050249665,9235849.767600615,1165630.517308603,0.7226704524115246,0.837384657739062,7.923479722310157,0.722227156162262
79,cycle41_best_strehl,65223966.9681646,54737713.127992116,119961680.09615672,0.5437066812992578,0.4562933187007422,8959205.044781094,1123435.01997588,0.7010240449852612,0.8243640890395613,7.974831552761679,0.7531255483627319
79,cycle42_best_rmse,66282003.55721711,53811976.652181126,120093980.20939824,0.5519177850683814,0.44808221493161854,9300453.329976417,1090968.8453546434,0.727725437802614,0.8377365870559809,8.524948599199549,0.7375695109367371
79,cycle42_best_comp,66273484.427208826,53820686.5992683,120094171.02647713,0.5518459710471504,0.4481540289528496,9304578.947518706,1075425.840688449,0.7280482518338927,0.837628913984637,8.651994954447298,0.7379138469696045
79,cycle42_best_strehl,66273484.427208826,53820686.5992683,120094171.02647713,0.5518459710471504,0.4481540289528496,9304578.947518706,1075425.840688449,0.7280482518338927,0.837628913984637,8.651994954447298,0.7379138469696045
79,cycle42_best_main_lobe,65865644.07944604,54178157.7306427,120043801.81008874,0.5486800908192375,0.4513199091807625,9178042.143026719,1103767.7516376295,0.7181472235528004,0.832474230018218,8.315193236448078,0.7483940124511719
79,ideal,79120339.95094915,42485202.868746355,121605542.8196955,0.6506310330628666,0.3493689669371334,12780167.968374692,945604.0406808642,1.0,1.0,13.515348304954973,0.0
80,before,17909277.28452839,97130064.95149451,115039342.2360229,0.1556795869693382,0.8443204130306617,4265477.631690611,4265477.631690611,0.33375755641442245,0.22635490817697815,1.0,2.0313351154327393
80,comp0p3_best_rmse,70461089.52672206,50268773.77761604,120729863.3043381,0.58362601926503,0.41637398073497006,11325995.037685007,834568.011803054,0.8862164461149395,0.8905559502196855,13.57108693060929,0.8326014280319214
80,cycle41_best_strehl,70515007.38742255,50214672.48723152,120729679.87465407,0.5840735058738976,0.41592649412610233,11298169.600615969,836881.3688500691,0.8840392104840861,0.891237416714065,13.500323966036438,0.8290016651153564
80,cycle42_best_rmse,70186787.6040978,50510837.18586466,120697624.78996246,0.5815092693517091,0.4184907306482909,11249050.789540112,836950.1241610382,0.8801958485503928,0.8870890550724412,13.440527057470959,0.8376796245574951
80,cycle42_best_comp,70165628.99979417,50532166.77865508,120697795.77844925,0.5813331432215131,0.418666856778487,11261046.855444016,833640.2327764865,0.8811344955175993,0.8868216320012468,13.508281405683185,0.8402271270751953
80,cycle42_best_strehl,70165628.99979417,50532166.77865508,120697795.77844925,0.5813331432215131,0.418666856778487,11261046.855444016,833640.2327764865,0.8811344955175993,0.8868216320012468,13.508281405683185,0.8402271270751953
80,cycle42_best_main_lobe,70269290.90123479,50435254.37196167,120704545.27319646,0.5821594434757273,0.4178405565242726,11253805.023481777,836689.6182818464,0.8805678494468936,0.8881318121838002,13.45039400224855,0.8272742629051208
80,ideal,79120339.95094915,42485202.868746355,121605542.8196955,0.6506310330628666,0.3493689669371334,12780167.968374692,945604.0406808642,1.0,1.0,13.515348304954973,0.0
81,before,40398849.95313602,76392173.33431402,116791023.28745005,0.345907149505018,0.654092850494982,4227403.576776333,3588586.7082946408,0.3307784050442296,0.5106000552851693,1.178013496791128,1.9207775592803955
81,comp0p3_best_rmse,60845286.69325405,58559855.35353091,119405142.04678497,0.5095700708551885,0.4904299291448116,7498771.715502297,1655474.4249820665,0.586750638493834,0.7690220584362408,4.529681402709396,0.8808310627937317
81,cycle41_best_strehl,60076887.80191483,59256993.97159342,119333881.77350825,0.5034352935567685,0.4965647064432315,7433251.224519723,1528855.4002705324,0.5816239068933803,0.7593102840452866,4.861971395858891,0.8823186159133911
81,cycle42_best_rmse,58607923.15811236,60564649.279845774,119172572.43795814,0.4917903671889264,0.5082096328110736,7102330.5064358,1692504.4739745613,0.555730607298038,0.7407440766109763,4.196343711728676,0.9393683671951294
81,cycle42_best_comp,58960323.36628592,60252498.03046912,119212821.39675504,0.49458038720565684,0.5054196127943431,7189975.6045632,1676927.345865391,0.5625885060630842,0.7451980540381717,4.287589216247624,0.932435929775238
81,cycle42_best_strehl,58960323.36628592,60252498.03046912,119212821.39675504,0.49458038720565684,0.5054196127943431,7189975.6045632,1676927.345865391,0.5625885060630842,0.7451980540381717,4.287589216247624,0.932435929775238
81,cycle42_best_main_lobe,59079575.614230685,60147622.625994824,119227198.24022551,0.4955209590281062,0.5044790409718938,7225785.368192833,1648719.8721921805,0.5653904851699509,0.7467052802207019,4.382664083853882,0.9285765290260315
81,ideal,79120339.95094915,42485202.868746355,121605542.8196955,0.6506310330628666,0.3493689669371334,12780167.968374692,945604.0406808642,1.0,1.0,13.515348304954973,0.0
82,before,64773922.93939428,54874094.36866596,119648017.30806024,0.5413706336028913,0.45862936639710866,7757434.034230279,1282953.7799753705,0.6069899905405409,0.8186759938032501,6.046542093183748,1.038011908531189
82,comp0p3_best_rmse,64650529.46615172,55318181.22845022,119968710.69460194,0.5388949259505604,0.46110507404943957,9198737.090848612,1038331.4331055256,0.7197665252609707,0.81711642677764,8.859153058033007,0.872601330280304
82,cycle41_best_strehl,66031640.895657256,54098890.87220617,120130531.76786342,0.5496657670945367,0.4503342329054633,9579647.860921016,912992.8257326578,0.7495713581094114,0.8345722596312621,10.492577368539065,0.8360707759857178
82,cycle42_best_rmse,63972546.549252085,55904768.02625277,119877314.57550485,0.5336501470339403,0.46634985296605963,8940640.457971524,1025255.5211717024,0.6995714360011298,0.8085474176287921,8.720402156677789,0.904515266418457
82,cycle42_best_comp,63485043.775137275,56336162.07213637,119821205.84727365,0.5298314545094506,0.4701685454905495,8814861.39972811,1026866.0391753402,0.6897296985095207,0.8023858822458926,8.584236953446416,0.918732225894928
82,cycle42_best_strehl,63485043.775137275,56336162.07213637,119821205.84727365,0.5298314545094506,0.4701685454905495,8814861.39972811,1026866.0391753402,0.6897296985095207,0.8023858822458926,8.584236953446416,0.918732225894928
82,cycle42_best_main_lobe,63808766.71556032,56037959.53554833,119846726.25110865,0.5324197724171882,0.4675802275828118,8825070.091074962,1012036.1469028371,0.6905284901507662,0.806477408402425,8.72011352369436,0.9116214513778687
82,ideal,79120339.95094915,42485202.868746355,121605542.8196955,0.6506310330628666,0.3493689669371334,12780167.968374692,945604.0406808642,1.0,1.0,13.515348304954973,0.0
83,before,50495473.54183798,67193060.89080283,117688534.43264082,0.42906026305170053,0.5709397369482995,4965353.4269633945,2483912.8475307566,0.3885202009277551,0.6382110285818132,1.999004688066823,1.6439642906188965
83,comp0p3_best_rmse,43700572.64746354,73686329.5496912,117386902.19715475,0.37227809772224113,0.6277219022777588,3870612.382012394,3870612.382012394,0.30286083810404224,0.5523304459328134,1.0,1.349975824356079
83,cycle41_best_strehl,54860114.92927274,63694484.71067424,118554599.63994698,0.46274134530321187,0.5372586546967881,6209187.282416478,2598549.9343139986,0.485845514533259,0.6933756220370565,2.389481610656701,1.5939222574234009
83,cycle42_best_rmse,47360788.191745125,70733979.74702394,118094767.93876906,0.40104052887678493,0.5989594711232151,5715759.530812031,2186693.712418511,0.44723665173697463,0.5985918187549063,2.61388208981967,1.6073970794677734
83,cycle42_best_comp,46579269.3706185,71411065.26510802,117990334.63572653,0.39477190665170525,0.6052280933482946,5430475.301130597,2365429.8334908397,0.4249142354442164,0.5887142218991404,2.2957668091623087,1.6343975067138672
83,cycle42_best_strehl,46579269.3706185,71411065.26510802,117990334.63572653,0.39477190665170525,0.6052280933482946,5430475.301130597,2365429.8334908397,0.4249142354442164,0.5887142218991404,2.2957668091623087,1.6343975067138672
83,cycle42_best_main_lobe,45031341.94734802,72745453.95603713,117776795.90338516,0.3823447700537566,0.6176552299462433,4817416.651786762,2557419.376921197,0.37694470555533816,0.5691500058678377,1.8837022567594333,1.6946203708648682
83,ideal,79120339.95094915,42485202.868746355,121605542.8196955,0.6506310330628666,0.3493689669371334,12780167.968374692,945604.0406808642,1.0,1.0,13.515348304954973,0.0
84,before,39290783.91941821,77593525.00213686,116884308.92155507,0.3361510563901914,0.6638489436098085,3113687.2629885413,3040345.355687524,0.2436342989148148,0.49659523636749575,1.0241228869489505,1.9507741928100586
84,comp0p3_best_rmse,65750343.04977886,54284687.652498715,120035030.70227757,0.5477596220461607,0.4522403779538393,9066205.064264994,1466158.5055288414,0.7093963934355068,0.8310169431847859,6.183645922372374,0.6956073641777039
84,cycle41_best_strehl,64456384.325521864,55419899.54152379,119876283.86704566,0.5376908780139548,0.4623091219860452,8663087.106707543,1465217.5906835531,0.6778539318219355,0.8146626311954898,5.9124918795617525,0.7215071320533752
84,cycle42_best_rmse,66129511.27257758,53935466.69309036,120064977.96566793,0.5507810220186525,0.4492189779813475,9079715.017207628,1271096.2591828203,0.7104534963606064,0.8358092408800915,7.143215906437266,0.6747522354125977
84,cycle42_best_comp,66155375.94571636,53913287.15217704,120068663.0978934,0.5509795332007578,0.44902046679924223,9089841.397617588,1271257.7998625604,0.7112458474811095,0.8361361438377231,7.150273845792976,0.6739740371704102
84,cycle42_best_strehl,66155375.94571636,53913287.15217704,120068663.0978934,0.5509795332007578,0.44902046679924223,9089841.397617588,1271257.7998625604,0.7112458474811095,0.8361361438377231,7.150273845792976,0.6739740371704102
84,cycle42_best_main_lobe,66103845.52659524,53958691.5580739,120062537.08466914,0.5505784496289483,0.44942155037105175,9073927.748539107,1277877.083454901,0.7100006643882222,0.8354848521578204,7.100782904727116,0.674445629119873
84,ideal,79120339.95094915,42485202.868746355,121605542.8196955,0.6506310330628666,0.3493689669371334,12780167.968374692,945604.0406808642,1.0,1.0,13.515348304954973,0.0
85,before,49546968.172153965,67904071.79116727,117451039.96332124,0.4218521026942544,0.5781478973057457,5028331.625112059,1791815.361376471,0.3934480076908984,0.626222892910606,2.806277774764303,2.1063649654388428
85,comp0p3_best_rmse,51990713.852940835,66248457.299992435,118239171.15293327,0.4397080370742353,0.5602919629257647,4188514.5087303356,2778274.865455212,0.32773548196667457,0.6571093335186958,1.5075954365818516,1.1901190280914307
85,cycle41_best_strehl,60841817.00705353,58621785.860220455,119463602.86727399,0.509291663291369,0.49070833670863095,8088868.717141586,1873066.403021166,0.6329235059474951,0.7689782051590346,4.318516793689017,1.2899969816207886
85,cycle42_best_rmse,64008034.91417642,55465645.055726364,119473679.96990278,0.5357500909849015,0.4642499090150985,9388560.69250746,1489648.231483085,0.7346195070158725,0.8089959541864754,6.302535386599469,1.3246793746948242
85,cycle42_best_comp,64383995.421896376,55095250.32939524,119479245.75129162,0.5388717933147846,0.46112820668521537,9453725.04151317,1464657.1626140594,0.739718371848241,0.8137477096510378,6.454565124742607,1.3179130554199219
85,cycle42_best_strehl,64383995.421896376,55095250.32939524,119479245.75129162,0.5388717933147846,0.46112820668521537,9453725.04151317,1464657.1626140594,0.739718371848241,0.8137477096510378,6.454565124742607,1.3179130554199219
85,cycle42_best_main_lobe,64277913.50369207,55193029.108564235,119470942.6122563,0.5380213137876249,0.46197868621237514,9467889.028480183,1438165.6892524029,0.7408266504719699,0.8124069429370667,6.583308932506828,1.3251173496246338
85,ideal,79120339.95094915,42485202.868746355,121605542.8196955,0.6506310330628666,0.3493689669371334,12780167.968374692,945604.0406808642,1.0,1.0,13.515348304954973,0.0
86,before,43562889.727229804,73696859.00600483,117259748.73323463,0.37150761619262185,0.6284923838073782,5162271.447278736,3260032.285929132,0.40392829421750115,0.550590274943671,1.5835031663827381,1.612446904182434
86,comp0p3_best_rmse,58928902.9718802,60265828.78044501,119194731.7523252,0.4943918418670432,0.5056081581329568,6945519.393432591,2375798.8854250247,0.5434607284207613,0.7448009324582442,2.9234458505901917,0.8202551007270813
86,cycle41_best_strehl,60286609.34251217,58874383.3617957,119160992.70430787,0.505925705839917,0.4940742941600829,6172549.805507963,1601188.5155656978,0.48297876998035666,0.761960949357485,3.8549800635606037,1.0852339267730713
86,cycle42_best_rmse,73816371.69552459,47162234.429859534,120978606.12538412,0.6101605404431603,0.3898394595568398,11282442.119841948,907916.532549645,0.8828085943597175,0.9329632777271588,12.426739370146915,0.4639579653739929
86,cycle42_best_comp,73636137.48023213,47323992.571058676,120960130.05129081,0.6087637095711467,0.3912362904288533,11251343.987673258,906409.7728874113,0.8803752826657206,0.9306853019828155,12.413087683103381,0.46676182746887207
86,cycle42_best_strehl,73636137.48023213,47323992.571058676,120960130.05129081,0.6087637095711467,0.3912362904288533,11251343.987673258,906409.7728874113,0.8803752826657206,0.9306853019828155,12.413087683103381,0.46676182746887207
86,cycle42_best_main_lobe,73554205.9221475,47385688.581725314,120939894.50387281,0.6081881104980796,0.3918118895019203,11158680.000722934,920353.0715774759,0.8731246747566832,0.9296497710670557,12.12434699826347,0.4713543653488159
86,ideal,79120339.95094915,42485202.868746355,121605542.8196955,0.6506310330628666,0.3493689669371334,12780167.968374692,945604.0406808642,1.0,1.0,13.515348304954973,0.0
87,before,32813146.225061953,83632166.00304551,116445312.22810747,0.2817901862874781,0.7182098137125219,4396433.596007833,3809302.628930132,0.34400436730464556,0.4147245353774332,1.1541308276792388,2.1694822311401367
87,comp0p3_best_rmse,57638637.74687672,61371013.50628479,119009651.2531615,0.4843190206840098,0.5156809793159902,6522653.308756018,1844940.6878417202,0.5103730502522912,0.7284933025137397,3.535427101662796,0.9491409063339233
87,cycle41_best_strehl,60166624.67486856,59161961.31903935,119328585.99390791,0.5042096508035405,0.49579034919645953,7345543.982019237,1703152.7143157031,0.574761145565241,0.760444466140679,4.312909770378723,0.8721752166748047
87,cycle42_best_rmse,54106364.53640106,64520782.08921926,118627146.62562032,0.4561044084382918,0.5438955915617082,5781265.257142169,2045158.1741573655,0.45236222805899456,0.6838489896522745,2.8268059312938636,1.0393933057785034
87,cycle42_best_comp,54119105.51906106,64509551.41742432,118628656.93648538,0.4562060038160662,0.5437939961839338,5784336.433071661,2017135.4261886068,0.45260253600620554,0.6840100226138099,2.8675994472028137,1.03983473777771
87,cycle42_best_strehl,54119105.51906106,64509551.41742432,118628656.93648538,0.4562060038160662,0.5437939961839338,5784336.433071661,2017135.4261886068,0.45260253600620554,0.6840100226138099,2.8675994472028137,1.03983473777771
87,cycle42_best_main_lobe,53914031.56811739,64688694.060349576,118602725.62846696,0.45457666577585776,0.5454233342241422,5716028.188234242,2031493.3499748148,0.44725767316821685,0.6814180980711347,2.813707555727468,1.0463221073150635
87,ideal,79120339.95094915,42485202.868746355,121605542.8196955,0.6506310330628666,0.3493689669371334,12780167.968374692,945604.0406808642,1.0,1.0,13.515348304954973,0.0
88,before,42430716.51371933,74430803.5282214,116861520.04194072,0.36308544077204596,0.6369145592279541,3342954.4777577417,2710873.3668205095,0.2615735948095586,0.5362807659828605,1.233165118914639,2.2667534351348877
88,comp0p3_best_rmse,51702510.36471275,66649459.04994976,118351969.41466251,0.4368538235605176,0.5631461764394824,4993406.06777356,2142959.2760734167,0.3907152143954641,0.6534667368310836,2.3301451051944717,1.0041837692260742
88,cycle41_best_strehl,52264234.205107994,66012197.13345692,118276431.33856492,0.44188206909542466,0.5581179309045753,4291355.03129132,2136788.8778248844,0.3357823654517328,0.6605663504164585,2.008319621945827,1.1553013324737549
88,cycle42_best_rmse,45882057.85869789,71732550.97497787,117614608.83367576,0.39010509250242736,0.6098949074975727,4256843.006852223,2746666.8957276423,0.33308192954787774,0.5799021830182047,1.5498213538283852,1.3981493711471558
88,cycle42_best_comp,43828310.29092409,73569308.70972757,117397619.00065166,0.37333219075491475,0.6266678092450852,4090676.4111971445,2870907.6448629256,0.3200800193956585,0.5539449188172796,1.4248721718780535,1.479140043258667
88,cycle42_best_strehl,43828310.29092409,73569308.70972757,117397619.00065166,0.37333219075491475,0.6266678092450852,4090676.4111971445,2870907.6448629256,0.3200800193956585,0.5539449188172796,1.4248721718780535,1.479140043258667
88,cycle42_best_main_lobe,45371964.705846004,72207228.28296137,117579192.98880738,0.3858843010613711,0.6141156989386288,3880851.6564594936,2795920.5509432293,0.3036620227576741,0.5734551284028161,1.388040749280323,1.3472487926483154
88,ideal,79120339.95094915,42485202.868746355,121605542.8196955,0.6506310330628666,0.3493689669371334,12780167.968374692,945604.0406808642,1.0,1.0,13.515348304954973,0.0
89,before,25722912.79207767,89948016.19138828,115670928.98346595,0.22238010032541983,0.7776198996745801,2879157.0298552476,2879157.0298552476,0.22528319165913138,0.3251112521511492,1.0,1.9248631000518799
89,comp0p3_best_rmse,43671311.57633458,73613467.6201141,117284779.19644868,0.37235276286948005,0.62764723713052,4294770.597821645,3276790.1014399603,0.33604962066612254,0.5519606159858352,1.310663931734395,1.3507347106933594
89,cycle41_best_strehl,41518800.838054165,75615971.10929883,117134771.94735299,0.35445325199177463,0.6455467480082253,3933813.2661217013,3530685.129608236,0.30780606920473685,0.524755086540248,1.1141784446120224,1.3448631763458252
89,cycle42_best_rmse,35564324.47075585,80981671.64563364,116545996.1163895,0.3051526921202791,0.6948473078797208,3854644.023800385,3402697.034101176,0.3016113742275483,0.4494966084928862,1.1328202261823146,1.6646437644958496
89,cycle42_best_comp,35661272.600856945,80887558.28573763,116548830.88659458,0.30597709414654195,0.694022905853458,3971822.0831648093,3409363.190507039,0.3107801159572649,0.45072193348720746,1.164974765441203,1.661446213722229
89,cycle42_best_strehl,35661272.600856945,80887558.28573763,116548830.88659458,0.30597709414654195,0.694022905853458,3971822.0831648093,3409363.190507039,0.3107801159572649,0.45072193348720746,1.164974765441203,1.661446213722229
89,cycle42_best_main_lobe,36531636.03775636,80067458.40760124,116599094.44535759,0.3133097749303393,0.6866902250696608,4306099.587274022,3485670.1282553906,0.336936071413907,0.4617224352221469,1.2353720888181878,1.59853196144104
89,ideal,79120339.95094915,42485202.868746355,121605542.8196955,0.6506310330628666,0.3493689669371334,12780167.968374692,945604.0406808642,1.0,1.0,13.515348304954973,0.0
90,before,32643006.89657158,83522031.5366691,116165038.43324068,0.2810054327604885,0.7189945672395115,2850414.374546626,2850414.374546626,0.223034187156237,0.41257414865518394,1.0,2.0795540809631348
90,comp0p3_best_rmse,49237545.362527885,68827322.21670455,118064867.57923242,0.41703807722043096,0.5829619227795692,4352320.353954917,2359617.1320542716,0.34055267229077113,0.6223121057499604,1.844502777518744,1.1972601413726807
90,cycle41_best_strehl,56552974.32062188,62387742.80249204,118940717.12311392,0.4754719467689493,0.5245280532310507,6596078.455709237,1727451.707734587,0.5161182914052176,0.7147716295921129,3.8183866015909986,1.0775264501571655
90,cycle42_best_rmse,48935667.34767846,69120902.94410631,118056570.29178478,0.41451032523417086,0.5854896747658291,4557678.241925486,2083576.3922067336,0.3566211534311396,0.6184966770620077,2.187430352432824,1.3059160709381104
90,cycle42_best_comp,48351468.5333568,69641096.41174611,117992564.94510292,0.40978402796695496,0.5902159720330451,4427351.8005037,2128447.869665358,0.3464236003360404,0.6111130028426623,2.080084677478985,1.3230814933776855
90,cycle42_best_strehl,48351468.5333568,69641096.41174611,117992564.94510292,0.40978402796695496,0.5902159720330451,4427351.8005037,2128447.869665358,0.3464236003360404,0.6111130028426623,2.080084677478985,1.3230814933776855
90,cycle42_best_main_lobe,46779234.081281565,71031680.62454963,117810914.70583118,0.3970704598813048,0.6029295401186953,4010859.407599067,2279841.3149441755,0.31383463953871216,0.5912415708815517,1.7592713059931882,1.3817864656448364
90,ideal,79120339.95094915,42485202.868746355,121605542.8196955,0.6506310330628666,0.3493689669371334,12780167.968374692,945604.0406808642,1.0,1.0,13.515348304954973,0.0
91,before,33062347.841681067,83375746.78582598,116438094.62750705,0.2839478604270333,0.7160521395729668,2951988.7076290096,2878600.195331372,0.23098199608439313,0.41787418838415197,1.0254945137628568,1.545615792274475
91,comp0p3_best_rmse,64108747.365901224,55926892.54390218,120035639.9098034,0.5340809397448417,0.46591906025515833,9915147.98054573,1311421.46048259,0.7758229786244883,0.8102688563477559,7.560611351363012,1.0835026502609253
91,cycle41_best_strehl,63041511.11897676,56887829.48994206,119929340.60891882,0.5256554467730354,0.4743445532269646,9741432.23369722,1430762.0511315279,0.7622303758294093,0.796780084085325,6.808562070816138,1.1223998069763184
91,cycle42_best_rmse,63527696.63683764,56460556.9199032,119988253.55674084,0.5294492981914788,0.47055070180852127,9891178.327034684,1365246.7755400331,0.7739474435321203,0.8029249706993397,7.244974684611255,1.1152039766311646
91,cycle42_best_comp,63633548.57853588,56349461.19966597,119983009.77820185,0.5303546618489364,0.4696453381510636,9806372.454715544,1361035.711882211,0.7673117034910663,0.8042628307459959,7.205080931457751,1.1170392036437988
91,cycle42_best_strehl,63633548.57853588,56349461.19966597,119983009.77820185,0.5303546618489364,0.4696453381510636,9806372.454715544,1361035.711882211,0.7673117034910663,0.8042628307459959,7.205080931457751,1.1170392036437988
91,cycle42_best_main_lobe,63657772.20634698,56336526.451596476,119994298.65794346,0.5305066400513765,0.4694933599486235,9867271.165134866,1349553.836735959,0.7720767981729217,0.8045689925727287,7.3115061411702715,1.1093614101409912
91,ideal,79120339.95094915,42485202.868746355,121605542.8196955,0.6506310330628666,0.3493689669371334,12780167.968374692,945604.0406808642,1.0,1.0,13.515348304954973,0.0
92,before,50451256.3046918,67031148.999786444,117482405.30447824,0.4294366988310945,0.5705633011689055,4307553.105601768,2082425.815374138,0.33704980374757765,0.6376521680261887,2.0685265586893684,1.9911350011825562
92,comp0p3_best_rmse,63909292.33598469,55954088.855420455,119863381.19140515,0.5331844613487955,0.46681553865120456,9009000.472409967,1543976.3321431188,0.7049203496153799,0.8077479492075669,5.8349343088083545,1.0111087560653687
92,cycle41_best_strehl,64029107.04467361,55894964.48944384,119924071.53411745,0.5339137191189997,0.46608628088100035,9343890.59748376,1564378.4474964999,0.7311242403547269,0.8092622843173906,5.972909312600758,0.9746800661087036
92,cycle42_best_rmse,64120871.00884116,55822534.43198028,119943405.44082144,0.5345927170666968,0.4654072829333032,9427797.654671771,1593726.3911689462,0.7376896514976512,0.8104220867679923,5.915568510951739,0.9715197086334229
92,cycle42_best_comp,64230758.08726885,55725073.750664316,119955831.83793317,0.5354534006654057,0.46454659933459436,9454175.269175697,1590422.7851427335,0.7397536004668039,0.8118109468069635,5.944441539377988,0.968422532081604
92,cycle42_best_strehl,64230758.08726885,55725073.750664316,119955831.83793317,0.5354534006654057,0.46454659933459436,9454175.269175697,1590422.7851427335,0.7397536004668039,0.8118109468069635,5.944441539377988,0.968422532081604
92,cycle42_best_main_lobe,64235310.28601399,55721564.78743166,119956875.07344565,0.5354866925858549,0.4645133074141451,9459295.460224342,1589553.5464469031,0.7401542361283473,0.8118684819331772,5.95091337524836,0.9687429666519165
92,ideal,79120339.95094915,42485202.868746355,121605542.8196955,0.6506310330628666,0.3493689669371334,12780167.968374692,945604.0406808642,1.0,1.0,13.515348304954973,0.0
93,before,61900371.409307584,57424434.06233059,119324805.47163817,0.5187552677303164,0.4812447322696836,6763156.938548355,1608382.2738265821,0.5291915532944639,0.7823572478035721,4.2049437180489395,0.9088900089263916
93,comp0p3_best_rmse,63726441.28001082,56042020.635365054,119768461.91537587,0.5320803178138637,0.46791968218613633,8323578.279207716,1718910.85585088,0.651288645016632,0.8054368992792269,4.842355990059445,0.6922985911369324
93,cycle41_best_strehl,63601282.96922034,56133940.9103211,119735223.87954144,0.5311827289286722,0.4688172710713278,8163931.089841051,1731878.6486491936,0.6387968538475549,0.8038550265159391,4.713916356788993,0.7062219977378845
93,cycle42_best_rmse,63356961.50456091,56361189.845145635,119718151.34970655,0.5292176732623446,0.47078232673765547,8179001.123617526,1687937.0838021035,0.639976027221001,0.8007670536279194,4.845560419345847,0.7078757882118225
93,cycle42_best_comp,63436596.015042655,56293409.66257035,119730005.677613,0.5298303934425016,0.47016960655749834,8215101.0711168265,1697807.6881672337,0.6428007121225321,0.8017735522164128,4.838652297531381,0.703803300857544
93,cycle42_best_strehl,63436596.015042655,56293409.66257035,119730005.677613,0.5298303934425016,0.47016960655749834,8215101.0711168265,1697807.6881672337,0.6428007121225321,0.8017735522164128,4.838652297531381,0.703803300857544
93,cycle42_best_main_lobe,63528307.27252323,56212602.66022403,119740909.93274726,0.5305480583720639,0.4694519416279362,8242482.671874886,1677517.2460693931,0.6449432192340049,0.8029326885085145,4.913501003454914,0.7017767429351807
93,ideal,79120339.95094915,42485202.868746355,121605542.8196955,0.6506310330628666,0.3493689669371334,12780167.968374692,945604.0406808642,1.0,1.0,13.515348304954973,0.0
94,before,41117368.75156197,75754194.88581008,116871563.63737205,0.3518167077762435,0.6481832922237565,3130807.880977732,3066598.214092831,0.2449739227782536,0.5196813964279322,1.0209384022301389,2.277463912963867
94,comp0p3_best_rmse,59024879.575943775,59968150.32579342,118993029.9017372,0.49603644536731023,0.5039635546326898,5755196.479728652,1541230.4360070818,0.4503224444287617,0.7460139783592487,3.734157037956528,1.0924495458602905
94,cycle41_best_strehl,58595673.635245256,60448247.50326683,119043921.13851209,0.49221894805587746,0.5077810519441225,6303944.403018197,2039761.7864842755,0.49325990226558003,0.7405892551974851,3.0905297102774183,1.1121426820755005
94,cycle42_best_rmse,74758680.5006786,46306764.478983,121065444.9796616,0.6175063455409402,0.3824936544590598,11430855.370110778,892325.3711481029,0.8944213721131936,0.9448730951740782,12.810187561296576,0.37546664476394653
94,cycle42_best_comp,74746504.73000835,46314215.85915199,121060720.58916034,0.6174298679723956,0.3825701320276043,11407854.443174751,883587.3458328929,0.8926216362260798,0.9447192059127606,12.91083954175623,0.3765322268009186
94,cycle42_best_strehl,74746504.73000835,46314215.85915199,121060720.58916034,0.6174298679723956,0.3825701320276043,11407854.443174751,883587.3458328929,0.8926216362260798,0.9447192059127606,12.91083954175623,0.3765322268009186
94,cycle42_best_main_lobe,74518023.00096357,46512945.45569542,121030968.45665899,0.6156938505176744,0.38430614948232555,11336163.836612666,877721.2699704336,0.88701211632466,0.9418314310474551,12.915448473744439,0.3769441246986389
94,ideal,79120339.95094915,42485202.868746355,121605542.8196955,0.6506310330628666,0.3493689669371334,12780167.968374692,945604.0406808642,1.0,1.0,13.515348304954973,0.0
95,before,60460866.20516483,58934546.303043,119395412.50820783,0.5063918699640864,0.49360813003591364,7608778.952380325,1115701.6191021379,0.5953582903768334,0.7641633774911444,6.819725652548123,1.2520368099212646
95,comp0p3_best_rmse,61358904.0817789,58233996.282788664,119592900.36456756,0.5130647713596052,0.48693522864039485,8436293.520728746,1109357.4097047995,0.6601081880617587,0.775513655778255,7.604666852113646,1.2048580646514893
95,cycle41_best_strehl,61841335.31827541,57916210.84473817,119757546.16301358,0.5163877960065847,0.4836122039934153,9274446.534140985,1039816.924033168,0.7256905039973787,0.7816110921238976,8.91930715857934,1.137641191482544
95,cycle42_best_rmse,58431593.69118022,60864665.60609423,119296259.29727446,0.4898023964487812,0.5101976035512188,7966427.746501778,1098284.1395973363,0.6233429612361271,0.7385154528836079,7.253521615474214,1.2575840950012207
95,cycle42_best_comp,58078559.44569228,61174493.1984602,119253052.64415248,0.48701947797510015,0.5129805220248999,7862601.08283244,1102736.0678130954,0.6152189159241825,0.7340534618746358,7.130084262524625,1.265555500984192
95,cycle42_best_strehl,58078559.44569228,61174493.1984602,119253052.64415248,0.48701947797510015,0.5129805220248999,7862601.08283244,1102736.0678130954,0.6152189159241825,0.7340534618746358,7.130084262524625,1.265555500984192
95,cycle42_best_main_lobe,58056865.95834144,61191624.37443363,119248490.33277507,0.48685619244594075,0.5131438075540593,7839294.468133384,1124509.7186363598,0.6133952611211526,0.7337792784299706,6.971299881373839,1.2778348922729492
95,ideal,79120339.95094915,42485202.868746355,121605542.8196955,0.6506310330628666,0.3493689669371334,12780167.968374692,945604.0406808642,1.0,1.0,13.515348304954973,0.0
96,before,45875274.279635236,71754385.84015952,117629660.11979476,0.38999750771119784,0.6100024922888022,3715671.191745431,2847262.001615666,0.2907372736367853,0.579816445531904,1.3049979909249625,1.25081467628479
96,comp0p3_best_rmse,50645014.21623337,67562127.56231648,118207141.77854985,0.42844293038666076,0.5715570696133392,4872376.887863072,3252154.4228805546,0.38124513699037965,0.6401010694295661,1.4981997329473136,1.137839674949646
96,cycle41_best_strehl,50815872.06599758,67375133.0453797,118191005.11137728,0.4299470337705585,0.5700529662294415,4690986.521048449,3266470.2006752966,0.36705202409362553,0.6422605375242448,1.436102652973431,1.141385555267334
96,cycle42_best_rmse,46641364.53058544,70949059.7389172,117590424.26950264,0.39664253973341596,0.6033574602665841,4576437.846203063,3829593.605729743,0.35808902179750207,0.5894990410746576,1.195019189335367,1.489611029624939
96,cycle42_best_comp,46805239.4182643,70799327.13901223,117604566.55727653,0.3979882821596805,0.6020117178403195,4690578.536162823,3849880.9133012164,0.3670201008132246,0.5915702516859929,1.218369773453777,1.4758094549179077
96,cycle42_best_strehl,46805239.4182643,70799327.13901223,117604566.55727653,0.3979882821596805,0.6020117178403195,4690578.536162823,3849880.9133012164,0.3670201008132246,0.5915702516859929,1.218369773453777,1.4758094549179077
96,cycle42_best_main_lobe,48323900.44262353,69394875.45961624,117718775.90223978,0.4105029131695558,0.5894970868304441,4600926.298332868,3714426.0518980343,0.36000515092744806,0.6107645704326101,1.2386641257757283,1.488489031791687
96,ideal,79120339.95094915,42485202.868746355,121605542.8196955,0.6506310330628666,0.3493689669371334,12780167.968374692,945604.0406808642,1.0,1.0,13.515348304954973,0.0
97,before,55986076.02339532,62115546.34019358,118101622.3635889,0.47405001644292405,0.525949983557076,5823757.038681527,2687538.500068288,0.455687049895805,0.707606616176119,2.1669483203807314,1.7774622440338135
97,comp0p3_best_rmse,45607513.246957704,72021478.97509816,117628992.22205587,0.3877234037749932,0.6122765962250067,3958902.4007763295,3910118.210184457,0.3097691994794494,0.5764322205292873,1.0124763978911961,1.262780785560608
97,cycle41_best_strehl,50418550.725226365,67891709.0861088,118310259.81133518,0.42615535462120435,0.5738446453787955,5863141.689768744,3031742.625644121,0.45876875047944965,0.637238803024399,1.9339180180319782,1.6085511445999146
97,cycle42_best_rmse,58152434.65219822,61293015.65936033,119445450.31155854,0.48685349254002436,0.5131465074599757,9069623.380534848,1633205.9895224094,0.7096638638066562,0.734987168764062,5.5532636046644885,1.437637448310852
97,cycle42_best_comp,57588098.193552494,61797541.649906486,119385639.84345898,0.48237039453876734,0.5176296054612326,8955936.45807207,1614084.4091570552,0.700768290388208,0.7278545343618895,5.5486171647920495,1.457719326019287
97,cycle42_best_strehl,57588098.193552494,61797541.649906486,119385639.84345898,0.48237039453876734,0.5176296054612326,8955936.45807207,1614084.4091570552,0.700768290388208,0.7278545343618895,5.5486171647920495,1.457719326019287
97,cycle42_best_main_lobe,57913660.39306034,61544882.539067596,119458542.93212794,0.4848013291604001,0.5151986708395999,9265510.063266773,1584540.99953359,0.7249912588155997,0.7319693068680451,5.8474410356021576,1.4339325428009033
97,ideal,79120339.95094915,42485202.868746355,121605542.8196955,0.6506310330628666,0.3493689669371334,12780167.968374692,945604.0406808642,1.0,1.0,13.515348304954973,0.0
98,before,33602222.3564145,82786294.01648322,116388516.37289771,0.2887073691081015,0.7112926308918985,4402122.230948625,4402122.230948625,0.34444948155939314,0.4246976488883425,1.0,1.6324042081832886
98,comp0p3_best_rmse,46840115.07304247,70923852.98239242,117763968.05543488,0.3977457268677757,0.6022542731322242,3884863.7482284424,3446990.284371111,0.3039759538248461,0.5920110442154459,1.1270306637772318,1.1672745943069458
98,cycle41_best_strehl,49893242.02824199,68333737.90866034,118226979.93690233,0.42201231947961443,0.5779876805203855,5406018.0304387,1827347.7989718388,0.42300054614432475,0.6305994395268452,2.958395787315588,1.6053439378738403
98,cycle42_best_rmse,37628881.44369061,79184292.57503626,116813174.01872687,0.32212874754741405,0.677871252452586,3868798.7662942465,2835002.4958169106,0.30271892950607737,0.47559049249559254,1.3646544481010927,1.8644334077835083
98,cycle42_best_comp,36909184.67575919,79919480.25743625,116828664.93319544,0.3159257592891648,0.6840742407108351,3113536.7319401135,2633855.514939597,0.24362252042733326,0.46649426302567876,1.1821213101021288,1.9457347393035889
98,cycle42_best_strehl,36909184.67575919,79919480.25743625,116828664.93319544,0.3159257592891648,0.6840742407108351,3113536.7319401135,2633855.514939597,0.24362252042733326,0.46649426302567876,1.1821213101021288,1.9457347393035889
98,cycle42_best_main_lobe,37441498.76239561,79426346.97302285,116867845.73541847,0.3203746807069657,0.6796253192930343,3302732.5022769044,2640684.2013078085,0.2584263767463556,0.47322216746803114,1.2507108955479092,1.9119676351547241
98,ideal,79120339.95094915,42485202.868746355,121605542.8196955,0.6506310330628666,0.3493689669371334,12780167.968374692,945604.0406808642,1.0,1.0,13.515348304954973,0.0
99,before,62047313.680616535,56885429.78496816,118932743.4655847,0.5217008527056388,0.4782991472943611,8444714.352079824,1533602.5550347187,0.6607670863932921,0.7842144474996305,5.50645558352545,1.3007444143295288
99,comp0p3_best_rmse,67205000.72923253,53092411.018291935,120297411.74752447,0.558657079591037,0.44134292040896295,10101821.700549176,808298.2385961862,0.790429494005615,0.8494023252541185,12.497641610717274,0.8591195940971375
99,cycle41_best_strehl,67352560.67867503,52932115.730794266,120284676.40946929,0.5599429843365548,0.4400570156634452,9952636.460556047,837495.1954633454,0.778756310964336,0.8512673317686756,11.883813202116027,0.8644387722015381
99,cycle42_best_rmse,66956980.66987097,53307096.60900678,120264077.27887775,0.5567496311854278,0.4432503688145722,10011396.61533954,802522.5376970661,0.7833540717237327,0.8462676059200595,12.474910230020996,0.8669652938842773
99,cycle42_best_comp,67143148.49608244,53135825.83955011,120278974.33563255,0.558228475649641,0.44177152435035905,10015829.677036542,818701.7109664031,0.7837009421019603,0.8486205764245706,12.233795951414056,0.8643099665641785
99,cycle42_best_strehl,67143148.49608244,53135825.83955011,120278974.33563255,0.558228475649641,0.44177152435035905,10015829.677036542,818701.7109664031,0.7837009421019603,0.8486205764245706,12.233795951414056,0.8643099665641785
99,cycle42_best_main_lobe,67006706.46666741,53247707.6012813,120254414.06794871,0.5572078745384419,0.44279212546155805,9925193.864757372,837463.521013292,0.7766090312207063,0.8468960890234849,11.851493964475429,0.873516857624054
99,ideal,79120339.95094915,42485202.868746355,121605542.8196955,0.6506310330628666,0.3493689669371334,12780167.968374692,945604.0406808642,1.0,1.0,13.515348304954973,0.0
100,before,43695331.44050635,73419534.30122545,117114865.7417318,0.37309807908473136,0.6269019209152686,3924346.514302336,2146580.421799724,0.3070653315365942,0.5522642024490211,1.8281851797623812,1.6651360988616943
100,comp0p3_best_rmse,65332503.244444825,54593672.00810029,119926175.25254512,0.5447726745797166,0.4552273254202834,8698375.29461136,1261751.1593154564,0.6806150995930588,0.8257358763239373,6.893891264051249,0.6642150282859802
100,cycle41_best_strehl,66046454.33084487,53972397.36350278,120018851.69434765,0.5503006685903442,0.44969933140965584,8938798.153929155,1134460.397446287,0.6994272826498649,0.8347594862685188,7.8793390884782974,0.6418492794036865
100,cycle42_best_rmse,67269852.9243758,52893593.36885086,120163446.29322666,0.559819604043494,0.44018039595650604,9279184.36445188,1123323.3467364432,0.7260612213715649,0.850221990528351,8.260474948206506,0.6225904822349548
100,cycle42_best_comp,67436822.05750299,52745647.77797456,120182469.83547755,0.5611202877576061,0.4388797122423938,9318870.078902448,1098113.181576907,0.7291664790292711,0.8523323092306051,8.486256458118834,0.6199831962585449
100,cycle42_best_strehl,67436822.05750299,52745647.77797456,120182469.83547755,0.5611202877576061,0.4388797122423938,9318870.078902448,1098113.181576907,0.7291664790292711,0.8523323092306051,8.486256458118834,0.6199831962585449
100,cycle42_best_main_lobe,67069856.56690991,53068341.20345399,120138197.7703639,0.5582725378909832,0.4417274621090168,9214714.774862247,1142313.396726297,0.7210167188463111,0.8476942415627895,8.06671339167541,0.6282578706741333
100,ideal,79120339.95094915,42485202.868746355,121605542.8196955,0.6506310330628666,0.3493689669371334,12780167.968374692,945604.0406808642,1.0,1.0,13.515348304954973,0.0
101,before,46853374.45836611,70397363.9376943,117250738.3960604,0.39959982426806084,0.6004001757319392,7418329.927635581,4629630.213318398,0.5804563716214601,0.5921786292552962,1.6023590623490243,1.7698224782943726
101,comp0p3_best_rmse,70973728.48500842,49705705.33880085,120679433.82380927,0.5881178444094238,0.41188215559057617,10755446.959749466,837643.4671515803,0.8415732082993336,0.8970351812063593,12.84012516246743,0.6435031890869141
101,cycle41_best_strehl,71917750.19985949,48873333.96551825,120791084.16537774,0.5953895579030924,0.4046104420969075,11015233.736004002,822619.1751782831,0.8619005449116062,0.9089666480761467,13.390441249581512,0.5993227362632751
101,cycle42_best_rmse,72442703.74592482,48412071.756789416,120854775.50271423,0.5994194556614592,0.40058054433854084,11173931.33960466,855170.5145098857,0.8743180345716299,0.9156015228301073,13.066319698836496,0.5933207273483276
101,cycle42_best_comp,72622717.34251544,48253916.20226528,120876633.54478072,0.6008002970699144,0.39919970293008555,11227439.851565931,857714.7879442133,0.8785048740633862,0.9178767101801898,13.089945526619713,0.5843124985694885
101,cycle42_best_strehl,72622717.34251544,48253916.20226528,120876633.54478072,0.6008002970699144,0.39919970293008555,11227439.851565931,857714.7879442133,0.8785048740633862,0.9178767101801898,13.089945526619713,0.5843124985694885
101,cycle42_best_main_lobe,72470017.89216752,48388242.926241174,120858260.8184087,0.5996281710610977,0.4003718289389024,11183183.590383012,856159.1653542464,0.8750419883413492,0.9159467456420877,13.062038044942067,0.5897701978683472
101,ideal,79120339.95094915,42485202.868746355,121605542.8196955,0.6506310330628666,0.3493689669371334,12780167.968374692,945604.0406808642,1.0,1.0,13.515348304954973,0.0
102,before,50856376.26709264,66914829.99652464,117771206.26361728,0.43182351510654055,0.5681764848934595,3491076.8542327518,1927937.774216114,0.2731636127844043,0.6427724691099808,1.8107829520857845,1.6985690593719482
102,comp0p3_best_rmse,63769394.08936317,56074300.99791993,119843695.0872831,0.5321047055743685,0.4678952944256315,8838000.22171044,2026524.5194900262,0.6915402241645503,0.805979778763554,4.361161257468781,0.9047355055809021
102,cycle41_best_strehl,62586556.616344936,57150214.122332655,119736770.73867759,0.5227012239451361,0.47729877605486387,8720917.198962158,2097441.23253864,0.6823789186920391,0.7910299254925551,4.157883931940628,0.9202932715415955
102,cycle42_best_rmse,68467959.5507405,51924781.734013006,120392741.2847535,0.5687050466672218,0.43129495333277823,10080269.13600297,1328671.9371233662,0.7887430870194518,0.865364830247031,7.5867254017776595,0.7017924785614014
102,cycle42_best_comp,68726054.77642891,51688563.94030392,120414618.71673283,0.5707451097619821,0.4292548902380179,10095679.711858528,1217740.9882700823,0.7899489065277472,0.8686268893565902,8.290498397529024,0.6830407381057739
102,cycle42_best_strehl,68726054.77642891,51688563.94030392,120414618.71673283,0.5707451097619821,0.4292548902380179,10095679.711858528,1217740.9882700823,0.7899489065277472,0.8686268893565902,8.290498397529024,0.6830407381057739
102,cycle42_best_main_lobe,68156932.97127229,52205414.51562284,120362347.48689513,0.5662645702277709,0.4337354297722291,10038188.174007108,1385033.6984378118,0.7854504102643424,0.8614337730794174,7.247612953626503,0.7149235010147095
102,ideal,79120339.95094915,42485202.868746355,121605542.8196955,0.6506310330628666,0.3493689669371334,12780167.968374692,945604.0406808642,1.0,1.0,13.515348304954973,0.0
103,before,45860802.75656337,71271129.86548164,117131932.62204503,0.3915311711328501,0.6084688288671499,4547765.992648054,3876017.396048669,0.35584555726511413,0.5796335403133365,1.1733089736088869,2.0304112434387207
103,comp0p3_best_rmse,64357094.06838798,55435257.03396035,119792351.10234833,0.5372387592042708,0.46276124079572917,8211465.609821999,1562670.8621706825,0.6425162509711746,0.8134077041161137,5.25476337250928,0.7602217793464661
103,cycle41_best_strehl,65737864.571807206,54248228.53961457,119986093.11142178,0.5478790322038534,0.4521209677961466,8788471.080159014,1409007.1293016889,0.687664755416879,0.8308592280134484,6.237350328038883,0.6904924511909485
103,cycle42_best_rmse,73515969.01009595,47390023.92230083,120905992.93239678,0.6080423908449399,0.39195760915506006,10971971.860273808,918340.9077475908,0.8585154661053458,0.9291664956908977,11.94760221145402,0.42895960807800293
103,cycle42_best_comp,73398334.97151464,47492549.62382549,120890884.59534013,0.6071453213135298,0.3928546786864701,10930669.969201207,917801.2200764841,0.8552837487151828,0.927679722016085,11.909626758058035,0.4342133700847626
103,cycle42_best_strehl,73398334.97151464,47492549.62382549,120890884.59534013,0.6071453213135298,0.3928546786864701,10930669.969201207,917801.2200764841,0.8552837487151828,0.927679722016085,11.909626758058035,0.4342133700847626
103,cycle42_best_main_lobe,74647248.78664036,46398398.91202696,121045647.69866732,0.6166867640914132,0.38331323590858685,11325198.55336055,939071.3914758682,0.8861541242169467,0.9434647125242145,12.05999741463914,0.3785831332206726
103,ideal,79120339.95094915,42485202.868746355,121605542.8196955,0.6506310330628666,0.3493689669371334,12780167.968374692,945604.0406808642,1.0,1.0,13.515348304954973,0.0
104,before,43402068.58316236,73560480.5231049,116962549.10626727,0.3710766302103168,0.6289233697896831,3815011.1069372846,2896242.439948896,0.2985102477821702,0.5485576605215496,1.3172278170899947,1.9493188858032227
104,comp0p3_best_rmse,62446536.63117109,57014474.319763094,119461010.95093419,0.5227357121297052,0.4772642878702948,7039083.892323711,1652095.116109847,0.550781797996893,0.7892602163980208,4.260701350475808,0.9071498513221741
104,cycle41_best_strehl,65270981.74830912,54814848.789270416,120085830.53757954,0.5435360812854876,0.4564639187145124,9704531.399211135,814809.4924088977,0.7593430245381432,0.8249583076712516,11.910184515058505,0.955096960067749
104,cycle42_best_rmse,69327239.82392368,51120991.26388097,120448231.08780465,0.5755770690678332,0.4244229309321667,10086318.019897338,985466.335288943,0.7892163893977411,0.8762252521526483,10.235071111729033,0.8578365445137024
104,cycle42_best_comp,68987605.65943263,51410557.30556676,120398162.9649994,0.572995500599854,0.42700449940014595,9929991.37620449,986785.921516235,0.7769844184189802,0.871932624432626,10.062964174586796,0.8730124831199646
104,cycle42_best_strehl,68987605.65943263,51410557.30556676,120398162.9649994,0.572995500599854,0.42700449940014595,9929991.37620449,986785.921516235,0.7769844184189802,0.871932624432626,10.062964174586796,0.8730124831199646
104,cycle42_best_main_lobe,69109526.13700683,51284101.217556626,120393627.35456346,0.5740297693122648,0.4259702306877352,9842247.70063678,1005868.4107460626,0.7701188063405758,0.873473574302783,9.78482632070798,0.8764816522598267
104,ideal,79120339.95094915,42485202.868746355,121605542.8196955,0.6506310330628666,0.3493689669371334,12780167.968374692,945604.0406808642,1.0,1.0,13.515348304954973,0.0
105,before,43451201.57012743,73621147.19077963,117072348.76090705,0.37114828591050447,0.6288517140894955,4400181.3255837485,2174636.309150262,0.3442976130260781,0.5491786511163262,2.0234102167194647,2.1906938552856445
105,comp0p3_best_rmse,76586817.46525425,44713659.43160421,121300476.89685845,0.6313810087521409,0.36861899124785913,12045584.530198114,917894.1443371989,0.9425216131748543,0.9679788725975449,13.123065011920406,0.2858346402645111
105,cycle41_best_strehl,76340700.76759253,44925667.69465986,121266368.4622524,0.629529042022527,0.370470957977473,11949443.023840724,935599.9015134214,0.9349989024722016,0.9648682098044592,12.7719584028508,0.305783748626709
105,cycle42_best_rmse,76504094.10566944,44781590.14473748,121285684.25040692,0.630775961553045,0.36922403844695495,11993751.776246889,901392.4948235102,0.9384658954347206,0.9669333341224058,13.305803903542849,0.28088700771331787
105,cycle42_best_comp,76540509.3742689,44751434.72406937,121291944.09833828,0.6310436356120499,0.3689563643879501,12015875.43880654,894587.2041413793,0.9401969886890813,0.9673935857924825,13.431754202587015,0.276837021112442
105,cycle42_best_strehl,76540509.3742689,44751434.72406937,121291944.09833828,0.6310436356120499,0.3689563643879501,12015875.43880654,894587.2041413793,0.9401969886890813,0.9673935857924825,13.431754202587015,0.276837021112442
105,cycle42_best_main_lobe,76774639.28293055,44544378.5510758,121319017.83400635,0.632832680758896,0.367167319241104,12076779.095098553,904228.6858048614,0.9449624703668436,0.9703527478588588,13.355890257284763,0.26492494344711304
105,ideal,79120339.95094915,42485202.868746355,121605542.8196955,0.6506310330628666,0.3493689669371334,12780167.968374692,945604.0406808642,1.0,1.0,13.515348304954973,0.0
106,before,39064328.96797699,77717026.68914044,116781355.65711743,0.3345082675925945,0.6654917324074054,4057504.9091464127,3702843.9671518505,0.31748447431887883,0.4937330778936872,1.0957806878012633,1.4759013652801514
106,comp0p3_best_rmse,61379053.844679415,58153893.98519243,119532947.82987185,0.5134906731492863,0.4865093268507137,8010935.092302103,2193667.35120095,0.6268254933836278,0.7757683281281591,3.6518458862581964,0.8787568211555481
106,cycle41_best_strehl,62759608.52188086,56927266.370478265,119686874.89235912,0.5243650030826185,0.4756349969173816,8327915.356764071,2020493.216659145,0.6516280049974309,0.793217124203319,4.12172398704419,0.8467627167701721
106,cycle42_best_rmse,65055627.741488464,54888216.81134183,119943844.5528303,0.5423840463345675,0.4576159536654325,8857278.303237885,1915868.597632985,0.6930486614225856,0.8222364537591706,4.623113669789705,0.7697693705558777
106,cycle42_best_comp,65410148.45910317,54573198.38703607,119983346.84613924,0.5451602258018517,0.4548397741981482,8941213.746337766,1886944.9199907545,0.6996162936561825,0.8267172322522167,4.738460381971072,0.7600067257881165
106,cycle42_best_strehl,65410148.45910317,54573198.38703607,119983346.84613924,0.5451602258018517,0.4548397741981482,8941213.746337766,1886944.9199907545,0.6996162936561825,0.8267172322522167,4.738460381971072,0.7600067257881165
106,cycle42_best_main_lobe,64249719.527084365,55603714.84052779,119853434.36761215,0.5360690735821458,0.46393092641785416,8670292.15118654,1990579.973788392,0.678417699410658,0.8120505999710838,4.355661297388413,0.7983527183532715
106,ideal,79120339.95094915,42485202.868746355,121605542.8196955,0.6506310330628666,0.3493689669371334,12780167.968374692,945604.0406808642,1.0,1.0,13.515348304954973,0.0
107,before,51383907.55194363,66329436.57860221,117713344.13054584,0.43651726940114893,0.5634827305988511,5510900.948212783,1919245.9604775724,0.4312072393610041,0.6494399238400544,2.871388587860561,1.7865239381790161
107,comp0p3_best_rmse,61309180.98705196,58400468.077027746,119709649.0640797,0.5121490328171758,0.48785096718282417,9271470.318660691,1472386.0699082855,0.7254576263475967,0.7748852068262186,6.2969016809824945,1.1696960926055908
107,cycle41_best_strehl,58295285.58013974,60825656.45173496,119120942.0318747,0.48937898396187074,0.5106210160381293,7098634.995850797,2170100.6390619287,0.5554414475159328,0.7367926580735125,3.2711086610800364,1.3892161846160889
107,cycle42_best_rmse,57782858.94045577,61533157.880701624,119316016.8211574,0.48428417642424665,0.5157158235757533,8448084.703426756,1674372.136037558,0.6610308036899092,0.7303161105763499,5.045523943930022,1.2841440439224243
107,cycle42_best_comp,57972560.57650546,61364997.294352256,119337557.87085772,0.4857863828522536,0.5142136171477464,8494377.09463563,1662364.0755779755,0.6646530089162745,0.7327137448151221,5.109817530003036,1.2791489362716675
107,cycle42_best_strehl,57972560.57650546,61364997.294352256,119337557.87085772,0.4857863828522536,0.5142136171477464,8494377.09463563,1662364.0755779755,0.6646530089162745,0.7327137448151221,5.109817530003036,1.2791489362716675
107,cycle42_best_main_lobe,58364705.349385194,61017534.70266379,119382240.05204898,0.4888893467230888,0.5111106532769112,8586681.695099335,1592807.5736426562,0.6718754961865606,0.7376700528027121,5.390909634779112,1.2712079286575317
107,ideal,79120339.95094915,42485202.868746355,121605542.8196955,0.6506310330628666,0.3493689669371334,12780167.968374692,945604.0406808642,1.0,1.0,13.515348304954973,0.0
108,before,50607268.951318115,67503495.05519989,118110764.006518,0.4284729624517993,0.5715270375482008,6686337.083461239,2724022.739088335,0.5231806890180934,0.639624007969281,2.4545819634747232,1.3775664567947388
108,comp0p3_best_rmse,65620469.097303696,54506557.90015631,120127026.99746001,0.5462589954772725,0.45374100452272753,9807913.494175483,1219196.1846304229,0.7674322840236345,0.8293754695440549,8.044573644354516,0.9350568652153015
108,cycle41_best_strehl,65258419.21992607,54767684.92686296,120026104.14678903,0.5437018862173232,0.4562981137826769,9330277.370899446,1297483.9477697806,0.7300590566562027,0.824799530188864,7.191054183704604,0.9573020339012146
108,cycle42_best_rmse,64584181.332835235,55405599.24786463,119989780.58069986,0.5382473492348688,0.4617526507651312,9433493.119059505,1268643.180379764,0.7381353001308951,0.8162778543782087,7.43589156112093,0.9390943050384521
108,cycle42_best_comp,64489549.70680087,55487677.871483944,119977227.57828481,0.5375149185266981,0.462485081473302,9398651.967118287,1285638.0890697397,0.7354091112398388,0.8150818076209143,7.310495890736211,0.9423936009407043
108,cycle42_best_strehl,64489549.70680087,55487677.871483944,119977227.57828481,0.5375149185266981,0.462485081473302,9398651.967118287,1285638.0890697397,0.7354091112398388,0.8150818076209143,7.310495890736211,0.9423936009407043
108,cycle42_best_main_lobe,64062527.59084236,55862983.658977084,119925511.24981944,0.534185986978136,0.4658140130218639,9271859.701385334,1333081.89115219,0.725488094078976,0.8096846857654818,6.9552064002396845,0.9614583849906921
108,ideal,79120339.95094915,42485202.868746355,121605542.8196955,0.6506310330628666,0.3493689669371334,12780167.968374692,945604.0406808642,1.0,1.0,13.515348304954973,0.0
109,before,44426503.9022208,72841917.60899863,117268421.51121943,0.37884456300940644,0.6211554369905936,4008811.4378195354,2122439.6760230777,0.3136743936182674,0.5615054729259648,1.8887752067144954,2.103524684906006
109,comp0p3_best_rmse,60969214.18885402,58530593.26465594,119499807.45350996,0.5102034512697721,0.4897965487302279,8137934.821106828,2198461.397795736,0.636762743748333,0.7705883749570848,3.7016500854944474,0.9516133666038513
109,cycle41_best_strehl,61900318.364768825,57670143.35108485,119570461.71585368,0.5176890469141807,0.4823109530858193,8135665.334045001,2102123.0735150115,0.6365851649350152,0.7823565773749719,3.870213612393853,0.9225136041641235
109,cycle42_best_rmse,62507465.798394814,57156413.47435261,119663879.27274743,0.5223586781431582,0.47764132185684177,8440731.1120752,2009231.1805105475,0.6604554128679925,0.790030298620386,4.200975574115072,0.8849847912788391
109,cycle42_best_comp,62631768.53957334,57048587.410539016,119680355.95011236,0.5233253865461497,0.47667461345385026,8485514.368308336,2019158.1841290474,0.6639595339674925,0.7916013578607228,4.202501039792737,0.882440984249115
109,cycle42_best_strehl,62631768.53957334,57048587.410539016,119680355.95011236,0.5233253865461497,0.47667461345385026,8485514.368308336,2019158.1841290474,0.6639595339674925,0.7916013578607228,4.202501039792737,0.882440984249115
109,cycle42_best_main_lobe,62503044.78325861,57159241.38330812,119662286.16656673,0.5223286867196907,0.4776713132803093,8432309.088311914,2009814.5506851478,0.6597964212346957,0.7899744215205284,4.195565747813564,0.887134313583374
109,ideal,79120339.95094915,42485202.868746355,121605542.8196955,0.6506310330628666,0.3493689669371334,12780167.968374692,945604.0406808642,1.0,1.0,13.515348304954973,0.0
110,before,28776257.784676533,87139378.63714835,115915636.42182489,0.24825173439032655,0.7517482656096734,6558163.31131955,6558163.31131955,0.5131515741849502,0.36370240323179154,1.0,2.259493589401245
110,comp0p3_best_rmse,74196862.40475467,46831766.635758445,121028629.04051311,0.6130521595838123,0.3869478404161877,11421132.65476229,872412.3157120445,0.8936606062631244,0.937772290295431,13.09143904673171,0.41664600372314453
110,cycle41_best_strehl,74100190.91456431,46916213.97257896,121016404.88714327,0.6123152558007999,0.3876847441992,11391281.100749152,881377.8190897377,0.8913248346138779,0.9365504617460303,12.924401833159072,0.4311679005622864
110,cycle42_best_rmse,73960306.65763424,47043311.5617494,121003618.21938364,0.6112239265733501,0.3887760734266498,11378346.875403995,867033.931374773,0.8903127802044865,0.9347824681173782,13.123300557986738,0.436178058385849
110,cycle42_best_comp,73780851.09609999,47201232.63156733,120982083.72766732,0.6098493993720748,0.3901506006279251,11325623.246944873,861876.9785259096,0.8861873548900782,0.932514333758432,13.140649453609235,0.4392305314540863
110,cycle42_best_strehl,73780851.09609999,47201232.63156733,120982083.72766732,0.6098493993720748,0.3901506006279251,11325623.246944873,861876.9785259096,0.8861873548900782,0.932514333758432,13.140649453609235,0.4392305314540863
110,cycle42_best_main_lobe,73569980.71296167,47383647.74899827,120953628.46195994,0.6082494725331826,0.39175052746681743,11244095.298731057,842811.0153118634,0.8798081000621635,0.9298491482540592,13.341182180171709,0.4464036822319031
110,ideal,79120339.95094915,42485202.868746355,121605542.8196955,0.6506310330628666,0.3493689669371334,12780167.968374692,945604.0406808642,1.0,1.0,13.515348304954973,0.0
111,before,32919392.854832184,83443968.3328184,116363361.18765059,0.2829017013503547,0.7170982986496452,3802136.5681986776,3802136.5681986776,0.2975028636248989,0.41606738387677106,1.0,1.598373532295227
111,comp0p3_best_rmse,49444896.116644144,68574626.17864852,118019522.29529266,0.4189552300756627,0.5810447699243373,4237580.913045847,3169964.1528249783,0.3315747432687896,0.6249328067510533,1.3367914300448602,1.145963430404663
111,cycle41_best_strehl,59763978.2254734,59881576.80385629,119645555.02932969,0.4995085543363727,0.5004914456636274,9533384.530209014,1354711.42368062,0.7459514267574541,0.7553554277259706,7.037206864549595,1.319035291671753
111,cycle42_best_rmse,64601250.68182073,55553951.55019345,120155202.23201418,0.5376483871008654,0.46235161289913457,10479100.530069927,1208994.81537155,0.8199501411875887,0.8164935934535978,8.66761411780701,1.1294710636138916
111,cycle42_best_comp,64937552.98250121,55253061.652412474,120190614.63491368,0.5402880514402308,0.45971194855976916,10542546.954217013,1085366.9381365129,0.824914584871278,0.8207441098301576,9.713348162528069,1.1270948648452759
111,cycle42_best_strehl,64937552.98250121,55253061.652412474,120190614.63491368,0.5402880514402308,0.45971194855976916,10542546.954217013,1085366.9381365129,0.824914584871278,0.8207441098301576,9.713348162528069,1.1270948648452759
111,cycle42_best_main_lobe,62362758.897346884,57569225.04768054,119931983.94502743,0.5199843848654397,0.48001561513456026,10120608.413274348,1402422.8116190399,0.7918994835058829,0.7882013517132109,7.216517251021123,1.2031378746032715
111,ideal,79120339.95094915,42485202.868746355,121605542.8196955,0.6506310330628666,0.3493689669371334,12780167.968374692,945604.0406808642,1.0,1.0,13.515348304954973,0.0
112,before,30826519.7439181,85442144.20006949,116268663.9439876,0.26513179646382423,0.7348682035361757,2897817.4061250384,2746335.4664465976,0.2267432958076815,0.38961561291355773,1.0551578427068267,2.350229501724243
112,comp0p3_best_rmse,66117034.24110593,53905820.47877145,120022854.71987738,0.5508703687761567,0.4491296312238433,8979311.03305659,1623829.723073015,0.7025972628275657,0.8356515439910313,5.529712201636328,0.66432124376297
112,cycle41_best_strehl,64652285.613287345,55188362.75904955,119840648.3723369,0.5394854458098142,0.4605145541901859,8526033.065903706,1792451.749722558,0.6671299694183909,0.8171386226774138,4.756631840842241,0.7042899131774902
112,cycle42_best_rmse,67105585.28187637,53037836.06030941,120143421.34218578,0.5585456492931893,0.4414543507068107,9272014.483547611,1506814.4217021447,0.7255002052001022,0.8481458158986507,6.1533884664268435,0.626399040222168
112,cycle42_best_comp,67107368.52681336,53035753.4855251,120143122.01233846,0.5585618835502008,0.44143811644979924,9269260.053267995,1510103.8425754388,0.7252846814067974,0.848168354286859,6.138160695929055,0.6258454322814941
112,cycle42_best_strehl,67107368.52681336,53035753.4855251,120143122.01233846,0.5585618835502008,0.44143811644979924,9269260.053267995,1510103.8425754388,0.7252846814067974,0.848168354286859,6.138160695929055,0.6258454322814941
112,cycle42_best_main_lobe,67189912.24854581,52962903.86341502,120152816.11196083,0.559203807474116,0.440796192525884,9290613.515744751,1499886.4765966816,0.7269555094060535,0.8492116223236701,6.194211135782505,0.6255413293838501
112,ideal,79120339.95094915,42485202.868746355,121605542.8196955,0.6506310330628666,0.3493689669371334,12780167.968374692,945604.0406808642,1.0,1.0,13.515348304954973,0.0
113,before,46685560.93859167,70529503.61557457,117215064.55416623,0.3982897686074968,0.6017102313925032,4979904.499130463,2132281.7297454835,0.3896587675102191,0.5900576383713024,2.335481484299395,2.060511827468872
113,comp0p3_best_rmse,78264091.66990414,43238688.1579555,121502779.82785964,0.6441341653317367,0.3558658346682633,12537359.903794492,931850.66318984,0.9810011836165969,0.9891778993672696,13.45425871231079,0.16681908071041107
113,cycle41_best_strehl,78450309.48831919,43071932.57127394,121522242.05959313,0.6455633813096375,0.35443661869036247,12572417.283522323,936512.1532350009,0.983744291517415,0.9915315017219928,13.424724110726517,0.14371153712272644
113,cycle42_best_rmse,78641562.44204432,42896845.44710642,121538407.88915074,0.6470511158396073,0.35294888416039266,12582325.04477626,963505.7702960249,0.9845195365125087,0.9939487430261087,13.058899523674365,0.13599304854869843
113,cycle42_best_comp,78606525.96364559,42925455.508115575,121531981.47176117,0.6467970406778103,0.3532029593221897,12558399.44901092,956262.9021455351,0.9826474487727742,0.9935059178509332,13.132789550691612,0.14425626397132874
113,cycle42_best_strehl,78606525.96364559,42925455.508115575,121531981.47176117,0.6467970406778103,0.3532029593221897,12558399.44901092,956262.9021455351,0.9826474487727742,0.9935059178509332,13.132789550691612,0.14425626397132874
113,cycle42_best_main_lobe,78638533.67239305,42903397.28087245,121541930.9532655,0.6470074406060787,0.35299255939392127,12606482.609269278,949386.8624404495,0.9864097749313461,0.9939104624821532,13.278551776947538,0.12840156257152557
113,ideal,79120339.95094915,42485202.868746355,121605542.8196955,0.6506310330628666,0.3493689669371334,12780167.968374692,945604.0406808642,1.0,1.0,13.515348304954973,0.0
114,before,38172418.43714456,78520753.77095413,116693172.2080987,0.3271178400144249,0.6728821599855751,4267895.206305735,4267895.206305735,0.33394672252093266,0.4824602429768331,1.0,2.0253748893737793
114,comp0p3_best_rmse,66233255.53129753,53888015.558793284,120121271.09009081,0.551386569008437,0.448613430991563,9498049.503703326,1045516.2090212307,0.7431865940421778,0.8371204619742407,9.084554999482036,0.8168340921401978
114,cycle41_best_strehl,65832956.64192958,54240227.79637019,120073184.43829978,0.5482735962229617,0.45172640377703827,9375922.581874909,991181.0274960346,0.7336306224672636,0.832061094312068,9.459344278976747,0.8373542428016663
114,cycle42_best_rmse,62155094.37797655,57508639.9009901,119663734.27896665,0.5194146309447204,0.4805853690552796,8521651.155087072,1190647.4568688674,0.6667871014038642,0.7855766850409106,7.1571573146404575,0.9563385844230652
114,cycle42_best_comp,62355763.08131568,57331888.326143116,119687651.4074588,0.5209874397905492,0.4790125602094508,8578239.203401424,1200797.225336301,0.6712149030144833,0.788112931769167,7.143786663063751,0.9499481320381165
114,cycle42_best_strehl,62355763.08131568,57331888.326143116,119687651.4074588,0.5209874397905492,0.4790125602094508,8578239.203401424,1200797.225336301,0.6712149030144833,0.788112931769167,7.143786663063751,0.9499481320381165
114,cycle42_best_main_lobe,62449117.72034914,57247572.28753997,119696690.0078891,0.5217280253633845,0.47827197463661547,8593905.414338397,1195808.7053727834,0.6724407250049094,0.7892928387196595,7.186689121534132,0.9468204379081726
114,ideal,79120339.95094915,42485202.868746355,121605542.8196955,0.6506310330628666,0.3493689669371334,12780167.968374692,945604.0406808642,1.0,1.0,13.515348304954973,0.0
115,before,32502068.431892905,83690211.4103895,116192279.8422824,0.2797265745711394,0.7202734254288606,5584945.194210597,4346393.549389178,0.4370009226819934,0.4107928309211341,1.2849607682202362,2.0595622062683105
115,comp0p3_best_rmse,65073716.95145724,54877888.135807656,119951605.0872649,0.5424997598332766,0.45750024016672347,9033128.095920548,1759319.3334499835,0.7068082452651309,0.8224650828320487,5.134444852718579,0.7879630923271179
115,cycle41_best_strehl,65373839.0652061,54615662.896652795,119989501.9618589,0.5448296558976177,0.45517034410238233,9129975.026212163,1715520.5206862711,0.7143861527332697,0.8262583187298586,5.321985319394395,0.7789537310600281
115,cycle42_best_rmse,64328748.30003003,55523724.07121325,119852472.37124328,0.5367327600950241,0.46326723990497587,8758505.09132143,1818247.4419103847,0.6853200296737012,0.8130494426579916,4.8170039398593065,0.7993566393852234
115,cycle42_best_comp,64330926.61053619,55524917.08260903,119855843.69314522,0.5367358372215555,0.4632641627784445,8780934.708502166,1830630.7219045742,0.6870750627246157,0.8130769742700589,4.79667177188338,0.7986681461334229
115,cycle42_best_strehl,64330926.61053619,55524917.08260903,119855843.69314522,0.5367358372215555,0.4632641627784445,8780934.708502166,1830630.7219045742,0.6870750627246157,0.8130769742700589,4.79667177188338,0.7986681461334229
115,cycle42_best_main_lobe,64569161.79500516,55315251.5277549,119884413.32276006,0.5385951351421152,0.46140486485788473,8845640.825768754,1795754.227750164,0.6921380726495797,0.816088022814803,4.925863845438994,0.7945371866226196
115,ideal,79120339.95094915,42485202.868746355,121605542.8196955,0.6506310330628666,0.3493689669371334,12780167.968374692,945604.0406808642,1.0,1.0,13.515348304954973,0.0
116,before,37590668.447252624,78944128.22570452,116534796.67295715,0.32257033538872465,0.6774296646112753,6492030.014472372,6492030.014472372,0.5079768928340611,0.4751075193882768,1.0,2.0645365715026855
116,comp0p3_best_rmse,71427385.09009737,49295133.78567396,120722518.87577133,0.5916657948762585,0.40833420512374147,10805323.160282813,806707.9933308553,0.8454758331049519,0.9027689357045098,13.394342500150763,0.5936644673347473
116,cycle41_best_strehl,71116295.04226336,49551170.42151706,120667465.46378042,0.5893576596552419,0.41064234034475805,10600745.08088966,840574.0839678335,0.8294683690481889,0.8988370763618064,12.611315627112912,0.5998436212539673
116,cycle42_best_rmse,71500531.36791022,49229012.75085324,120729544.11876346,0.5922372348028919,0.407762765197108,10819732.311291857,819586.6640260197,0.8466032948914245,0.9036934296823946,13.201449933485446,0.5873267650604248
116,cycle42_best_comp,71261024.02075306,49440590.81865491,120701614.83940797,0.590389980412151,0.40961001958784904,10755163.034066962,814789.4760449411,0.8415509921842398,0.9006663023052164,13.199928754938586,0.5971555709838867
116,cycle42_best_strehl,71261024.02075306,49440590.81865491,120701614.83940797,0.590389980412151,0.40961001958784904,10755163.034066962,814789.4760449411,0.8415509921842398,0.9006663023052164,13.199928754938586,0.5971555709838867
116,cycle42_best_main_lobe,71211336.07103848,49481619.39704454,120692955.46808302,0.5900206502928016,0.40997934970719846,10722640.159554092,808472.8292169243,0.8390061997688858,0.9000382975501133,13.262833050233604,0.6044436097145081
116,ideal,79120339.95094915,42485202.868746355,121605542.8196955,0.6506310330628666,0.3493689669371334,12780167.968374692,945604.0406808642,1.0,1.0,13.515348304954973,0.0
117,before,43249312.0473295,73783489.93011205,117032801.97744155,0.36954863351614825,0.6304513664838517,4260558.516774868,2399024.7458044547,0.3333726542028149,0.5466269744814294,1.775954384891596,1.8511334657669067
117,comp0p3_best_rmse,53158645.10117648,65322488.91948999,118481134.02066647,0.44866759202274437,0.5513324079772557,5376142.030173034,2655424.7600486055,0.42066286166790823,0.6718707873870652,2.0245883487486305,1.0002518892288208
117,cycle41_best_strehl,54624190.87467882,63977968.61738598,118602159.4920648,0.4605665791298978,0.5394334208701023,5433402.921674318,2521874.851857969,0.42514331072327105,0.6903937838050649,2.15450933961743,1.0020209550857544
117,cycle42_best_rmse,51945175.24686526,66390251.46809347,118335426.71495873,0.4389655464038555,0.5610344535961445,5031149.5848272,2741214.1080374033,0.3936685024232144,0.6565337722141841,1.8353727168102516,1.0270111560821533
117,cycle42_best_comp,51512198.512221396,66777235.12963292,118289433.64185432,0.4354759079173987,0.5645240920826012,4948256.150215834,2771323.9158733366,0.38718240342854626,0.65106139008195,1.7855206754698227,1.0323140621185303
117,cycle42_best_strehl,51512198.512221396,66777235.12963292,118289433.64185432,0.4354759079173987,0.5645240920826012,4948256.150215834,2771323.9158733366,0.38718240342854626,0.65106139008195,1.7855206754698227,1.0323140621185303
117,cycle42_best_main_lobe,52497732.57209565,65906733.55752851,118404466.12962416,0.44337628712943455,0.5566237128705654,5202116.954355062,2667678.1807593675,0.4070460550462262,0.6635175304433948,1.9500541676561054,1.0157948732376099
117,ideal,79120339.95094915,42485202.868746355,121605542.8196955,0.6506310330628666,0.3493689669371334,12780167.968374692,945604.0406808642,1.0,1.0,13.515348304954973,0.0
118,before,33885947.084681354,82311086.41263738,116197033.49731873,0.29162488976504963,0.7083751102349505,5633412.674075888,3614588.552637997,0.4407933204020567,0.42828363864069635,1.5585211406605362,2.2410497665405273
118,comp0p3_best_rmse,44341212.279516816,73130422.75965306,117471635.03916988,0.3774631404826504,0.6225368595173496,3809391.4496910363,3457036.897435145,0.2980705307721783,0.5604274742374245,1.1019238621714773,1.2716313600540161
118,cycle41_best_strehl,57387414.68348866,61847732.57103682,119235147.25452548,0.4812961279025096,0.5187038720974905,8110621.134102198,1545416.4046218104,0.6346255506322317,0.7253181004918094,5.248178490823646,1.3330246210098267
118,cycle42_best_rmse,53073525.398951784,65722348.6731258,118795874.07207759,0.44676236286413645,0.5532376371358636,7397544.63900106,2023033.6895004357,0.5788300010850199,0.6707949615971677,3.656659143836501,1.4505044221878052
118,cycle42_best_comp,53262953.97913392,65555294.68448213,118818248.66361605,0.4482725050924256,0.5517274949075743,7448696.646946609,2015391.5332345136,0.5828324530146133,0.6731891446896515,3.695905497326444,1.444450855255127
118,cycle42_best_strehl,53262953.97913392,65555294.68448213,118818248.66361605,0.4482725050924256,0.5517274949075743,7448696.646946609,2015391.5332345136,0.5828324530146133,0.6731891446896515,3.695905497326444,1.444450855255127
118,cycle42_best_main_lobe,52995185.03563021,65794648.49597317,118789833.53160338,0.44612559391735435,0.5538744060826457,7398803.913175425,2039829.2949321184,0.5789285345454158,0.6698048197023004,3.6271681809637126,1.4525285959243774
118,ideal,79120339.95094915,42485202.868746355,121605542.8196955,0.6506310330628666,0.3493689669371334,12780167.968374692,945604.0406808642,1.0,1.0,13.515348304954973,0.0
119,before,37421084.83142889,79106431.25256649,116527516.08399539,0.32113517981843037,0.6788648201815696,5069109.365696881,3207317.562000111,0.39663871227989356,0.472964156304538,1.5804825271295369,1.7268165349960327
119,comp0p3_best_rmse,59367312.947927274,59911906.8995964,119279219.84752367,0.4977171465727002,0.5022828534272997,7505833.473507619,2417920.0731319934,0.5873031944557586,0.7503419851928365,3.1042521036624353,0.9538965225219727
119,cycle41_best_strehl,59190601.99319748,60065656.64201065,119256258.63520813,0.49633120031255606,0.5036687996874439,7443618.23852362,2432869.3315266524,0.5824350866861303,0.7481085398507241,3.059604616682256,0.9677430391311646
119,cycle42_best_rmse,55757949.34864769,63112471.11691933,118870420.46556702,0.46906496275748427,0.5309350372425158,6643457.211292927,2784637.6580800344,0.519825500551524,0.7047233288332049,2.3857528436477047,1.0629836320877075
119,cycle42_best_comp,55863239.37234434,63018712.20832037,118881951.58066471,0.46990513387088517,0.5300948661291148,6666420.78234755,2782219.6520786285,0.5216223134816393,0.7060540868122772,2.3960799706690983,1.0604157447814941
119,cycle42_best_strehl,55863239.37234434,63018712.20832037,118881951.58066471,0.46990513387088517,0.5300948661291148,6666420.78234755,2782219.6520786285,0.5216223134816393,0.7060540868122772,2.3960799706690983,1.0604157447814941
119,cycle42_best_main_lobe,55848405.98890879,63031066.37529757,118879472.36420636,0.4697901570239833,0.5302098429760167,6656873.608003162,2772173.7012900594,0.5208752830538693,0.7058666080496134,2.4013190821719856,1.0637258291244507
119,ideal,79120339.95094915,42485202.868746355,121605542.8196955,0.6506310330628666,0.3493689669371334,12780167.968374692,945604.0406808642,1.0,1.0,13.515348304954973,0.0
120,before,43875896.81936702,73534377.24657145,117410274.06593847,0.3736972523778115,0.6263027476221885,4506087.721130011,2203794.2183657987,0.352584389522939,0.5545463637614296,2.044695318454667,1.3345067501068115
120,comp0p3_best_rmse,73303328.50350925,47589730.53114073,120893059.03464998,0.6063485289300131,0.3936514710699868,11026155.823389374,837107.8256914319,0.8627551571054677,0.9264789376404833,13.171727088182482,0.416424036026001
120,cycle41_best_strehl,73859781.61603452,47096758.31837292,120956539.93440744,0.6106307410586261,0.38936925894137386,11161880.098347927,868685.3008922351,0.8733750703409128,0.9335119346279867,12.849164233449617,0.3998909890651703
120,cycle42_best_rmse,74268994.05045731,46746218.0148669,121015212.06532422,0.6137161831387511,0.38628381686124896,11338513.985207224,858173.9436184728,0.8871960065990581,0.9386839603634232,13.212372700805401,0.3767186999320984
120,cycle42_best_comp,74409329.02668275,46620467.28209235,121029796.3087751,0.6148017372254951,0.38519826277450486,11363715.796914611,872284.4631014317,0.889167953428689,0.9404576506219893,13.027534339555473,0.37304648756980896
120,cycle42_best_strehl,74409329.02668275,46620467.28209235,121029796.3087751,0.6148017372254951,0.38519826277450486,11363715.796914611,872284.4631014317,0.889167953428689,0.9404576506219893,13.027534339555473,0.37304648756980896
120,cycle42_best_main_lobe,74270699.88533835,46745079.28521706,121015779.17055541,0.6137274031071916,0.38627259689280835,11341374.14666096,852741.3504800212,0.8874198034584431,0.9387055203678683,13.299899366058332,0.37677162885665894
120,ideal,79120339.95094915,42485202.868746355,121605542.8196955,0.6506310330628666,0.3493689669371334,12780167.968374692,945604.0406808642,1.0,1.0,13.515348304954973,0.0
121,before,54341702.15073586,64085604.243491404,118427306.39422727,0.4588612525716007,0.5411387474283993,5011463.891841262,2066231.9622643758,0.39212817110404463,0.686823415880482,2.425412046355733,1.1583315134048462
121,comp0p3_best_rmse,60169032.94364822,59186644.51665901,119355677.46030723,0.5041153820576147,0.4958846179423852,7384546.429536108,2502678.8396675945,0.5778129401592859,0.76047490418962,2.9506568371820823,0.8165023326873779
121,cycle41_best_strehl,60042749.30852242,59315083.801155016,119357833.10967743,0.5030482520016041,0.4969517479983959,7456224.519892601,2456331.891223863,0.5834214807147672,0.7588788084801718,3.0355118323108816,0.8232452869415283
121,cycle42_best_rmse,58836834.28911162,60379514.52200971,119216348.81112133,0.49352991326994,0.50647008673006,7127045.914283804,2579338.476926295,0.5576644948579795,0.7436372786768568,2.7631293752407586,0.8518754839897156
121,cycle42_best_comp,59035039.93729931,60205810.44371991,119240850.38101922,0.49509073231749207,0.5049092676825079,7188744.379489988,2577213.3401055764,0.5624921673391912,0.7461423949125879,2.7893478074250146,0.8471564054489136
121,cycle42_best_strehl,59035039.93729931,60205810.44371991,119240850.38101922,0.49509073231749207,0.5049092676825079,7188744.379489988,2577213.3401055764,0.5624921673391912,0.7461423949125879,2.7893478074250146,0.8471564054489136
121,cycle42_best_main_lobe,58741455.45241899,60460850.94662524,119202306.39904423,0.4927879101246147,0.5072120898753854,7083618.233763292,2571535.958786674,0.5542664424514716,0.7424317879427199,2.7546253862635277,0.8538321852684021
121,ideal,79120339.95094915,42485202.868746355,121605542.8196955,0.6506310330628666,0.3493689669371334,12780167.968374692,945604.0406808642,1.0,1.0,13.515348304954973,0.0
122,before,26328619.007895198,89409771.2153369,115738390.2232321,0.22748388807822098,0.7725161119217789,3467651.212695151,3222469.134838784,0.27133064457963824,0.3327667578806877,1.0760851594219019,2.2893218994140625
122,comp0p3_best_rmse,52046118.09019659,66341095.52018159,118387213.61037818,0.43962617670422194,0.560373823295778,5118203.03049437,3166905.570367657,0.4004801066120317,0.6578095862892236,1.6161527133567735,1.068655014038086
122,cycle41_best_strehl,54332637.58170994,64286604.77581709,118619242.35752703,0.45804235891127526,0.5419576410887247,5516803.20734935,2981873.9564680327,0.4316690689043381,0.6867088490190209,1.8501128108995888,1.0150634050369263
122,cycle42_best_rmse,53344376.54558047,65206562.98594607,118550939.53152654,0.449970086752408,0.550029913247592,5557061.001007755,3130562.325489464,0.434819089605007,0.6742182424728136,1.775099941554081,1.0141043663024902
122,cycle42_best_comp,53587624.25766224,64985344.61031444,118572968.86797668,0.45193794816193383,0.5480620518380662,5581042.450875442,3116675.832150495,0.43669554771784475,0.6772926442288294,1.7907035416720072,1.0116307735443115
122,cycle42_best_strehl,53587624.25766224,64985344.61031444,118572968.86797668,0.45193794816193383,0.5480620518380662,5581042.450875442,3116675.832150495,0.43669554771784475,0.6772926442288294,1.7907035416720072,1.0116307735443115
122,cycle42_best_main_lobe,53528177.69817482,65046709.94221926,118574887.64039408,0.4514292930262896,0.5485707069737105,5621459.651042108,3115553.491843645,0.4398580413772929,0.6765413006486037,1.8043213399348763,1.0054185390472412
122,ideal,79120339.95094915,42485202.868746355,121605542.8196955,0.6506310330628666,0.3493689669371334,12780167.968374692,945604.0406808642,1.0,1.0,13.515348304954973,0.0
123,before,46488435.71964342,70864952.29481849,117353388.01446192,0.3961405504024687,0.6038594495975312,4624609.994373644,3124229.200225576,0.3618583109249835,0.5875661776537366,1.4802403082461868,1.6537894010543823
123,comp0p3_best_rmse,51373170.66200685,66927257.53924439,118300428.20125124,0.43426022579234824,0.5657397742076518,4916170.37167635,2814722.940428722,0.3846718121265475,0.6493042205563799,1.7465912190020192,1.019097089767456
123,cycle41_best_strehl,51638012.95842223,66680025.13247365,118318038.09089588,0.43643398582008414,0.5635660141799158,4900102.532401563,2851583.138454954,0.3834145642316413,0.6526515557242972,1.7183796840152934,1.027921438217163
123,cycle42_best_rmse,53732760.1948944,64835673.99329135,118568434.18818575,0.45317930158049075,0.5468206984195092,5517734.592764035,2671440.4017229155,0.4317419463044623,0.6791270137136185,2.065453000263616,0.9988716244697571
123,cycle42_best_comp,55628916.7431105,63169385.51249685,118798302.25560735,0.46826356679255304,0.5317364332074469,6081384.949546705,2534489.2740232814,0.4758454634239131,0.7030924889554037,2.399451839025949,0.9508512616157532
123,cycle42_best_strehl,55628916.7431105,63169385.51249685,118798302.25560735,0.46826356679255304,0.5317364332074469,6081384.949546705,2534489.2740232814,0.4758454634239131,0.7030924889554037,2.399451839025949,0.9508512616157532
123,cycle42_best_main_lobe,54802479.58773129,63877279.01562019,118679758.60335147,0.4617677035465733,0.5382322964534267,5725748.339081205,2525453.3803187055,0.44801823835570237,0.6926471703952007,2.2672160110746655,0.9917045831680298
123,ideal,79120339.95094915,42485202.868746355,121605542.8196955,0.6506310330628666,0.3493689669371334,12780167.968374692,945604.0406808642,1.0,1.0,13.515348304954973,0.0
124,before,41605844.808297634,75295906.76302952,116901751.57132715,0.3559043748194995,0.6440956251805005,4201314.655740511,3851455.0766278054,0.3287370452514334,0.5258552331055615,1.090838286349436,2.1599948406219482
124,comp0p3_best_rmse,64400439.4175781,55422536.80332756,119822976.22090566,0.5374631931930103,0.46253680680698966,8514024.835638715,1400893.1239143468,0.666190370635753,0.8139555449016437,6.0775691523483255,0.7298596501350403
124,cycle41_best_strehl,64391240.417444415,55421130.17218908,119812370.5896335,0.5374339903346819,0.4625660096653181,8449735.890285019,1414435.1794496372,0.6611600028414656,0.81383927896877,5.973929391075275,0.7385381460189819
124,cycle42_best_rmse,64913838.98238288,54956223.44995916,119870062.43234204,0.5415350394017024,0.45846496059829756,8558702.104439313,1307016.1394705172,0.6696861986179168,0.8204443891751019,6.548275760318088,0.7463815212249756
124,cycle42_best_comp,65010667.35793629,54870280.567013055,119880947.92494935,0.5422935711071936,0.4577064288928064,8581183.83165311,1298094.3883697363,0.6714453090826173,0.8216682005946868,6.61060082266447,0.744129478931427
124,cycle42_best_strehl,65010667.35793629,54870280.567013055,119880947.92494935,0.5422935711071936,0.4577064288928064,8581183.83165311,1298094.3883697363,0.6714453090826173,0.8216682005946868,6.61060082266447,0.744129478931427
124,cycle42_best_main_lobe,65247169.46002243,54668553.361062594,119915722.82108502,0.5441085449434483,0.4558914550565517,8689242.005018342,1279284.259462634,0.6799004540879591,0.8246573447544914,6.792268364709088,0.7328097820281982
124,ideal,79120339.95094915,42485202.868746355,121605542.8196955,0.6506310330628666,0.3493689669371334,12780167.968374692,945604.0406808642,1.0,1.0,13.515348304954973,0.0
125,before,34565871.83064771,81821375.49456103,116387247.32520874,0.2969901997429658,0.7030098002570342,3544978.0302395383,3246969.6565382397,0.2773811767585374,0.4368771905186063,1.0917804615454956,2.2288365364074707
125,comp0p3_best_rmse,64290277.57017826,55540843.52255026,119831121.09272853,0.5365073528806321,0.4634926471193679,8487796.809151886,1679520.9036842114,0.6641381263654327,0.812563212064498,5.053701201653985,0.6989875435829163
125,cycle41_best_strehl,66831376.34748021,53254348.22408214,120085724.57156235,0.5565305666924095,0.4434694333075904,8915001.224867923,1384503.6439011167,0.6975652625950332,0.8446800960272982,6.439131644137909,0.661009669303894
125,cycle42_best_rmse,65807776.76905075,54189543.956925794,119997320.72597654,0.548410384256229,0.451589615743771,8835701.555574086,1406621.845558862,0.6913603621985697,0.8317428465278137,6.281504573152418,0.6764268279075623
125,cycle42_best_comp,65552286.05935589,54428876.13084846,119981162.19020435,0.5463548182291886,0.4536451817708114,8849436.061053554,1454821.8054758792,0.692435035513776,0.8285137058308293,6.082831607104528,0.6714791059494019
125,cycle42_best_strehl,65552286.05935589,54428876.13084846,119981162.19020435,0.5463548182291886,0.4536451817708114,8849436.061053554,1454821.8054758792,0.692435035513776,0.8285137058308293,6.082831607104528,0.6714791059494019
125,cycle42_best_main_lobe,63971426.084532924,55824075.39700758,119795501.4815405,0.534005244716058,0.465994755283942,8414436.595157832,1611174.9940577457,0.6583979659719552,0.8085332561031988,5.222546666992432,0.7180996537208557
125,ideal,79120339.95094915,42485202.868746355,121605542.8196955,0.6506310330628666,0.3493689669371334,12780167.968374692,945604.0406808642,1.0,1.0,13.515348304954973,0.0
126,before,32332759.150877554,83809522.7921542,116142281.94303174,0.2783892188956379,0.7216107811043622,3512834.8967412044,2816470.3776079835,0.27486609764706765,0.40865293514818474,1.2472472370629513,1.7279466390609741
126,comp0p3_best_rmse,56829118.22751259,62114593.18802106,118943711.41553365,0.47778161242151135,0.5222183875784887,6328557.140245753,2123044.440526061,0.4951857562362369,0.7182618055324831,2.9808877381189554,0.878016471862793
126,cycle41_best_strehl,59527297.468097955,59703929.263212994,119231226.73131095,0.499259288862669,0.500740711137331,6893271.230946949,1966391.8849043332,0.539372506527674,0.7523640255464278,3.505542961128683,0.8384734392166138
126,cycle42_best_rmse,64689908.90807485,55181348.715686895,119871257.62376174,0.5396615518218402,0.46033844817815983,8527623.4157123,1316205.5060873425,0.667254408299987,0.8176141425603014,6.478945253057172,0.701391875743866
126,cycle42_best_comp,64546724.55011922,55294641.32670607,119841365.87682529,0.5386013758927054,0.46139862410729454,8408053.78003988,1342532.129059891,0.6578985347333559,0.8158044390372327,6.262832447762443,0.7133154273033142
126,cycle42_best_strehl,64546724.55011922,55294641.32670607,119841365.87682529,0.5386013758927054,0.46139862410729454,8408053.78003988,1342532.129059891,0.6578985347333559,0.8158044390372327,6.262832447762443,0.7133154273033142
126,cycle42_best_main_lobe,65329054.13573973,54618617.25367433,119947671.38941406,0.5446462893276753,0.4553537106723247,8714666.281822655,1252763.6825850394,0.6818898079733874,0.8256922831251817,6.956352904356398,0.6880466341972351
126,ideal,79120339.95094915,42485202.868746355,121605542.8196955,0.6506310330628666,0.3493689669371334,12780167.968374692,945604.0406808642,1.0,1.0,13.515348304954973,0.0
127,before,57678119.140334114,60548877.789186195,118226996.92952031,0.48785912387437425,0.5121408761256258,3920440.4661017763,1892412.9897404169,0.3067596979791773,0.7289923068592957,2.0716622044744817,1.5826783180236816
127,comp0p3_best_rmse,59800002.600412846,59610961.10549438,119410963.70590723,0.5007915583672201,0.49920844163277983,7923442.235701016,2388259.3901606705,0.6199795069445143,0.755810738900844,3.3176640143631824,0.9808496236801147
127,cycle41_best_strehl,60375904.0850871,59098442.45475916,119474346.53984626,0.5053461754231143,0.49465382457688567,8050132.602995977,2236957.44874618,0.6298925509364606,0.7630895433780654,3.5986972427696804,0.9648480415344238
127,cycle42_best_rmse,58599671.03908431,60650715.48012828,119250386.51921259,0.491400260825513,0.508599739174487,7458251.775039818,2334219.950661259,0.5835801057932665,0.7406397782847409,3.1951795172202937,1.0191723108291626
127,cycle42_best_comp,58892931.221134365,60398391.08739142,119291322.30852579,0.4936899858383519,0.5063100141616481,7579503.054888309,2285629.185937337,0.593067561681838,0.7443462863992393,3.316156050824995,1.0052666664123535
127,cycle42_best_strehl,58892931.221134365,60398391.08739142,119291322.30852579,0.4936899858383519,0.5063100141616481,7579503.054888309,2285629.185937337,0.593067561681838,0.7443462863992393,3.316156050824995,1.0052666664123535
127,cycle42_best_main_lobe,58764003.29551953,60507685.68046363,119271688.97598316,0.49269029222309746,0.5073097077769025,7515803.760279167,2339825.6969544836,0.5880833318370685,0.7427167695683616,3.212121214867302,1.013032078742981
127,ideal,79120339.95094915,42485202.868746355,121605542.8196955,0.6506310330628666,0.3493689669371334,12780167.968374692,945604.0406808642,1.0,1.0,13.515348304954973,0.0
128,before,52216618.840007156,66065283.54297662,118281902.38298377,0.44145907182770444,0.5585409281722956,5608672.600022679,3032062.7134570344,0.43885750280447666,0.6599645410065096,1.849787794668633,1.3653854131698608
128,comp0p3_best_rmse,65860197.77645907,54336969.802335516,120197167.57879458,0.547934690168841,0.452065309831159,10192987.593159435,1185794.2338284205,0.7975628816759378,0.8324053943308289,8.595915971231074,0.9897074103355408
128,cycle41_best_strehl,66239227.883601286,53999586.340765886,120238814.22436717,0.5508972149375828,0.44910278506241724,10276177.062210148,1143449.414471393,0.8040721442503086,0.8371959463858024,8.986997528841918,0.9738025665283203
128,cycle42_best_rmse,67647507.31820202,52732983.01190516,120380490.33010718,0.5619474312880695,0.4380525687119305,10499462.588909715,1044540.3175253248,0.8215433955869186,0.8549951549770927,10.051754262376912,0.8995984196662903
128,cycle42_best_comp,67480575.98472492,52880537.48629154,120361113.47101647,0.5606509780334873,0.4393490219665127,10456440.542611271,1052032.246620146,0.8181770825302432,0.8528853140236717,9.939277599336501,0.9032322764396667
128,cycle42_best_strehl,67480575.98472492,52880537.48629154,120361113.47101647,0.5606509780334873,0.4393490219665127,10456440.542611271,1052032.246620146,0.8181770825302432,0.8528853140236717,9.939277599336501,0.9032322764396667
128,cycle42_best_main_lobe,67356521.89662726,52985012.90269476,120341534.79932202,0.5597113416323716,0.4402886583676284,10392238.182376254,1094418.3481112563,0.813153489695322,0.851317397503412,9.495672473246767,0.9041332602500916
128,ideal,79120339.95094915,42485202.868746355,121605542.8196955,0.6506310330628666,0.3493689669371334,12780167.968374692,945604.0406808642,1.0,1.0,13.515348304954973,0.0
129,before,58506638.92288759,60702638.026148185,119209276.94903578,0.4907893112035256,0.5092106887964744,7358232.3845872665,2337445.6335658696,0.5757539652683488,0.7394639476923245,3.147980119375859,0.8481867909431458
129,comp0p3_best_rmse,77571990.83476846,43881179.491972,121453170.32674046,0.6386987727539737,0.36130122724602637,12550903.871581528,933121.007613228,0.9820609480751356,0.9804304542025402,13.450456874489088,0.35719582438468933
129,cycle41_best_strehl,77783737.43952784,43682810.98949641,121466548.42902425,0.6403716780095937,0.3596283219904063,12534176.218974624,957761.5582612442,0.9807520722725406,0.9831067142500912,13.0869485320852,0.3287695646286011
129,cycle42_best_rmse,76855041.04728308,44519019.227214575,121374060.27449766,0.6332081243180704,0.3667918756819296,12392360.705582034,936849.2751305606,0.9696555425756288,0.9713689437498569,13.227699518532495,0.4011908173561096
129,cycle42_best_comp,76694772.21764247,44659367.24289578,121354139.46053825,0.6319913977271616,0.3680086022728384,12342004.691930356,953708.0585431571,0.9657153742009809,0.9693433100159781,12.941072041252818,0.4054371416568756
129,cycle42_best_strehl,76694772.21764247,44659367.24289578,121354139.46053825,0.6319913977271616,0.3680086022728384,12342004.691930356,953708.0585431571,0.9657153742009809,0.9693433100159781,12.941072041252818,0.4054371416568756
129,cycle42_best_main_lobe,76658110.66979091,44687908.40206833,121346019.07185924,0.6317315661125658,0.36826843388743424,12308167.667572424,962930.123764683,0.9630677545107184,0.9688799456285867,12.78199462641408,0.4138176441192627
129,ideal,79120339.95094915,42485202.868746355,121605542.8196955,0.6506310330628666,0.3493689669371334,12780167.968374692,945604.0406808642,1.0,1.0,13.515348304954973,0.0
130,before,43913388.02669645,73109248.45745131,117022636.48414776,0.3752555005257046,0.6247444994742954,4880450.245722712,2607073.3142797137,0.3818768468301579,0.5550202141942345,1.8720034526804592,2.1986570358276367
130,comp0p3_best_rmse,65440701.4958064,54720585.204743944,120161286.70055035,0.54460719664969,0.45539280335031,10109536.123737099,1094896.7290723636,0.7910331185594559,0.8271033913198115,9.233323888274162,1.009081244468689
130,cycle41_best_strehl,64439301.08526559,55559774.37600578,119999075.46127138,0.5369983130083598,0.46300168699164024,9548039.96770354,1144425.0981866012,0.7470981595336422,0.8144467165486763,8.34308858031241,1.0612448453903198
130,cycle42_best_rmse,61276695.06542001,58397827.98732024,119674523.05274025,0.5120279028679774,0.48797209713202255,8995894.942818575,1505825.1321827937,0.703894891294032,0.7744746180742986,5.974063488884945,1.152929663658142
130,cycle42_best_comp,60552642.757407494,59021676.08867977,119574318.84608726,0.5064017369427726,0.4935982630572274,8704938.158141827,1546581.4220188677,0.6811286189416861,0.765323339042113,5.628502990019513,1.1785191297531128
130,cycle42_best_strehl,60552642.757407494,59021676.08867977,119574318.84608726,0.5064017369427726,0.4935982630572274,8704938.158141827,1546581.4220188677,0.6811286189416861,0.765323339042113,5.628502990019513,1.1785191297531128
130,cycle42_best_main_lobe,61172352.078825936,58485842.69845846,119658194.7772844,0.5112257642920645,0.4887742357079355,8942551.087874558,1518277.043413881,0.6997209355936047,0.773155829673506,5.8899336762459535,1.156074047088623
130,ideal,79120339.95094915,42485202.868746355,121605542.8196955,0.6506310330628666,0.3493689669371334,12780167.968374692,945604.0406808642,1.0,1.0,13.515348304954973,0.0
131,before,38015662.16691965,78732933.92894736,116748596.09586701,0.3256198655759719,0.6743801344240281,4162668.771329958,4069228.5740639796,0.32571315037726706,0.480479004393656,1.0229626317532363,1.9556269645690918
131,comp0p3_best_rmse,70680031.81244299,50065605.04132642,120745636.8537694,0.5853630297055037,0.41463697029449625,11325776.619662767,882964.245457258,0.8861993557274909,0.8933231562991419,12.826993480123901,0.8200627565383911
131,cycle41_best_strehl,65033786.614310056,55078857.66925144,120112644.2835615,0.5414399708058922,0.45856002919410777,9998850.3102328,1053267.603510589,0.7823723706116826,0.8219604042984132,9.493171798796597,1.0141009092330933
131,cycle42_best_rmse,71097489.71461394,49679556.4277284,120777046.14234234,0.5886672342592455,0.4113327657407545,11320528.517022733,859216.5106494304,0.8857887114657705,0.8985993962954534,13.175408499152583,0.8014295697212219
131,cycle42_best_comp,70764334.30059955,49977204.394977346,120741538.69557689,0.5860811040268104,0.41391889597318965,11252159.577092683,857324.5135160441,0.880439099465425,0.8943886533408485,13.124737948930825,0.8118430972099304
131,cycle42_best_strehl,70764334.30059955,49977204.394977346,120741538.69557689,0.5860811040268104,0.41391889597318965,11252159.577092683,857324.5135160441,0.880439099465425,0.8943886533408485,13.124737948930825,0.8118430972099304
131,cycle42_best_main_lobe,70282325.86941224,50425111.0918311,120707436.96124335,0.5822534852759605,0.4177465147240394,11268068.540397607,834308.5931009066,0.881683915914183,0.8882965608209462,13.505876163299657,0.8379592299461365
131,ideal,79120339.95094915,42485202.868746355,121605542.8196955,0.6506310330628666,0.3493689669371334,12780167.968374692,945604.0406808642,1.0,1.0,13.515348304954973,0.0
132,before,60683256.01245925,57930250.55740018,118613506.56985943,0.511604940848105,0.488395059151895,7343074.964639252,2480009.907080704,0.5745679542561679,0.7669741567096399,2.9609054962538486,1.4365044832229614
132,comp0p3_best_rmse,65401590.026471354,54584133.55770684,119985723.5841782,0.5450780982338091,0.45492190176619085,9076032.00564857,1570949.6130285964,0.7101653145801969,0.826609062435996,5.777417639863766,0.7896475791931152
132,cycle41_best_strehl,65754407.01474193,54282915.64773066,120037322.66247259,0.5477830191167601,0.45221698088323986,9235622.624402566,1536087.1209281068,0.722652679311937,0.8310683075364254,6.012434124714479,0.777182400226593
132,cycle42_best_rmse,66928400.75325873,53247754.79567344,120176155.54893216,0.5569191363090947,0.4430808636909052,9557202.7073991,1410201.2867325966,0.7478151093983259,0.845906385068001,6.777190460195165,0.7538490295410156
132,cycle42_best_comp,66485654.37198796,53637735.23130921,120123389.60329717,0.5534780078347293,0.4465219921652706,9434701.765968317,1429942.0283669727,0.7382298721984769,0.8403105246161215,6.597961021359004,0.7665936946868896
132,cycle42_best_strehl,66485654.37198796,53637735.23130921,120123389.60329717,0.5534780078347293,0.4465219921652706,9434701.765968317,1429942.0283669727,0.7382298721984769,0.8403105246161215,6.597961021359004,0.7665936946868896
132,cycle42_best_main_lobe,66446229.458339736,53671305.32135914,120117534.77969888,0.5531767662415417,0.44682323375845834,9416377.107895046,1457873.5940514146,0.7367960367341375,0.8398122341174626,6.458980494822626,0.7654702067375183
132,ideal,79120339.95094915,42485202.868746355,121605542.8196955,0.6506310330628666,0.3493689669371334,12780167.968374692,945604.0406808642,1.0,1.0,13.515348304954973,0.0
133,before,54085742.019653596,63984485.87701712,118070227.89667071,0.4580811181882938,0.5419188818117062,6598001.310517626,3240919.9321730905,0.5162687475504848,0.6835883421783094,2.035842121558849,1.7074865102767944
133,comp0p3_best_rmse,62999611.9078226,56951702.09312158,119951314.00094418,0.5252098522849588,0.47479014771504124,9977905.501560356,989684.0118873117,0.7807335182331949,0.7962505210023032,10.081910369080985,1.2118816375732422
133,cycle41_best_strehl,61460757.93772076,58322021.09377545,119782779.03149621,0.5131017867064179,0.48689821329358207,9647741.982562937,1208488.734266763,0.7548994666139651,0.7768009841189195,7.983311477385509,1.244780421257019
133,cycle42_best_rmse,63346122.308620885,56663569.59828274,120009691.90690362,0.527841720965012,0.47215827903498797,10187401.18136706,979757.4905202825,0.7971257659974742,0.8006300573012258,10.397880373394466,1.188848853111267
133,cycle42_best_comp,63431074.307991214,56582160.35188291,120013234.65987413,0.5285339945028504,0.4714660054971495,10169369.781069232,981488.675424989,0.7957148768493466,0.8017037634989368,10.361168738565272,1.1863270998001099
133,cycle42_best_strehl,63431074.307991214,56582160.35188291,120013234.65987413,0.5285339945028504,0.4714660054971495,10169369.781069232,981488.675424989,0.7957148768493466,0.8017037634989368,10.361168738565272,1.1863270998001099
133,cycle42_best_main_lobe,63089108.56766696,56898142.80499175,119987251.37265871,0.525798431466053,0.474201568533947,10168036.510270152,1003540.5148253093,0.7956105534318157,0.7973816670502075,10.13216343541461,1.1900399923324585
133,ideal,79120339.95094915,42485202.868746355,121605542.8196955,0.6506310330628666,0.3493689669371334,12780167.968374692,945604.0406808642,1.0,1.0,13.515348304954973,0.0
134,before,43521517.15639107,73816863.54998253,117338380.7063736,0.3709060658106309,0.6290939341893691,6591830.821547487,3635802.7219915628,0.5157859300331088,0.5500673680544389,1.813033138920342,1.603996992111206
134,comp0p3_best_rmse,69734309.11396042,50717398.49250014,120451707.60646056,0.5789399793467116,0.42106002065328846,9951090.241027778,1063542.2821024226,0.7786353251109344,0.8813701907397311,9.356553480277576,0.5358050465583801
134,cycle41_best_strehl,70186647.40267567,50321494.019014835,120508141.42169051,0.5824224535757601,0.4175775464242399,10096375.433655728,1034080.2658025465,0.7900033441375596,0.8870872830701696,9.763628383160336,0.518971860408783
134,cycle42_best_rmse,70685029.21450222,49886667.15030962,120571696.36481184,0.5862489402208596,0.41375105977914034,10260609.569951039,962848.4057330034,0.8028540466245472,0.8933863183389199,10.656516133648035,0.5005195736885071
134,cycle42_best_comp,70947293.92819262,49656156.20295209,120603450.1311447,0.5882691900691417,0.4117308099308583,10336916.485591976,945753.0753157444,0.8088247753215223,0.8967010755031711,10.929825929607414,0.4921471178531647
134,cycle42_best_strehl,70947293.92819262,49656156.20295209,120603450.1311447,0.5882691900691417,0.4117308099308583,10336916.485591976,945753.0753157444,0.8088247753215223,0.8967010755031711,10.929825929607414,0.4921471178531647
134,cycle42_best_main_lobe,70633851.13134363,49932233.886295095,120566085.01763873,0.585851743639266,0.414148256360734,10249526.371325584,964075.7860016864,0.8019868280830631,0.8927394798244455,10.63145296266953,0.5018348097801208
134,ideal,79120339.95094915,42485202.868746355,121605542.8196955,0.6506310330628666,0.3493689669371334,12780167.968374692,945604.0406808642,1.0,1.0,13.515348304954973,0.0
135,before,27943013.55540921,87943005.71731263,115886019.27272184,0.24112497547826856,0.7588750245217315,3728832.4426278165,3728832.4426278165,0.29176709193924844,0.35317105023477596,1.0,1.6028445959091187
135,comp0p3_best_rmse,75062369.91674204,46136546.59322205,121198916.5099641,0.6193320210958401,0.38066797890415993,12136289.376957979,922897.1097587331,0.9496189257441663,0.9487114181167212,13.150208456206661,0.5743515491485596
135,cycle41_best_strehl,75097613.77627984,46103889.76937656,121201503.5456564,0.6196095888199167,0.3803904111800833,12136801.006412324,903085.4695859908,0.9496589588216353,0.9491568643769326,13.439260640497627,0.5648521184921265
135,cycle42_best_rmse,75738805.44431263,45528446.96929966,121267252.41361229,0.6245610742955279,0.3754389257044722,12247188.013939602,938549.8622201523,0.9582963263273236,0.9572608698504973,13.049054191930427,0.5302243828773499
135,cycle42_best_comp,75725434.63933538,45540374.676078826,121265809.3154142,0.6244582464491073,0.3755417535508927,12243976.869818361,928898.1845292277,0.9580450663963753,0.9570918765804286,13.18118290437148,0.5322312116622925
135,cycle42_best_strehl,75725434.63933538,45540374.676078826,121265809.3154142,0.6244582464491073,0.3755417535508927,12243976.869818361,928898.1845292277,0.9580450663963753,0.9570918765804286,13.18118290437148,0.5322312116622925
135,cycle42_best_main_lobe,75708532.08822559,45554866.65920305,121263398.74742864,0.624331272834549,0.3756687271654509,12237659.526478112,940233.8434456488,0.9575507580777459,0.9568782456592234,13.015548857113142,0.5321252346038818
135,ideal,79120339.95094915,42485202.868746355,121605542.8196955,0.6506310330628666,0.3493689669371334,12780167.968374692,945604.0406808642,1.0,1.0,13.515348304954973,0.0
136,before,38846259.21724217,77777875.88679722,116624135.10403939,0.33308936595832206,0.6669106340416779,3984453.9178441935,2827986.7251907364,0.31176850943618023,0.4909768997621219,1.4089365704414536,1.9542585611343384
136,comp0p3_best_rmse,55401199.28050729,63328172.21902823,118729371.49953552,0.46661747283589405,0.533382527164106,5899848.997164865,2544758.8118944177,0.4616409590049522,0.7002143736345597,2.31843150305187,0.9195172190666199
136,cycle41_best_strehl,57458282.1716879,61521447.47067584,118979729.64236374,0.4829249683488051,0.5170750316511948,6501916.08113937,2391322.9308188995,0.5087504403094513,0.7262137929046981,2.718961959233508,0.8734925985336304
136,cycle42_best_rmse,51961526.90315485,66358634.72440678,118320161.62756163,0.43916037798118485,0.5608396220188151,4944992.0962977195,2846722.0352678346,0.38692700350530645,0.6567404403895196,1.7370828746307396,1.011686086654663
136,cycle42_best_comp,51516988.52794407,66752174.68409404,118269163.21203811,0.4355910461257105,0.5644089538742896,4833608.650554501,2867904.815747032,0.3782116684628529,0.6511219309710014,1.685414600935925,1.0229477882385254
136,cycle42_best_strehl,51516988.52794407,66752174.68409404,118269163.21203811,0.4355910461257105,0.5644089538742896,4833608.650554501,2867904.815747032,0.3782116684628529,0.6511219309710014,1.685414600935925,1.0229477882385254
136,cycle42_best_main_lobe,52448198.64971491,65923643.75794429,118371842.4076592,0.4430800229423587,0.5569199770576413,5035715.694439855,2778180.4686162337,0.39402578329964383,0.662891472435916,1.8125948804715566,1.0086172819137573
136,ideal,79120339.95094915,42485202.868746355,121605542.8196955,0.6506310330628666,0.3493689669371334,12780167.968374692,945604.0406808642,1.0,1.0,13.515348304954973,0.0
137,before,58995614.07311305,59320505.62123,118316119.69434305,0.49862701908684853,0.5013729809131514,4023203.952979631,1997342.1122730987,0.3148005537122278,0.7456440924001025,2.014278839993503,1.6409368515014648
137,comp0p3_best_rmse,60222984.08682795,59170725.34479749,119393709.43162544,0.5044066758082973,0.49559332419170266,7670966.733125429,2353750.096490547,0.6002242499556896,0.7611567913404231,3.259040432781236,0.8932554125785828
137,cycle41_best_strehl,60921201.24315661,58548852.305297,119470053.54845361,0.5099286342786206,0.4900713657213795,7823347.544145976,2304383.0394805386,0.6121474743919899,0.7699815405359085,3.394985733756112,0.8660541772842407
137,cycle42_best_rmse,66785009.45817806,53355338.12006308,120140347.57824114,0.5558915951586079,0.44410840484139213,9279441.483486919,1764491.679523011,0.7260813399674766,0.8440940660717786,5.2589885184357446,0.6810093522071838
137,cycle42_best_comp,66407624.850775406,53684566.53757127,120092191.38834667,0.5529720465840327,0.4470279534159673,9154449.567404807,1809288.585031159,0.7163011933847859,0.8393243114469046,5.059695641227489,0.6979252099990845
137,cycle42_best_strehl,66407624.850775406,53684566.53757127,120092191.38834667,0.5529720465840327,0.4470279534159673,9154449.567404807,1809288.585031159,0.7163011933847859,0.8393243114469046,5.059695641227489,0.6979252099990845
137,cycle42_best_main_lobe,66399149.396271415,53691723.227889515,120090872.62416093,0.5529075436405202,0.44709245635947975,9151243.408770895,1809986.6973075848,0.7160503235494405,0.8392171903891684,5.055972744100093,0.6990777254104614
137,ideal,79120339.95094915,42485202.868746355,121605542.8196955,0.6506310330628666,0.3493689669371334,12780167.968374692,945604.0406808642,1.0,1.0,13.515348304954973,0.0
138,before,35842507.342011735,80594857.02347767,116437364.36548941,0.3078265085896689,0.6921734914103311,4038982.8477172074,4038982.8477172074,0.3160351927855657,0.4530125548529289,1.0,1.7958426475524902
138,comp0p3_best_rmse,74034432.24217401,46965060.88056058,120999493.12273459,0.611857375031133,0.38814262496886703,11356399.979530094,852004.3406451597,0.8885955182773968,0.9357193395285188,13.329040050348492,0.4340358376502991
138,cycle41_best_strehl,73712943.64691599,47239088.98943131,120952032.6363473,0.6094394781155956,0.3905605218844044,11208973.201227646,878246.5674574219,0.8770599282392013,0.931656053204707,12.762900097268034,0.4528317451477051
138,cycle42_best_rmse,73237809.36765029,47664474.092132956,120902283.45978324,0.6057603485380986,0.39423965146190143,11115403.057027156,844351.2127171896,0.8697384169388775,0.925650842919207,13.164430736419389,0.4787698984146118
138,cycle42_best_comp,73149739.50777505,47737890.35313855,120887629.8609136,0.6051052501561737,0.39489474984382633,11062265.06650208,857131.3349396837,0.8655805693537308,0.9245377301604671,12.906149402740633,0.4851943254470825
138,cycle42_best_strehl,73149739.50777505,47737890.35313855,120887629.8609136,0.6051052501561737,0.39489474984382633,11062265.06650208,857131.3349396837,0.8655805693537308,0.9245377301604671,12.906149402740633,0.4851943254470825
138,cycle42_best_main_lobe,73317940.8516822,47597864.32570635,120915805.17738855,0.6063553126418975,0.3936446873581025,11162125.952621585,829905.6907397489,0.8733943075116812,0.9266636227439852,13.449872771292911,0.470481276512146
138,ideal,79120339.95094915,42485202.868746355,121605542.8196955,0.6506310330628666,0.3493689669371334,12780167.968374692,945604.0406808642,1.0,1.0,13.515348304954973,0.0
139,before,50409866.5625295,67064785.91645608,117474652.47898558,0.4291127106892021,0.5708872893107979,5877185.330184096,2468722.857780068,0.4598676124388623,0.637129044109027,2.380658206190465,1.7762928009033203
139,comp0p3_best_rmse,76286762.33710724,45035051.30649924,121321813.64360648,0.6287967517630946,0.3712032482369055,12331164.603848724,930487.9526504733,0.9648671781437416,0.9641864833290834,13.25236352466863,0.4787682890892029
139,cycle41_best_strehl,76181129.75650452,45131623.571821466,121312753.32832599,0.6279729679395263,0.37202703206047366,12324009.191115769,929435.4812521241,0.9643072940521817,0.9628513957818331,13.259671531490293,0.4867071211338043
139,cycle42_best_rmse,76131070.68092068,45170754.51513092,121301825.1960516,0.627616860322385,0.372383139677615,12276737.249976851,976615.72692771,0.9606084427338035,0.96221870037614,12.570693786181048,0.5060244202613831
139,cycle42_best_comp,76118690.45546491,45182349.55109383,121301040.00655875,0.6275188609376241,0.3724811390623759,12277901.840313759,975390.9451728038,0.9606995675405972,0.9620622270158962,12.587672564602864,0.5067856311798096
139,cycle42_best_strehl,76118690.45546491,45182349.55109383,121301040.00655875,0.6275188609376241,0.3724811390623759,12277901.840313759,975390.9451728038,0.9606995675405972,0.9620622270158962,12.587672564602864,0.5067856311798096
139,cycle42_best_main_lobe,76009989.80742621,45271368.25247526,121281358.05990148,0.6267244284145013,0.3732755715854988,12203911.403669078,992614.7873845426,0.9549100945987881,0.9606883622409711,12.294710454420459,0.5116413831710815
139,ideal,79120339.95094915,42485202.868746355,121605542.8196955,0.6506310330628666,0.3493689669371334,12780167.968374692,945604.0406808642,1.0,1.0,13.515348304954973,0.0
140,before,32948657.246486586,83628312.84162925,116576970.08811584,0.2826343592699486,0.7173656407300514,3559832.0474295616,2875464.231995525,0.2785434476478387,0.4164372557917874,1.2380025485342576,2.2907795906066895
140,comp0p3_best_rmse,64491618.80167098,55390950.598779574,119882569.40045056,0.5379565947260103,0.4620434052739897,8746679.561039843,1137815.4902780259,0.6843947264765249,0.815107958859286,7.687256533045254,0.8421109318733215
140,cycle41_best_strehl,65414903.07030599,54596436.61801325,120011339.68831924,0.5450726842996225,0.4549273157003775,9128479.239401571,1116631.8620138469,0.7142691130500438,0.8267773256644261,8.175012329433578,0.7850285768508911
140,cycle42_best_rmse,62448112.30173275,57206988.968005165,119655101.26973791,0.5219009606699198,0.4780990393300803,8263609.805085041,1387365.9907556768,0.646596337820743,0.7892801312588851,5.956330096129847,0.8671494126319885
140,cycle42_best_comp,62018741.39449502,57583544.67534312,119602286.06983814,0.5185414378976089,0.4814585621023912,8130902.128537808,1430821.3657112664,0.6362124620473082,0.7838533230891537,5.682681516637758,0.8827306628227234
140,cycle42_best_strehl,62018741.39449502,57583544.67534312,119602286.06983814,0.5185414378976089,0.4814585621023912,8130902.128537808,1430821.3657112664,0.6362124620473082,0.7838533230891537,5.682681516637758,0.8827306628227234
140,cycle42_best_main_lobe,61943275.548386864,57645562.911922865,119588838.46030973,0.517968702981802,0.482031297018198,8081186.1162896445,1436079.8468796886,0.6323223713715683,0.7828995121455337,5.62725403733534,0.8872012495994568
140,ideal,79120339.95094915,42485202.868746355,121605542.8196955,0.6506310330628666,0.3493689669371334,12780167.968374692,945604.0406808642,1.0,1.0,13.515348304954973,0.0
141,before,65812296.71525269,54281079.83197112,120093376.5472238,0.5480093790965532,0.4519906209034467,9479092.224225612,1273684.2335621004,0.7417032583360568,0.8317999740149397,7.44226235549413,1.1084342002868652
141,comp0p3_best_rmse,67852057.98687631,52626678.41943276,120478736.40630907,0.5631869988912261,0.43681300110877386,10985320.560447084,837030.3155516838,0.8595599516086903,0.8575804657682381,13.124160925051678,1.000430703163147
141,cycle41_best_strehl,67444203.20679532,53006736.20781943,120450939.41461475,0.5599309024451832,0.4400690975548168,11000157.02629922,838478.851023969,0.8607208491719187,0.8524255993921098,13.119182449104809,1.0194308757781982
141,cycle42_best_rmse,69356178.03731914,51287276.982789725,120643455.02010886,0.5748855420773455,0.42511445792265445,11317702.07642115,876477.8781709373,0.8855675531360383,0.8765910015087988,12.912707049765249,0.9284919500350952
141,cycle42_best_comp,69348697.8668315,51290895.6789283,120639593.5457598,0.5748419389404429,0.42515806105955717,11296334.451175416,885926.3821565267,0.8838956169534615,0.8764964598208804,12.750872621806137,0.9277404546737671
141,cycle42_best_strehl,69348697.8668315,51290895.6789283,120639593.5457598,0.5748419389404429,0.42515806105955717,11296334.451175416,885926.3821565267,0.8838956169534615,0.8764964598208804,12.750872621806137,0.9277404546737671
141,cycle42_best_main_lobe,69298015.12300003,51332799.65190603,120630814.77490605,0.5744636248400403,0.4255363751599597,11266551.703366233,894665.8084337912,0.8815652291304782,0.8758558818877864,12.593028142083071,0.930302083492279
141,ideal,79120339.95094915,42485202.868746355,121605542.8196955,0.6506310330628666,0.3493689669371334,12780167.968374692,945604.0406808642,1.0,1.0,13.515348304954973,0.0
142,before,32149069.45582012,83909050.13363603,116058119.58945614,0.2770083607208544,0.7229916392791457,4865115.484172562,3873787.927523984,0.38067695950566444,0.4063312856814192,1.255906511971141,2.0744898319244385
142,comp0p3_best_rmse,69418694.81911649,51028340.42746967,120447035.24658616,0.576342079960694,0.423657920039306,9957400.166992757,1025057.7915391672,0.7791290530478906,0.8773811495520972,9.713989054257423,0.5328121781349182
142,cycle41_best_strehl,69361310.5468168,51077821.77128585,120439132.31810264,0.5759034394537184,0.42409656054628164,9935906.230757713,1071122.1688602907,0.77744723350622,0.8766558711681157,9.276165240170359,0.5362074971199036
142,cycle42_best_rmse,70391391.19436145,50171508.27888803,120562899.47324948,0.5838561572582277,0.4161438427417723,10239843.479840398,961283.1018089721,0.8012291783002788,0.8896750347382325,10.652266185237986,0.5053848028182983
142,cycle42_best_comp,70474054.31292115,50097542.77200487,120571597.08492602,0.5844996335520207,0.4155003664479793,10256264.163573246,962751.7162074826,0.8025140349448457,0.8907198118285604,10.653072844133906,0.5036267638206482
142,cycle42_best_strehl,70474054.31292115,50097542.77200487,120571597.08492602,0.5844996335520207,0.4155003664479793,10256264.163573246,962751.7162074826,0.8025140349448457,0.8907198118285604,10.653072844133906,0.5036267638206482
142,cycle42_best_main_lobe,70387242.44355033,50174885.331138134,120562127.77468847,0.5838254827012753,0.4161745172987246,10237037.204604145,967568.9603863555,0.8010095978344197,0.8896225987803779,10.580162886288168,0.5058000087738037
142,ideal,79120339.95094915,42485202.868746355,121605542.8196955,0.6506310330628666,0.3493689669371334,12780167.968374692,945604.0406808642,1.0,1.0,13.515348304954973,0.0
143,before,39285808.20516806,77393658.51806238,116679466.72323045,0.33669855809639554,0.6633014419036044,5135861.678671515,3630118.453520545,0.4018618293108916,0.4965323484393949,1.4147917607731717,1.750162959098816
143,comp0p3_best_rmse,67312933.51777619,52898880.99688202,120211814.51465821,0.5599527283532376,0.44004727164676244,9472284.068511965,1649864.6530590213,0.7411705457981235,0.8507664850720689,5.741249169105696,0.6345895528793335
143,cycle41_best_strehl,66942458.182242855,53216568.02408987,120159026.20633273,0.5571155184571127,0.44288448154288723,9312385.87937033,1733107.0716300458,0.7286591148421835,0.8460840565617387,5.3732317130364695,0.6548318266868591
143,cycle42_best_rmse,65637596.65359178,54381436.79706703,120019033.45065881,0.546893228235971,0.4531067717640291,9032647.386329312,1837681.989606207,0.7067706315504734,0.8295919443000873,4.915239653768876,0.6858044266700745
143,cycle42_best_comp,65769619.36268255,54263584.10141218,120033203.46409473,0.5479285519723388,0.45207144802766114,9060382.359738568,1844093.7050500805,0.7089407887407301,0.8312605760220013,4.913189787984506,0.6838945150375366
143,cycle42_best_strehl,65769619.36268255,54263584.10141218,120033203.46409473,0.5479285519723388,0.45207144802766114,9060382.359738568,1844093.7050500805,0.7089407887407301,0.8312605760220013,4.913189787984506,0.6838945150375366
143,cycle42_best_main_lobe,65502319.75675032,54501063.75467553,120003383.51142585,0.545837274250802,0.454162725749198,8997828.28131785,1853295.6994251607,0.7040461677486186,0.8278821829804909,4.855041904057037,0.690363883972168
143,ideal,79120339.95094915,42485202.868746355,121605542.8196955,0.6506310330628666,0.3493689669371334,12780167.968374692,945604.0406808642,1.0,1.0,13.515348304954973,0.0
144,before,38835726.31781468,77831568.8890809,116667295.20689557,0.3328758607880995,0.6671241392119005,2746120.9006294967,2427094.8065327485,0.2148736157009001,0.49084377470939816,1.1314436062563606,1.757103443145752
144,comp0p3_best_rmse,68375442.85792936,51918073.74040438,120293516.59833375,0.5684050544988097,0.43159494550119026,9596665.973254766,1181941.3383494772,0.750902961291456,0.8641955140779083,8.11940970493175,0.5749446153640747
144,cycle41_best_strehl,69608436.02009016,50826665.47393015,120435101.49402031,0.577974653208112,0.42202534679188797,9905574.69408521,1064945.102018424,0.7750739050219967,0.8797792838509553,9.30148856998437,0.5444543957710266
144,cycle42_best_rmse,70399006.55789354,50139354.19115089,120538360.74904443,0.5840381943177507,0.41596180568224933,10181801.99595957,985341.1376919659,0.7966876508317468,0.8897712851276623,10.333276067016875,0.5130129456520081
144,cycle42_best_comp,70412710.87614155,50127280.85231222,120539991.72845377,0.5841439829759043,0.4158560170240957,10185579.618748011,983273.3430327063,0.7969832355844502,0.8899444936636279,10.35884852459507,0.5126835107803345
144,cycle42_best_strehl,70412710.87614155,50127280.85231222,120539991.72845377,0.5841439829759043,0.4158560170240957,10185579.618748011,983273.3430327063,0.7969832355844502,0.8899444936636279,10.35884852459507,0.5126835107803345
144,cycle42_best_main_lobe,70393737.17021984,50143946.221964285,120537683.39218412,0.5839977606105569,0.41600223938944314,10179350.999425257,978112.5845569444,0.796495869585962,0.8897046854684979,10.407136315535901,0.5135757923126221
144,ideal,79120339.95094915,42485202.868746355,121605542.8196955,0.6506310330628666,0.3493689669371334,12780167.968374692,945604.0406808642,1.0,1.0,13.515348304954973,0.0
145,before,43562450.511741884,73648129.55626363,117210580.06800552,0.3716597126852113,0.6283402873147886,3921637.5913674077,2097980.142993945,0.3068533685215828,0.5505847237100919,1.8692443798686258,1.4765149354934692
145,comp0p3_best_rmse,66468286.17157581,53605210.55164782,120073496.72322363,0.5535633423318141,0.44643665766818585,9071363.099835977,1094243.4226997325,0.7097999902883608,0.8400910083650169,8.290077794075275,0.6413385272026062
145,cycle41_best_strehl,68476756.73907974,51840229.69761366,120316986.4366934,0.5691362355980368,0.4308637644019631,9663256.316830758,952492.902193955,0.7561134048271569,0.8654760176906732,10.145226588641854,0.5844967365264893
145,cycle42_best_rmse,69179207.0338205,51217349.551553994,120396556.58537449,0.5745945647935934,0.4254054352064066,9833444.458482191,931659.0513970637,0.7694299858042282,0.8743542694167937,10.554767265703596,0.5586844682693481
145,cycle42_best_comp,69157978.08837847,51238819.67571618,120396797.76409465,0.5744170889319377,0.4255829110680623,9844327.358211417,934188.1748850545,0.7702815317116182,0.8740859573057085,10.537841971102551,0.5577028393745422
145,cycle42_best_strehl,69157978.08837847,51238819.67571618,120396797.76409465,0.5744170889319377,0.4255829110680623,9844327.358211417,934188.1748850545,0.7702815317116182,0.8740859573057085,10.537841971102551,0.5577028393745422
145,cycle42_best_main_lobe,69032532.41047615,51344348.965602234,120376881.37607838,0.573470018672493,0.42652998132750697,9778602.72622103,940367.0554592108,0.7651388268463123,0.8725004525166732,10.398708322938676,0.5643770098686218
145,ideal,79120339.95094915,42485202.868746355,121605542.8196955,0.6506310330628666,0.3493689669371334,12780167.968374692,945604.0406808642,1.0,1.0,13.515348304954973,0.0
146,before,34032425.13376162,82426016.71676964,116458441.85053125,0.29222806516199645,0.7077719348380036,3239939.80089458,3239939.80089458,0.2535130844064029,0.4301349710436041,1.0,1.9919025897979736
146,comp0p3_best_rmse,60263150.28048517,59076426.136306226,119339576.4167914,0.504972047747322,0.495027952252678,7305810.871599096,2085934.2717697467,0.5716521793514586,0.7616644508585967,3.5024166247581263,0.7871541380882263
146,cycle41_best_strehl,62387973.15592793,57166490.10154225,119554463.25747018,0.5218372568957999,0.47816274310420015,7676076.259376923,1924283.6426486333,0.6006240511370307,0.7885200340974964,3.9890565451210582,0.7676584124565125
146,cycle42_best_rmse,67496222.04724719,52711739.50110456,120207961.54835175,0.5614954382210191,0.43850456177898084,9410952.101542104,1378023.029210659,0.7363715504232872,0.8530830642170096,6.829314098569718,0.6076765656471252
146,cycle42_best_comp,67158826.66233955,53006382.77023099,120165209.43257055,0.5588874432081361,0.4411125567918639,9296799.248658653,1438721.0936408113,0.7274395197046042,0.8488187323762112,6.46184954801231,0.6158373951911926
146,cycle42_best_strehl,67158826.66233955,53006382.77023099,120165209.43257055,0.5588874432081361,0.4411125567918639,9296799.248658653,1438721.0936408113,0.7274395197046042,0.8488187323762112,6.46184954801231,0.6158373951911926
146,cycle42_best_main_lobe,67974337.41190438,52284744.030870065,120259081.44277444,0.5652324680714456,0.43476753192855444,9510040.160000766,1310981.9312562305,0.7441248177280566,0.8591259523662972,7.254135189253066,0.601908266544342
146,ideal,79120339.95094915,42485202.868746355,121605542.8196955,0.6506310330628666,0.3493689669371334,12780167.968374692,945604.0406808642,1.0,1.0,13.515348304954973,0.0
147,before,22533148.945511885,92833030.51158062,115366179.4570925,0.19531849846767713,0.804681501532323,6153749.233650102,6153749.233650102,0.48150769605516386,0.28479590658333076,1.0,2.0420613288879395
147,comp0p3_best_rmse,74117985.05826254,46971312.61979325,121089297.6780558,0.6120936076062026,0.38790639239379743,11871368.055676788,882589.2006941335,0.9288898303256432,0.9367753614836863,13.450615582357301,0.5980576276779175
147,cycle41_best_strehl,73592995.0095371,47425465.59880662,121018460.60834372,0.6081137922230616,0.3918862077769384,11675405.377786735,930115.0593149405,0.9135564889818538,0.9301400253735166,12.552646321398177,0.6103866696357727
147,cycle42_best_rmse,74309900.07322666,46793526.99359563,121103427.06682229,0.6136069133057981,0.38639308669420197,11869559.177000262,890508.8284142483,0.9287482923833406,0.9392009705632618,13.328962945978523,0.5779338479042053
147,cycle42_best_comp,74329745.52752064,46776346.27602619,121106091.80354683,0.613757280253872,0.386242719746128,11877412.817646546,879507.1673482119,0.9293628101788592,0.9394517967642904,13.504623110074185,0.5779703855514526
147,cycle42_best_strehl,74329745.52752064,46776346.27602619,121106091.80354683,0.613757280253872,0.386242719746128,11877412.817646546,879507.1673482119,0.9293628101788592,0.9394517967642904,13.504623110074185,0.5779703855514526
147,cycle42_best_main_lobe,74365510.87349135,46743005.06605071,121108515.93954206,0.6140403116706917,0.3859596883293082,11874988.91067091,892279.8319764702,0.9291731485889932,0.9399038340784991,13.308592758806252,0.5756873488426208
147,ideal,79120339.95094915,42485202.868746355,121605542.8196955,0.6506310330628666,0.3493689669371334,12780167.968374692,945604.0406808642,1.0,1.0,13.515348304954973,0.0
148,before,39961200.04522006,77084456.53343497,117045656.57865503,0.34141548873593625,0.6585845112640637,4317458.069551948,4317458.069551948,0.3378248298641898,0.5050686090326977,1.0,1.500341773033142
148,comp0p3_best_rmse,65611411.73486668,54632894.8881246,120244306.62299128,0.5456508800918268,0.4543491199081731,10587595.213215794,827384.9360371736,0.8284394414389112,0.8292609937664909,12.796456343435414,1.1070719957351685
148,cycle41_best_strehl,65507245.17008245,54654388.19597973,120161633.36606218,0.5451594101631443,0.45484058983685577,10111642.587232314,933512.1477883365,0.7911979413928043,0.8279444351565455,10.831827535601622,1.1277556419372559
148,cycle42_best_rmse,63647107.389363036,56346478.14853789,119993585.53790092,0.5304209146184701,0.46957908538152987,9930006.737579001,1350251.8842138096,0.7769856203886687,0.8044342002173047,7.354188395271741,1.145031213760376
148,cycle42_best_comp,63841549.9815286,56175721.14224068,120017271.12376928,0.5319363570239088,0.46806364297609115,9988546.38059003,1283952.872629614,0.781566126932549,0.8068917552819835,7.779527265773297,1.1407067775726318
148,cycle42_best_strehl,63841549.9815286,56175721.14224068,120017271.12376928,0.5319363570239088,0.46806364297609115,9988546.38059003,1283952.872629614,0.781566126932549,0.8068917552819835,7.779527265773297,1.1407067775726318
148,cycle42_best_main_lobe,63661140.732499905,56343438.92484365,120004579.65734355,0.5304892606121823,0.4695107393878178,9995440.907868247,1345171.3975834206,0.7821055977200438,0.8046115672906207,7.430607672616962,1.1471298933029175
148,ideal,79120339.95094915,42485202.868746355,121605542.8196955,0.6506310330628666,0.3493689669371334,12780167.968374692,945604.0406808642,1.0,1.0,13.515348304954973,0.0
149,before,50290420.299285494,67410555.76097211,117700976.0602576,0.42727275493058836,0.5727272450694116,4906979.492514085,2607919.656854129,0.38395266045459703,0.6356193657719768,1.8815685059996277,1.5378934144973755
149,comp0p3_best_rmse,55624100.79301742,63143686.206569016,118767786.99958643,0.46834332943503537,0.5316566705649647,5816438.375850899,2680730.0269221766,0.4551143920990735,0.7030316202824927,2.169721798703064,1.0980753898620605
149,cycle41_best_strehl,52066507.96646306,66393667.79227941,118460175.75874247,0.43952752587926586,0.5604724741207342,5512039.787410853,2722746.6267249966,0.43129634923818944,0.6580672934259613,2.0244409572700137,1.1299107074737549
149,cycle42_best_rmse,43786424.71015004,73686976.71014482,117473401.42029485,0.3727347993737878,0.6272652006262123,3175846.823520207,2813712.3852472175,0.2484980503682764,0.5534155280082915,1.1287034311579687,1.4279826879501343
149,cycle42_best_comp,44452878.26192024,73104926.03118195,117557804.29310219,0.3781363434714011,0.6218636565285989,3389906.0332800746,2863907.4758521346,0.2652473771603476,0.5618388177993031,1.183664647640697,1.3906859159469604
149,cycle42_best_strehl,44452878.26192024,73104926.03118195,117557804.29310219,0.3781363434714011,0.6218636565285989,3389906.0332800746,2863907.4758521346,0.2652473771603476,0.5618388177993031,1.183664647640697,1.3906859159469604
149,cycle42_best_main_lobe,41166470.69478063,76024951.3943822,117191422.08916283,0.35127545993477166,0.6487245400652283,2775138.6664301488,2775138.6664301488,0.21714414656344105,0.5203019946615736,1.0,1.4986250400543213
149,ideal,79120339.95094915,42485202.868746355,121605542.8196955,0.6506310330628666,0.3493689669371334,12780167.968374692,945604.0406808642,1.0,1.0,13.515348304954973,0.0
150,before,43845092.730370834,73240965.24977219,117086057.98014303,0.37446894606193554,0.6255310539380645,5912331.63896317,3934908.9544277377,0.4626176787029401,0.5541570316501763,1.502533275213483,1.559924840927124
150,comp0p3_best_rmse,66323067.4540591,54029228.4620266,120352295.9160857,0.5510743849897315,0.4489256150102685,10912260.468850205,893235.2286595741,0.8538432746622158,0.8382555926222796,12.216558548889296,1.0931059122085571
150,cycle41_best_strehl,65835027.472593255,54459285.19726349,120294312.66985674,0.5472829596963161,0.45271704030368387,10775087.553860933,920283.0104772834,0.8431100108014657,0.8320872674890912,11.708449934626831,1.1147544384002686
150,cycle42_best_rmse,66155646.52565514,54163941.483932935,120319588.00958808,0.5498327215048584,0.4501672784951416,10781559.160911294,882074.5717415095,0.8436163896742924,0.8361395636908094,12.222956546207765,1.105229377746582
150,cycle42_best_comp,66190455.24978977,54139476.3291532,120329931.57894297,0.5500747351989079,0.449925264801092,10831337.427455936,870353.7726745479,0.8475113515142166,0.8365795102855309,12.444752659797004,1.102312445640564
150,cycle42_best_strehl,66190455.24978977,54139476.3291532,120329931.57894297,0.5500747351989079,0.449925264801092,10831337.427455936,870353.7726745479,0.8475113515142166,0.8365795102855309,12.444752659797004,1.102312445640564
150,cycle42_best_main_lobe,65992051.99292662,54310786.67966952,120302838.67259614,0.5485494167974192,0.4514505832025808,10753034.276800752,876474.7281897744,0.8413844249472928,0.8340718964786875,12.268504648171103,1.1120635271072388
150,ideal,79120339.95094915,42485202.868746355,121605542.8196955,0.6506310330628666,0.3493689669371334,12780167.968374692,945604.0406808642,1.0,1.0,13.515348304954973,0.0
151,before,39641857.40173505,77656590.63097546,117298448.03271051,0.3379572199512844,0.6620427800487155,4162654.8781842142,2571034.9027370154,0.3257120632909488,0.5010324453397333,1.6190580974816122,1.9341304302215576
151,comp0p3_best_rmse,54252571.076109774,64382086.55796818,118634657.63407795,0.4573079415245487,0.5426920584754513,5588240.4300725935,3098210.1119838525,0.437258762474878,0.6856968904550181,1.8036996291688945,0.9917358756065369
151,cycle41_best_strehl,54602429.52110123,64123843.860984884,118726273.38208611,0.4599018226183107,0.5400981773816893,6006711.4176305225,3028736.4952016757,0.47000254085036264,0.6901187426008552,1.9832400168013133,0.9543983340263367
151,cycle42_best_rmse,52724762.81176668,65776794.08951976,118501556.90128644,0.4449288616156089,0.5550711383843911,5468296.508489971,3055212.293959943,0.4278736024457273,0.6663869599707676,1.7898253811365639,0.9964209794998169
151,cycle42_best_comp,52788130.148379855,65717945.40253792,118506075.55091777,0.4454466144708227,0.5545533855291773,5468811.652759189,2992448.702722349,0.4279139105442196,0.6671878581551342,1.8275373100912287,0.9968957304954529
151,cycle42_best_strehl,52788130.148379855,65717945.40253792,118506075.55091777,0.4454466144708227,0.5545533855291773,5468811.652759189,2992448.702722349,0.4279139105442196,0.6671878581551342,1.8275373100912287,0.9968957304954529
151,cycle42_best_main_lobe,52812055.44571101,65700678.40507563,118512733.85078664,0.4456234678731147,0.5543765321268853,5502193.057482667,3050181.5353877298,0.4305258797144279,0.667490249390384,1.8038903565729065,0.9947611093521118
151,ideal,79120339.95094915,42485202.868746355,121605542.8196955,0.6506310330628666,0.3493689669371334,12780167.968374692,945604.0406808642,1.0,1.0,13.515348304954973,0.0
152,before,26647670.735756464,89142239.31139594,115789910.0471524,0.23013810724012912,0.7698618927598709,2976291.0000454327,2976291.0000454327,0.2328835589180398,0.3367992446983513,1.0,2.1466469764709473
152,comp0p3_best_rmse,59075347.86857771,60103282.404618286,119178630.273196,0.49568742091730617,0.5043125790826938,6826378.533460763,2321911.987037208,0.5341384049374824,0.7466518458490146,2.939981606353356,0.8325888514518738
152,cycle41_best_strehl,59470947.01939813,59764296.58774281,119235243.60714094,0.49876987055391436,0.5012301294460857,7003364.018468362,2273553.4515864416,0.5479868524262448,0.7516518136330973,3.0803603995241677,0.8217766284942627
152,cycle42_best_rmse,65852845.524983086,54138934.69008794,119991780.21507102,0.5488113052989936,0.45118869470100637,8807876.823948039,1531147.8104686993,0.6891831817659728,0.8323124694081032,5.75246672053945,0.6923210024833679
152,cycle42_best_comp,65568554.949342005,54386487.152405955,119955042.10174796,0.546609411330335,0.453390588669665,8708462.055989986,1600586.4342993975,0.6814043506736068,0.8287193279249229,5.440794617131576,0.6990885734558105
152,cycle42_best_strehl,65568554.949342005,54386487.152405955,119955042.10174796,0.546609411330335,0.453390588669665,8708462.055989986,1600586.4342993975,0.6814043506736068,0.8287193279249229,5.440794617131576,0.6990885734558105
152,cycle42_best_main_lobe,64857328.8375153,55016192.61841544,119873521.45593074,0.5410479983384728,0.45895200166152716,8525941.243944883,1677911.6001572947,0.6671227846960108,0.8197301588658967,5.081281542570911,0.7132473587989807
152,ideal,79120339.95094915,42485202.868746355,121605542.8196955,0.6506310330628666,0.3493689669371334,12780167.968374692,945604.0406808642,1.0,1.0,13.515348304954973,0.0
153,before,38675756.323202915,78205206.99225968,116880963.3154626,0.33089867867376105,0.6691013213262389,3930743.7485221345,2872827.6533593494,0.30756589101559545,0.48882191794398316,1.3682490642714706,1.5691808462142944
153,comp0p3_best_rmse,43508143.036469586,73561080.32921302,117069223.36568262,0.371644585875193,0.6283554141248069,6206130.600219227,3539314.5044726487,0.4856063406659973,0.549898332886873,1.7534837868679118,1.884079098701477
153,cycle41_best_strehl,58247220.467769146,60275690.00790803,118522910.47567718,0.4914427112361742,0.5085572887638258,7770799.905508508,1660824.4411093467,0.6080358196181637,0.736185164319057,4.6788809901653465,1.754610538482666
153,cycle42_best_rmse,53748401.24909509,65121244.52477331,118869645.7738684,0.45216254241510345,0.5478374575848965,7406069.742236978,2148837.483781021,0.5794970582987446,0.6793247006069052,3.4465471670782244,1.5163884162902832
153,cycle42_best_comp,52435825.6406013,66346566.588011675,118782392.22861297,0.4414444317612443,0.5585555682387556,7481928.362258495,2218244.842876875,0.5854327095522519,0.6627350902828403,3.3729046576098742,1.5291025638580322
153,cycle42_best_strehl,52435825.6406013,66346566.588011675,118782392.22861297,0.4414444317612443,0.5585555682387556,7481928.362258495,2218244.842876875,0.5854327095522519,0.6627350902828403,3.3729046576098742,1.5291025638580322
153,cycle42_best_main_lobe,50115101.37823776,68442491.13146374,118557592.5097015,0.42270680702407876,0.5772931929759212,7160991.485069461,2375807.1102240887,0.5603206078973119,0.6334035143087953,3.014129999970422,1.584143042564392
153,ideal,79120339.95094915,42485202.868746355,121605542.8196955,0.6506310330628666,0.3493689669371334,12780167.968374692,945604.0406808642,1.0,1.0,13.515348304954973,0.0
154,before,38931619.22185737,77783209.53918794,116714828.7610453,0.3335618929927366,0.6664381070072635,4945563.4238727195,3740358.494344741,0.38697170773583095,0.49205576272792967,1.3222164215943994,1.7997568845748901
154,comp0p3_best_rmse,63823291.84561391,56170686.04829821,119993977.89391212,0.5318874577359267,0.46811254226407323,9814135.861937879,1423149.6851978605,0.7679191608610747,0.8066609911582954,6.896067198000623,1.2164052724838257
154,cycle41_best_strehl,64876587.378240325,55346496.82515585,120223084.20339617,0.5396350277329487,0.46036497226705125,10780739.816893622,1004100.8854921672,0.843552279091419,0.8199735670809899,10.736709799443474,1.1611247062683105
154,cycle42_best_rmse,65689163.0983709,54605805.238379635,120294968.33675054,0.5460674208291273,0.45393257917087265,10851701.617395315,837075.6835661043,0.8491047726640616,0.8302436913073814,12.963823738332678,1.13595449924469
154,cycle42_best_comp,65663267.30302743,54619606.844461106,120282874.14748853,0.5459070359635105,0.4540929640364895,10785061.026268512,967042.8846959535,0.8438903974467946,0.8299163949969822,11.152619182611977,1.1280924081802368
154,cycle42_best_strehl,65663267.30302743,54619606.844461106,120282874.14748853,0.5459070359635105,0.4540929640364895,10785061.026268512,967042.8846959535,0.8438903974467946,0.8299163949969822,11.152619182611977,1.1280924081802368
154,cycle42_best_main_lobe,65308052.098334044,54954828.857723355,120262880.9560574,0.543044134475681,0.45695586552431905,10828469.775737483,1000799.7763144651,0.8472869685698337,0.825426838899099,10.81981634289957,1.141523838043213
154,ideal,79120339.95094915,42485202.868746355,121605542.8196955,0.6506310330628666,0.3493689669371334,12780167.968374692,945604.0406808642,1.0,1.0,13.515348304954973,0.0
155,before,28081915.713516537,87843947.27689,115925862.99040653,0.24224029900765512,0.7577597009923449,2748645.5087906686,2748645.5087906686,0.2150711567791879,0.3549266311409429,1.0,1.7863779067993164
155,comp0p3_best_rmse,66723377.81794113,53339822.2204535,120063200.03839463,0.5557354609622588,0.4442645390377412,9007706.777091403,1396502.8480907443,0.7048191228301165,0.8433151053105491,6.45018861895374,0.8841041326522827
155,cycle41_best_strehl,62378987.1031866,57371495.478981085,119750482.58216769,0.520908022732892,0.47909197726710795,8952396.826742347,872518.6097037299,0.7004913275706236,0.7884064596013947,10.26040788950301,1.1874783039093018
155,cycle42_best_rmse,64918055.96363073,55205496.56420783,120123552.52783856,0.5404273732962236,0.4595726267037764,10128652.707547517,1031004.2881639126,0.7925289192295037,0.8204976874957418,9.824064578417378,1.0674264430999756
155,cycle42_best_comp,64960501.69231105,55166591.606529474,120127093.29884052,0.5407647842665153,0.45923521573348475,10129876.985081678,1013372.9130510321,0.7926247143346378,0.8210341580001232,9.996198689170559,1.0666942596435547
155,cycle42_best_strehl,64960501.69231105,55166591.606529474,120127093.29884052,0.5407647842665153,0.45923521573348475,10129876.985081678,1013372.9130510321,0.7926247143346378,0.8210341580001232,9.996198689170559,1.0666942596435547
155,cycle42_best_main_lobe,65023406.83804503,55114270.48624426,120137677.32428929,0.5412407521624248,0.45875924783757516,10169620.229662484,1047179.9268721859,0.7957344735083163,0.8218292145655144,9.711435416870573,1.0640232563018799
155,ideal,79120339.95094915,42485202.868746355,121605542.8196955,0.6506310330628666,0.3493689669371334,12780167.968374692,945604.0406808642,1.0,1.0,13.515348304954973,0.0
156,before,32659537.2458803,83633619.34022483,116293156.58610514,0.2808379977346191,0.7191620022653809,3130400.836779149,3012554.9988126783,0.24494207310307012,0.412783075327124,1.0391182361858675,2.3170881271362305
156,comp0p3_best_rmse,62823559.85802117,56931075.57087651,119754635.42889768,0.5246023223486962,0.47539767765130386,8731353.22839447,1945718.0230980443,0.6831954986820782,0.7940254035431191,4.487471013138936,1.038166880607605
156,cycle41_best_strehl,61152360.6956789,58460847.24895539,119613207.94463429,0.5112509040304701,0.4887490959695298,8638023.659334356,2009444.5203020289,0.6758928114802305,0.7729031590813494,4.29871219238042,1.0410176515579224
156,cycle42_best_rmse,64294723.012826815,55668052.57455997,119962775.58738679,0.5359556137144508,0.4640443862855492,9346816.991022285,1804636.07672367,0.7313532196252471,0.8126193979030738,5.17933621718984,0.9200595021247864
156,cycle42_best_comp,65014217.60765524,55027019.583231404,120041237.19088665,0.5415990298756354,0.4584009701243647,9504330.975408893,1718870.0357552501,0.7436780955405236,0.8217130721121897,5.529406399380747,0.8983744978904724
156,cycle42_best_strehl,65014217.60765524,55027019.583231404,120041237.19088665,0.5415990298756354,0.4584009701243647,9504330.975408893,1718870.0357552501,0.7436780955405236,0.8217130721121897,5.529406399380747,0.8983744978904724
156,cycle42_best_main_lobe,64069133.98518079,55869811.47690865,119938945.46208943,0.5341812347802566,0.4658187652197434,9302070.299728459,1830572.6315859451,0.7278519595945062,0.8097681838184796,5.08150845217732,0.9247763752937317
156,ideal,79120339.95094915,42485202.868746355,121605542.8196955,0.6506310330628666,0.3493689669371334,12780167.968374692,945604.0406808642,1.0,1.0,13.515348304954973,0.0
157,before,43831730.15994273,73151337.37631989,116983067.53626262,0.3746843973496908,0.6253156026503093,5320960.727302541,3366219.6857168037,0.4163451325889913,0.5539881424563686,1.5806932476450937,1.9909851551055908
157,comp0p3_best_rmse,73218307.06492402,47665313.6269732,120883620.69189721,0.605692538375729,0.39430746162427105,11018082.99348527,839727.2447955996,0.8621234885762215,0.9254043538022699,13.121025978104608,0.4227715730667114
157,cycle41_best_strehl,73694374.21432284,47231335.13928366,120925709.35360649,0.60941858111271,0.39058141888729,11055949.852806525,899399.5031818002,0.8650864276717763,0.9314213546100768,12.292590571480146,0.4178091585636139
157,cycle42_best_rmse,73900451.9743967,47054891.80900362,120955343.78340033,0.6109730224630113,0.38902697753698867,11147401.802826962,901482.8864414437,0.8722421982568531,0.9340259662712708,12.365627756762798,0.4128860533237457
157,cycle42_best_comp,73940024.32853137,47021232.816547975,120961257.14507934,0.6112703031835117,0.38872969681648833,11166601.5039144,899265.9612882946,0.8737445025407208,0.9345261202665543,12.417462669127438,0.4102560579776764
157,cycle42_best_strehl,73940024.32853137,47021232.816547975,120961257.14507934,0.6112703031835117,0.38872969681648833,11166601.5039144,899265.9612882946,0.8737445025407208,0.9345261202665543,12.417462669127438,0.4102560579776764
157,cycle42_best_main_lobe,73745241.18455921,47196052.51278193,120941293.69734114,0.6097606444421594,0.39023935555784056,11132382.496506162,885799.075709406,0.8710669941157209,0.9320642609761,12.567615841764814,0.4143006205558777
157,ideal,79120339.95094915,42485202.868746355,121605542.8196955,0.6506310330628666,0.3493689669371334,12780167.968374692,945604.0406808642,1.0,1.0,13.515348304954973,0.0
158,before,23837949.3802528,91634566.58179274,115472515.96204555,0.2064382955688612,0.7935617044311387,4077338.144606958,4077338.144606958,0.31903635028088684,0.30128724668057794,1.0,1.970385193824768
158,comp0p3_best_rmse,64944802.611614004,55083065.95221822,120027868.56383222,0.5410810288368622,0.45891897116313785,9517725.113497747,1012915.0341532305,0.7447261363895953,0.8208357377113988,9.396370665437212,0.9830089807510376
158,cycle41_best_strehl,64124189.473008685,55831714.75836354,119955904.23137222,0.5345646792785228,0.46543532072147725,9445199.162990436,1005799.5382385056,0.7390512539712435,0.8104640287537015,9.39073722337571,1.0059864521026611
158,cycle42_best_rmse,62363865.5229133,57373934.17826187,119737799.70117517,0.5208369093014261,0.4791630906985739,8894473.186339216,1132598.6195342662,0.695959020910299,0.7882153383260984,7.853155595401216,1.0507510900497437
158,cycle42_best_comp,62086907.725957446,57622544.326810755,119709452.0527682,0.5186466620746822,0.48135333792531776,8845848.072463855,1138795.8226702102,0.6921542889227628,0.784714875649528,7.76772086476609,1.0580222606658936
158,cycle42_best_strehl,62086907.725957446,57622544.326810755,119709452.0527682,0.5186466620746822,0.48135333792531776,8845848.072463855,1138795.8226702102,0.6921542889227628,0.784714875649528,7.76772086476609,1.0580222606658936
158,cycle42_best_main_lobe,62625770.12182553,57138831.250887394,119764601.37271293,0.522907181287493,0.47709281871250697,8940178.39545412,1127428.9214608842,0.6995352813497553,0.7915255440086649,7.92970468051302,1.0413092374801636
158,ideal,79120339.95094915,42485202.868746355,121605542.8196955,0.6506310330628666,0.3493689669371334,12780167.968374692,945604.0406808642,1.0,1.0,13.515348304954973,0.0
159,before,62405898.183654875,56097395.28271258,118503293.46636745,0.5266174159232659,0.47338258407673406,4574758.497099316,1493507.8940432416,0.35795761905632506,0.7887465880751217,3.063096295202349,1.7015314102172852
159,comp0p3_best_rmse,54902789.60608686,63726803.41377694,118629593.0198638,0.46280854724751286,0.5371914527524871,5318051.319067406,2394661.253112889,0.4161174823544768,0.6939149862111813,2.220794825219775,1.1038495302200317
159,cycle41_best_strehl,51621809.98112994,66716351.03211034,118338161.01324028,0.4362228510155251,0.5637771489844748,5079138.686883999,2683808.671827908,0.3974234688818362,0.6524467666990942,1.8925114670803496,1.0878093242645264
159,cycle42_best_rmse,68292957.4741315,51958287.97992112,120251245.45405261,0.5679189202262848,0.43208107977371524,9261202.81677604,1502221.7917831992,0.7246542330033104,0.863152983372795,6.165003641561217,0.6305781602859497
159,cycle42_best_comp,67023497.38916824,53060739.52348886,120084236.9126571,0.5581373468519234,0.4418626531480766,8802547.313111069,1615696.1069775862,0.688766167619511,0.8471083090734901,5.44814540005151,0.6854523420333862
159,cycle42_best_strehl,67023497.38916824,53060739.52348886,120084236.9126571,0.5581373468519234,0.4418626531480766,8802547.313111069,1615696.1069775862,0.688766167619511,0.8471083090734901,5.44814540005151,0.6854523420333862
159,cycle42_best_main_lobe,70967849.89882757,49634322.418081105,120602172.31690867,0.5884458673956882,0.4115541326043119,10224400.218662584,1147590.045096853,0.8000208012886442,0.8969608819024825,8.909453565188148,0.5122713446617126
159,ideal,79120339.95094915,42485202.868746355,121605542.8196955,0.6506310330628666,0.3493689669371334,12780167.968374692,945604.0406808642,1.0,1.0,13.515348304954973,0.0
160,before,34723924.72581278,81555404.68172735,116279329.40754013,0.29862508584058883,0.7013749141594111,5219251.074619629,5219251.074619629,0.4083867354118495,0.4388748171120089,1.0,2.0965611934661865
160,comp0p3_best_rmse,63770344.834688686,56045922.610496916,119816267.4451856,0.5322344469114997,0.4677655530885003,8716908.675059406,1158405.8007953665,0.6820652667969569,0.8059917952099709,7.524918011524406,0.8428006172180176
160,cycle41_best_strehl,62784971.31614746,56888487.605405524,119673458.92155299,0.5246357202502484,0.47536427974975165,8270959.973229254,1184485.097047076,0.6471714607895804,0.7935376839264235,6.982747181749078,0.8840795755386353
160,cycle42_best_rmse,66209738.61315188,53884029.46842198,120093768.08157386,0.5513170222802803,0.44868297771971966,9311813.782434274,961165.0915579709,0.7286143504120546,0.8368232322333141,9.688048249172862,0.7509598731994629
160,cycle42_best_comp,66086888.56145054,53993465.93736717,120080354.49881771,0.5503555418143042,0.4496444581856958,9284440.012755966,965893.1628912525,0.7264724560530723,0.8352705334989874,9.612284639187655,0.7538324594497681
160,cycle42_best_strehl,66086888.56145054,53993465.93736717,120080354.49881771,0.5503555418143042,0.4496444581856958,9284440.012755966,965893.1628912525,0.7264724560530723,0.8352705334989874,9.612284639187655,0.7538324594497681
160,cycle42_best_main_lobe,66228625.51508285,53867748.43095042,120096373.94603327,0.5514623242900195,0.4485376757099805,9320494.646424234,949404.5240768554,0.7292935953180246,0.8370619433149737,9.817200582109011,0.7503081560134888
160,ideal,79120339.95094915,42485202.868746355,121605542.8196955,0.6506310330628666,0.3493689669371334,12780167.968374692,945604.0406808642,1.0,1.0,13.515348304954973,0.0
161,before,47609932.4466556,70177494.13951321,117787426.58616881,0.4042021616952976,0.5957978383047023,4752559.188351548,2723118.790138881,0.37186985336280765,0.6017407467684226,1.7452632641520438,1.4587812423706055
161,comp0p3_best_rmse,45364523.16437861,72293459.85672955,117657983.02110817,0.38556264521583794,0.6144373547841621,4071213.6972071845,4071213.6972071845,0.31855713534295105,0.5733610749461195,1.0,1.263095498085022
161,cycle41_best_strehl,47919519.02148649,69979225.74643767,117898744.76792416,0.40644638851594966,0.5935536114840503,3984342.0336324233,3984342.0336324233,0.31175975491808255,0.6056536037534004,1.0,1.2194113731384277
161,cycle42_best_rmse,41247105.46550442,75848241.35606301,117095346.82156743,0.3522523019497752,0.6477476980502248,4499937.340703028,4499937.340703028,0.35210314542331517,0.521321135514277,1.0,1.5290199518203735
161,cycle42_best_comp,40514554.75557068,76519938.02366398,117034492.77923466,0.34617618954434554,0.6538238104556544,4604120.9854047755,4604120.9854047755,0.3602551231562805,0.5120624453925221,1.0,1.532539963722229
161,cycle42_best_strehl,40514554.75557068,76519938.02366398,117034492.77923466,0.34617618954434554,0.6538238104556544,4604120.9854047755,4604120.9854047755,0.3602551231562805,0.5120624453925221,1.0,1.532539963722229
161,cycle42_best_main_lobe,39180352.72283161,77738942.87220375,116919295.59503536,0.33510595940072774,0.6648940405992723,4664575.998216507,4664575.998216507,0.36498550017177284,0.4951994992327076,1.0,1.5444704294204712
161,ideal,79120339.95094915,42485202.868746355,121605542.8196955,0.6506310330628666,0.3493689669371334,12780167.968374692,945604.0406808642,1.0,1.0,13.515348304954973,0.0
162,before,35616332.22017353,80722479.31611878,116338811.5362923,0.3061431670983066,0.6938568329016935,4684459.547184324,4392811.936031447,0.36654131297619136,0.450153933138482,1.0663920093552552,2.0797767639160156
162,comp0p3_best_rmse,56194344.908298574,62669063.31939233,118863408.2276909,0.47276403853955207,0.5272359614604479,6205145.749634551,2208649.7565789823,0.48552927981772726,0.7102389214092912,2.8094747621939904,0.9218419194221497
162,cycle41_best_strehl,43582858.58425513,73823798.12649493,117406656.71075006,0.3712128409518416,0.6287871590481584,3227796.3591225217,3200280.5582947363,0.2525629058326856,0.550842660828738,1.0085979339394067,1.3724907636642456
162,cycle42_best_rmse,44240979.54430485,73240780.52330138,117481760.06760623,0.37657743226562035,0.6234225677343797,3382580.425799448,3145992.241411627,0.26467417597091447,0.5591606352011651,1.075203041276943,1.339172124862671
162,cycle42_best_comp,43962390.5122204,73488282.59503207,117450673.10725246,0.374305138907763,0.625694861092237,3273072.9293686473,3180286.729232074,0.2561056268953637,0.5556395553845571,1.029175419714114,1.3515276908874512
162,cycle42_best_strehl,43962390.5122204,73488282.59503207,117450673.10725246,0.374305138907763,0.625694861092237,3273072.9293686473,3180286.729232074,0.2561056268953637,0.5556395553845571,1.029175419714114,1.3515276908874512
162,cycle42_best_main_lobe,42268488.30084712,74993968.54642445,117262456.84727158,0.3604605381575766,0.6395394618424233,3284979.27464519,3284979.27464519,0.25703725356146123,0.5342303676532681,1.0,1.4377470016479492
162,ideal,79120339.95094915,42485202.868746355,121605542.8196955,0.6506310330628666,0.3493689669371334,12780167.968374692,945604.0406808642,1.0,1.0,13.515348304954973,0.0
163,before,39196541.97529652,77552711.61348829,116749253.5887848,0.3357326986719325,0.6642673013280675,4831566.741745069,4245615.882191078,0.37805189679048634,0.49540411479016033,1.1380131589416407,1.7284613847732544
163,comp0p3_best_rmse,71089477.0061234,49664882.27908468,120754359.28520808,0.5887114753200596,0.4112885246799403,11198517.608814774,888315.4878903476,0.8762418175196282,0.8984981238730204,12.606464439126276,0.7637792825698853
163,cycle41_best_strehl,70243040.23539402,50404385.71570879,120647425.95110281,0.5822174794169485,0.4177825205830515,10921698.239010772,867789.6215578001,0.8545817446247328,0.8878000306740512,12.585652060927902,0.7766556143760681
163,cycle42_best_rmse,69068892.8852591,51434682.19172287,120503575.07698198,0.5731688279051923,0.42683117209480764,10556123.876297414,862372.8278647823,0.8259769278791319,0.872960011649072,12.240789059221827,0.8314946293830872
163,cycle42_best_comp,68834228.22101268,51638764.078825295,120472992.29983798,0.5713664690065581,0.4286335309934419,10473386.24679167,862552.7884657799,0.819503020047053,0.8699940908202194,12.142313359650315,0.837490439414978
163,cycle42_best_strehl,68834228.22101268,51638764.078825295,120472992.29983798,0.5713664690065581,0.4286335309934419,10473386.24679167,862552.7884657799,0.819503020047053,0.8699940908202194,12.142313359650315,0.837490439414978
163,cycle42_best_main_lobe,68741671.64427856,51717669.583689585,120459341.22796814,0.5706628555620739,0.4293371444379261,10429393.31693885,865640.2093152101,0.8160607390096141,0.8688242705591903,12.04818492106475,0.844517707824707
163,ideal,79120339.95094915,42485202.868746355,121605542.8196955,0.6506310330628666,0.3493689669371334,12780167.968374692,945604.0406808642,1.0,1.0,13.515348304954973,0.0
164,before,19467992.785405457,95687900.82289363,115155893.60829909,0.16905771971711253,0.8309422802828875,4122968.429544668,4122968.429544668,0.3226067481857207,0.24605547445163517,1.0,2.102766752243042
164,comp0p3_best_rmse,40064686.478234164,76859551.35405901,116924237.83229317,0.3426551006105318,0.6573448993894683,4764484.297252537,3755975.035997436,0.3728029482118345,0.5063765714741919,1.2685079777127117,1.4562578201293945
164,cycle41_best_strehl,59408062.79902699,60251986.08484786,119660048.88387485,0.4964736631244407,0.5035263368755593,9806216.085623952,979982.4797660786,0.7672994681986992,0.7508570215428443,10.00652183900746,1.400098443031311
164,cycle42_best_rmse,57828851.007113636,61586716.48133691,119415567.48845054,0.48426559638220235,0.5157344036177977,8991600.377886904,1349055.4690132453,0.7035588577659676,0.7308974031578325,6.665107984376455,1.475098729133606
164,cycle42_best_comp,57105452.88948896,62239862.19280053,119345315.08228949,0.47848927165774646,0.5215107283422535,8889198.945289103,1411805.2910465002,0.6955463314164548,0.7217543924216153,6.2963349136480335,1.4957023859024048
164,cycle42_best_strehl,57105452.88948896,62239862.19280053,119345315.08228949,0.47848927165774646,0.5215107283422535,8889198.945289103,1411805.2910465002,0.6955463314164548,0.7217543924216153,6.2963349136480335,1.4957023859024048
164,cycle42_best_main_lobe,59095679.07928327,60504385.765595734,119600064.844879,0.49411076119340086,0.5058892388065991,9568086.302478962,1138888.9869012295,0.7486667097142836,0.7469088115131934,8.401245786485735,1.4282106161117554
164,ideal,79120339.95094915,42485202.868746355,121605542.8196955,0.6506310330628666,0.3493689669371334,12780167.968374692,945604.0406808642,1.0,1.0,13.515348304954973,0.0
165,before,37981635.66856511,78820134.3406839,116801770.00924902,0.3251803090446105,0.6748196909553895,3404464.102001479,3217588.0699343886,0.266386491196832,0.4800489443310269,1.0580795390849709,1.8437992334365845
165,comp0p3_best_rmse,59821860.07508715,59476092.912631206,119297952.98771836,0.501449174750264,0.4985508252497361,7247209.580217584,2322804.4016369116,0.5670668490548205,0.7560869949771938,3.1200257650236836,0.820324182510376
165,cycle41_best_strehl,60732163.75771723,58665873.21414865,119398036.97186588,0.5086529502325715,0.4913470497674285,7453956.67342279,2230107.769850658,0.5832440302715944,0.7675923004801077,3.3424199378140163,0.8043137788772583
165,cycle42_best_rmse,62253898.0178047,57330248.283495724,119584146.30130042,0.5205865488302417,0.4794134511697583,7905327.993336821,2179420.419656503,0.6185621357167636,0.7868254617763164,3.627261597641989,0.7642935514450073
165,cycle42_best_comp,61961210.584087394,57593724.50381049,119554935.08789788,0.5182656034946023,0.48173439650539773,7856492.333344405,2208423.6816605087,0.6147409292887054,0.783126192613687,3.5575113591596366,0.7684852480888367
165,cycle42_best_strehl,61961210.584087394,57593724.50381049,119554935.08789788,0.5182656034946023,0.48173439650539773,7856492.333344405,2208423.6816605087,0.6147409292887054,0.783126192613687,3.5575113591596366,0.7684852480888367
165,cycle42_best_main_lobe,61720582.9799935,57807003.42968435,119527586.40967785,0.516371030604163,0.483628969395837,7793658.569595106,2234029.2768664565,0.6098244239732209,0.7800849063370725,3.4886107582828187,0.7711423635482788
165,ideal,79120339.95094915,42485202.868746355,121605542.8196955,0.6506310330628666,0.3493689669371334,12780167.968374692,945604.0406808642,1.0,1.0,13.515348304954973,0.0
166,before,41312878.51880287,75571391.78010991,116884270.29891278,0.35345113943177986,0.6465488605682201,3313721.030963714,1982105.2720550715,0.259286187721767,0.5221524394917273,1.6718188875649407,1.8732632398605347
166,comp0p3_best_rmse,47954041.332100146,69950141.87478349,117904183.20688364,0.4067204405119057,0.5932795594880943,3927490.495406109,2386442.5159680895,0.30731133621443196,0.6060899303747858,1.6457511417629411,1.1073874235153198
166,cycle41_best_strehl,59478825.57986089,59837907.07628774,119316732.65614863,0.4984952592631678,0.5015047407368323,7676245.713273421,2087604.972262047,0.6006373102660905,0.7517513905619584,3.6770585504765023,1.1296939849853516
166,cycle42_best_rmse,59898187.49782631,59147114.60308094,119045302.10090725,0.5031545675532358,0.49684543244676416,7610259.315459728,2240607.1531899637,0.5954741232111957,0.7570516953663285,3.396516566781894,1.2683978080749512
166,cycle42_best_comp,59617113.53218274,59377422.574668616,118994536.10685135,0.5010071511069167,0.49899284889308326,7504881.278211712,2317988.9285516054,0.5872286887608207,0.7534992085365472,3.2376691647535756,1.292113184928894
166,cycle42_best_strehl,59617113.53218274,59377422.574668616,118994536.10685135,0.5010071511069167,0.49899284889308326,7504881.278211712,2317988.9285516054,0.5872286887608207,0.7534992085365472,3.2376691647535756,1.292113184928894
166,cycle42_best_main_lobe,59463834.928513564,59564858.96252749,119028693.89104106,0.49957563159473795,0.500424368405262,7423087.769677543,2338836.028929125,0.5808286548382172,0.7515619240940865,3.1738384725825894,1.2770962715148926
166,ideal,79120339.95094915,42485202.868746355,121605542.8196955,0.6506310330628666,0.3493689669371334,12780167.968374692,945604.0406808642,1.0,1.0,13.515348304954973,0.0
167,before,44404893.97318018,72978314.85644528,117383208.82962547,0.3782899991908652,0.6217100008091347,5564140.818865672,3281111.9245059756,0.43537305868236464,0.5612323455726947,1.6958095142406466,1.577823519706726
167,comp0p3_best_rmse,68482560.95893304,51721050.79854438,120203611.75747742,0.5697213249889972,0.43027867501100275,9174435.615509527,999392.9040500708,0.7178650263605478,0.8655493770803939,9.180008761649038,0.6827760338783264
167,cycle41_best_strehl,58200801.92408446,60963756.3795212,119164558.30360566,0.4884069789928759,0.5115930210071241,7233929.858555413,1616466.9042624366,0.5660277608601245,0.735598481505087,4.475148757750855,1.1492451429367065
167,cycle42_best_rmse,47846441.16343205,69993701.80441722,117840142.96784927,0.40602836994593733,0.5939716300540627,5101723.890334823,2073270.276502542,0.39919067597228386,0.6047299745311328,2.460713370637361,1.466135025024414
167,cycle42_best_comp,47932405.12030562,69925313.90659308,117857719.0268987,0.4066972067342148,0.5933027932657853,5026056.146141128,2046346.5129920044,0.3932699600332649,0.6058164708344458,2.4561119606241224,1.4626274108886719
167,cycle42_best_strehl,47932405.12030562,69925313.90659308,117857719.0268987,0.4066972067342148,0.5933027932657853,5026056.146141128,2046346.5129920044,0.3932699600332649,0.6058164708344458,2.4561119606241224,1.4626274108886719
167,cycle42_best_main_lobe,48577080.15927299,69359905.28105494,117936985.44032794,0.4118901291050153,0.5881098708949846,5013247.040576541,1975399.7878494542,0.3922676957753707,0.6139645025462286,2.53783921179534,1.4712942838668823
167,ideal,79120339.95094915,42485202.868746355,121605542.8196955,0.6506310330628666,0.3493689669371334,12780167.968374692,945604.0406808642,1.0,1.0,13.515348304954973,0.0
168,before,35176349.21007908,81218437.33852032,116394786.5485994,0.3022158487776561,0.6977841512223438,3640483.6208762415,3019976.2557760123,0.28485412945157224,0.4445929988658637,1.205467630387307,1.8025200366973877
168,comp0p3_best_rmse,62573449.38553651,57042276.01555124,119615725.40108775,0.5231205945181475,0.4768794054818524,7989989.277400742,1794622.8772453256,0.6251865622715179,0.7908642635298214,4.452182895196932,0.7406389117240906
168,cycle41_best_strehl,61520974.72906903,57962425.14136607,119483399.8704351,0.5148913974307802,0.4851086025692198,7656019.85503526,1816002.7501628073,0.5990547130507635,0.777562062640392,4.215863579693856,0.7813079357147217
168,cycle42_best_rmse,62622696.131189436,56995453.40596753,119618149.53715697,0.5235216927656697,0.4764783072343302,7992021.602614689,1671236.1169276002,0.6253455840636395,0.791486691917812,4.782102015188146,0.7360227108001709
168,cycle42_best_comp,62600192.23381785,57016004.707480125,119616196.94129798,0.5233421044521177,0.47665789554788224,7990606.07519285,1669008.5299509706,0.6252348243752425,0.7912022657211407,4.787636451101652,0.7373040318489075
168,cycle42_best_strehl,62600192.23381785,57016004.707480125,119616196.94129798,0.5233421044521177,0.47665789554788224,7990606.07519285,1669008.5299509706,0.6252348243752425,0.7912022657211407,4.787636451101652,0.7373040318489075
168,cycle42_best_main_lobe,62834199.58162136,56805917.49113432,119640117.07275568,0.525193397657832,0.4748066023421679,8030552.618170072,1649663.3332343413,0.6283604908826055,0.7941598787438928,4.867994854698816,0.7308676242828369
168,ideal,79120339.95094915,42485202.868746355,121605542.8196955,0.6506310330628666,0.3493689669371334,12780167.968374692,945604.0406808642,1.0,1.0,13.515348304954973,0.0
169,before,33111904.695146665,83029710.65955685,116141615.35470352,0.28509939864381,0.7149006013561899,4963622.054161156,4094341.455657479,0.3883847275281469,0.4185005362170394,1.212312677855073,2.097011089324951
169,comp0p3_best_rmse,64800292.99513632,55091936.23948051,119892229.23461683,0.5404878482018111,0.4595121517981889,8620691.734214539,1598205.916252843,0.6745366536298246,0.8190092842789783,5.393980616982466,0.6797037720680237
169,cycle41_best_strehl,65799297.35864808,54210059.09231815,120009356.45096622,0.5482847279956254,0.45171527200437456,8890592.049561072,1474310.955174874,0.6956553365778436,0.831635675471573,6.030337099751472,0.6533182263374329
169,cycle42_best_rmse,65808650.650945,54193554.10802787,120002204.75897287,0.5483953464282023,0.45160465357179763,8847331.701032175,1502421.7885370988,0.6922703772693316,0.8317538914992433,5.8887136545369065,0.6587729454040527
169,cycle42_best_comp,65352403.380057156,54586782.93034294,119939186.3104001,0.5448794959382708,0.4551205040617292,8664111.31661641,1515183.2667560661,0.677934072389055,0.8259873936407824,5.718193638163555,0.6804693341255188
169,cycle42_best_strehl,65352403.380057156,54586782.93034294,119939186.3104001,0.5448794959382708,0.4551205040617292,8664111.31661641,1515183.2667560661,0.677934072389055,0.8259873936407824,5.718193638163555,0.6804693341255188
169,cycle42_best_main_lobe,65915545.68060119,54095246.57342159,120010792.25402278,0.5492468172452356,0.4507531827547644,8853284.902840577,1506395.0661826425,0.6927361928848331,0.8331049351085409,5.877133496776311,0.659007728099823
169,ideal,79120339.95094915,42485202.868746355,121605542.8196955,0.6506310330628666,0.3493689669371334,12780167.968374692,945604.0406808642,1.0,1.0,13.515348304954973,0.0
170,before,48624442.57436115,69266747.64291114,117891190.2172723,0.41245187604558736,0.5875481239544126,3900955.4099981464,3201566.6533585135,0.30523506574023906,0.6145631149272867,1.2184520368819929,1.6182453632354736
170,comp0p3_best_rmse,53434106.03453039,65142117.99129346,118576224.02582385,0.4506308619078085,0.5493691380921916,5689697.952002575,2682675.834981285,0.445197431370392,0.6753523312419663,2.1209040159868096,1.345734715461731
170,cycle41_best_strehl,56298799.28124674,62724179.68482287,119022978.96606961,0.4730078155521219,0.5269921844478781,7201625.072541076,2415453.5571085196,0.5635000330482305,0.7115591176194304,2.981479420851281,1.1595934629440308
170,cycle42_best_rmse,39230632.92034392,77641937.44663787,116872570.36698179,0.3356701473849603,0.6643298526150397,4562380.746295184,3190100.328237032,0.3569891066835017,0.4958349893929304,1.430168420068633,1.7176579236984253
170,cycle42_best_comp,39037239.69194563,77834129.92448242,116871369.61642805,0.33401884328100107,0.6659811567189989,4328542.416447984,3156927.5515132137,0.3386921382535212,0.49339069721069023,1.371125040349177,1.7288055419921875
170,cycle42_best_strehl,39037239.69194563,77834129.92448242,116871369.61642805,0.33401884328100107,0.6659811567189989,4328542.416447984,3156927.5515132137,0.3386921382535212,0.49339069721069023,1.371125040349177,1.7288055419921875
170,cycle42_best_main_lobe,38353006.30650844,78460488.9469985,116813495.25350694,0.32832684462762884,0.6716731553723712,4077799.731275212,3180272.2888242486,0.3190724676988579,0.4847426885461498,1.282217169141445,1.781660556793213
170,ideal,79120339.95094915,42485202.868746355,121605542.8196955,0.6506310330628666,0.3493689669371334,12780167.968374692,945604.0406808642,1.0,1.0,13.515348304954973,0.0
171,before,37119940.83998673,79531721.9484629,116651662.78844963,0.31821184501505617,0.6817881549849438,3409884.3815709986,2540557.5204576356,0.26681060765468545,0.4691580049200917,1.342179562601192,1.622726321220398
171,comp0p3_best_rmse,53285689.93424646,65077832.20704692,118363522.14129338,0.45018675492469756,0.5498132450753024,4562132.582235379,2652315.4244764014,0.35696968878066826,0.6734765038583133,1.7200565740162668,1.1720737218856812
171,cycle41_best_strehl,52893714.00634142,65494863.92611072,118388577.93245214,0.44678055037134146,0.5532194496286585,4907237.916546983,2634905.6455298285,0.38397288116167516,0.6685223298981401,1.862396069047942,1.1174026727676392
171,cycle42_best_rmse,49965956.00112293,68171589.25989333,118137545.26101625,0.4229473017297491,0.577052698270251,4693217.460321942,2604481.7371306242,0.36722658668771774,0.6315184696134957,1.8019774888083848,1.1490962505340576
171,cycle42_best_comp,50094017.53527659,68057977.87190545,118151995.40718204,0.42397944582010466,0.5760205541798953,4724131.777405982,2603534.9861918953,0.3696455155437812,0.6331370361443405,1.8145067388995657,1.1466450691223145
171,cycle42_best_strehl,50094017.53527659,68057977.87190545,118151995.40718204,0.42397944582010466,0.5760205541798953,4724131.777405982,2603534.9861918953,0.3696455155437812,0.6331370361443405,1.8145067388995657,1.1466450691223145
171,cycle42_best_main_lobe,49344799.24598361,68720906.53699389,118065705.7829775,0.41794354185021987,0.58205645814978,4534781.75076619,2743285.15442782,0.35482958925014013,0.6236676849034652,1.6530478953114995,1.1629501581192017
171,ideal,79120339.95094915,42485202.868746355,121605542.8196955,0.6506310330628666,0.3493689669371334,12780167.968374692,945604.0406808642,1.0,1.0,13.515348304954973,0.0
172,before,46851329.82217672,70534500.57466426,117385830.39684099,0.39912253177226364,0.6008774682277364,7949719.07330425,3813942.0656834715,0.6220355705008195,0.592152787149579,2.0843838045766523,1.620976209640503
172,comp0p3_best_rmse,73687467.33449422,47355925.36390394,121043392.69839816,0.6087690182156417,0.39123098178435833,11804877.856446095,875615.91813818,0.9236872227077131,0.9313340587284755,13.481799053569945,0.6351162791252136
172,cycle41_best_strehl,74118108.8599084,46964097.024258226,121082205.88416663,0.6121304804342064,0.3878695195657937,11844155.040115133,929911.4790785238,0.9267605143707203,0.9367769262095955,12.736862923610587,0.6213453412055969
172,cycle42_best_rmse,73628702.27663939,47407906.700051144,121036608.97669053,0.6083176230657532,0.39168237693424685,11785047.32364653,896227.0027026633,0.9221355582187458,0.9305913286303583,13.149623129081725,0.6397077441215515
172,cycle42_best_comp,73611927.15471223,47424085.0320148,121036012.18672703,0.6081820263637586,0.3918179736362414,11789212.714396201,890748.0939335881,0.9224614843536744,0.9303793082834089,13.235181522908961,0.64037024974823
172,cycle42_best_strehl,73611927.15471223,47424085.0320148,121036012.18672703,0.6081820263637586,0.3918179736362414,11789212.714396201,890748.0939335881,0.9224614843536744,0.9303793082834089,13.235181522908961,0.64037024974823
172,cycle42_best_main_lobe,73548445.03790721,47477753.57796696,121026198.61587417,0.6077068095920545,0.3922931904079455,11757151.560468812,885127.4378434941,0.9199528198348099,0.9295769593950652,13.283004297227174,0.6408504843711853
172,ideal,79120339.95094915,42485202.868746355,121605542.8196955,0.6506310330628666,0.3493689669371334,12780167.968374692,945604.0406808642,1.0,1.0,13.515348304954973,0.0
173,before,29938592.08401433,85980455.92884904,115919048.01286337,0.2582715489579598,0.7417284510420402,5349948.426309461,5349948.426309461,0.4186133108381858,0.378393117402868,1.0,1.9572412967681885
173,comp0p3_best_rmse,63391478.44539502,56565351.04874526,119956829.49414028,0.5284524333688863,0.4715475666311137,9770165.991375966,852270.0429449389,0.7644786841262837,0.8012033123807952,11.46369753607211,1.117856502532959
173,cycle41_best_strehl,64079218.529892676,55965393.824958704,120044612.35485138,0.5337950389683026,0.4662049610316974,10001189.742321983,957349.4953400524,0.7825554223599047,0.809895642127154,10.446748852956297,1.099881887435913
173,cycle42_best_rmse,63473154.579859525,56513632.44180758,119986787.02166711,0.5290012021773497,0.47099879782265025,9918481.814154482,980339.9994533159,0.776083838545657,0.8022356150038014,10.117389701211312,1.1357386112213135
173,cycle42_best_comp,63445692.43798595,56544108.20144824,119989800.63943419,0.5287590453511827,0.4712409546488173,9950647.149189416,977561.4234334514,0.7786006548437314,0.8018885216787398,10.179050554429757,1.134721279144287
173,cycle42_best_strehl,63445692.43798595,56544108.20144824,119989800.63943419,0.5287590453511827,0.4712409546488173,9950647.149189416,977561.4234334514,0.7786006548437314,0.8018885216787398,10.179050554429757,1.134721279144287
173,cycle42_best_main_lobe,63444788.527344495,56544440.24731003,119989228.77465452,0.5287540321348079,0.4712459678651921,9947111.20323996,978703.0945464992,0.77832398039327,0.8018770971747247,10.163563657524906,1.1328057050704956
173,ideal,79120339.95094915,42485202.868746355,121605542.8196955,0.6506310330628666,0.3493689669371334,12780167.968374692,945604.0406808642,1.0,1.0,13.515348304954973,0.0
174,before,32283744.531002138,84039142.33638798,116322886.86739011,0.2775356200349988,0.7224643799650012,3436811.8255902086,2940483.9525866196,0.2689175787121742,0.4080334405920971,1.1687912197470047,2.4157965183258057
174,comp0p3_best_rmse,66069579.203257315,53955099.39027115,120024678.59352846,0.5504666205106562,0.4495333794893438,8976177.618657198,1102104.683707706,0.7023520849545404,0.8350517609532178,8.144578052657845,0.6760165691375732
174,cycle41_best_strehl,66208801.98894287,53818689.27065059,120027491.25959346,0.5516136452918738,0.4483863547081262,8930599.258086562,1162031.6974034617,0.6987857499358284,0.8368113942633358,7.685331887281406,0.6661780476570129
174,cycle42_best_rmse,68203553.34086718,52074481.04551403,120278034.38638121,0.5670491182269412,0.4329508817730588,9572243.561069746,1027202.2494503035,0.7489919995384136,0.8620230067660243,9.318752530178191,0.5922583341598511
174,cycle42_best_comp,68730619.95247492,51608873.94048929,120339493.89296421,0.5711393469346586,0.4288606530653414,9709276.213756947,988023.0291998491,0.7597142884024017,0.8686845885025853,9.826973589492148,0.5770180225372314
174,cycle42_best_strehl,68730619.95247492,51608873.94048929,120339493.89296421,0.5711393469346586,0.4288606530653414,9709276.213756947,988023.0291998491,0.7597142884024017,0.8686845885025853,9.826973589492148,0.5770180225372314
174,cycle42_best_main_lobe,68144357.42133184,52126330.23841508,120270687.65974692,0.5665915672995598,0.43340843270044016,9553637.894072225,1028837.5255820696,0.7475361761843261,0.8612748310178913,9.285856762142506,0.5938870906829834
174,ideal,79120339.95094915,42485202.868746355,121605542.8196955,0.6506310330628666,0.3493689669371334,12780167.968374692,945604.0406808642,1.0,1.0,13.515348304954973,0.0
175,before,41174786.970285565,75639692.78267115,116814479.75295672,0.3524801639091611,0.6475198360908389,5460822.278545833,4600791.465994945,0.42728877210839267,0.5204071038599174,1.1869310571686391,1.833217978477478
175,comp0p3_best_rmse,64608057.234983355,55260019.66181174,119868076.8967951,0.5389930238941772,0.46100697610582275,8640620.679096702,1228238.1997256784,0.6760960184935321,0.8165796213089742,7.034971458326688,0.7220081090927124
175,cycle41_best_strehl,64697431.17519165,55156921.41244397,119854352.58763562,0.5398004309262436,0.4601995690737564,8507731.473596027,1230029.1955274031,0.6656979387633191,0.8177092163064641,6.9166906806209125,0.737692654132843
175,cycle42_best_rmse,65797516.47581643,54207077.71063429,120004594.18645072,0.5482916460147106,0.45170835398528947,8952449.251909701,1077734.3628435433,0.7004954296424808,0.8316131669379551,8.306730823993727,0.6844005584716797
175,cycle42_best_comp,65049223.37351667,54865114.218648665,119914337.59216534,0.5424641012883075,0.45753589871169253,8731983.48276481,1153092.9824491183,0.6832448137123579,0.8221555091123737,7.572662062532429,0.709487795829773
175,cycle42_best_strehl,65049223.37351667,54865114.218648665,119914337.59216534,0.5424641012883075,0.45753589871169253,8731983.48276481,1153092.9824491183,0.6832448137123579,0.8221555091123737,7.572662062532429,0.709487795829773
175,cycle42_best_main_lobe,65361824.57650597,54592252.51270906,119954077.08921503,0.544890396079606,0.455109603920394,8837387.613331988,1102722.4357871413,0.6914922898666626,0.826106467907332,8.014154175636879,0.7006080746650696
175,ideal,79120339.95094915,42485202.868746355,121605542.8196955,0.6506310330628666,0.3493689669371334,12780167.968374692,945604.0406808642,1.0,1.0,13.515348304954973,0.0
176,before,37670726.348847136,79074076.28308272,116744802.63192986,0.3226758322390974,0.6773241677609027,4638204.839732169,4638204.839732169,0.3629220563618327,0.47611936920646697,1.0,2.264516592025757
176,comp0p3_best_rmse,68320378.5275797,51990115.66110772,120310494.18868741,0.5678671589564773,0.4321328410435227,9607835.073711593,1178903.0876850248,0.7517769013276483,0.8634995573822747,8.149809067493578,0.570460855960846
176,cycle41_best_strehl,68952997.34521477,51436244.7945614,120389242.13977617,0.5727504893265953,0.4272495106734047,9813887.300095009,1160115.205381786,0.7678997118332148,0.8714952108138356,8.459407526570024,0.5487539172172546
176,cycle42_best_rmse,69012571.05315557,51380629.216207296,120393200.26936287,0.5732264853725098,0.42677351462749025,9811882.098325193,1200738.1570425613,0.7677428123484211,0.8722481614201871,8.171541847634813,0.5490310788154602
176,cycle42_best_comp,68853083.36564454,51521292.06590986,120374375.4315544,0.5719911992797406,0.42800880072025943,9767319.758871749,1214798.9224442134,0.7642559771547275,0.870232400522169,8.040276936712782,0.5537429451942444
176,cycle42_best_strehl,68853083.36564454,51521292.06590986,120374375.4315544,0.5719911992797406,0.42800880072025943,9767319.758871749,1214798.9224442134,0.7642559771547275,0.870232400522169,8.040276936712782,0.5537429451942444
176,cycle42_best_main_lobe,68825150.08239596,51548948.807108164,120374098.88950412,0.571760459412229,0.42823954058777103,9777896.629490199,1193560.389410446,0.765083577437026,0.869879352453039,8.192209389857474,0.5523456931114197
176,ideal,79120339.95094915,42485202.868746355,121605542.8196955,0.6506310330628666,0.3493689669371334,12780167.968374692,945604.0406808642,1.0,1.0,13.515348304954973,0.0
177,before,43735684.92493883,73607161.42074394,117342846.34568277,0.37271709598808395,0.6272829040119161,5233125.01059026,2648957.601963674,0.4094723186377478,0.552774229130624,1.9755412493997415,1.679280400276184
177,comp0p3_best_rmse,67984756.55075157,52254372.689107716,120239129.23985928,0.5654129149183377,0.4345870850816623,9418976.497571044,1011480.3098812294,0.7369994291842547,0.8592576396018885,9.312071036436729,0.5951772928237915
177,cycle41_best_strehl,69057656.08918244,51312825.31682159,120370481.40600403,0.5737092290613525,0.4262907709386475,9744219.27793541,942031.9204549453,0.762448451542114,0.8728179900641846,10.34383131436728,0.5623489022254944
177,cycle42_best_rmse,69541022.44933261,50881591.3616925,120422613.81102511,0.577474780263953,0.4225252197360469,9838574.769255761,874654.3826604567,0.7698314132961255,0.8789272454143238,11.248528520865051,0.5486509203910828
177,cycle42_best_comp,69656726.89383999,50778569.26409981,120435296.15793979,0.5783746884508973,0.4216253115491026,9863398.11839639,859382.9579556972,0.7717737468555947,0.8803896309978426,11.477302437855496,0.545832097530365
177,cycle42_best_strehl,69656726.89383999,50778569.26409981,120435296.15793979,0.5783746884508973,0.4216253115491026,9863398.11839639,859382.9579556972,0.7717737468555947,0.8803896309978426,11.477302437855496,0.545832097530365
177,cycle42_best_main_lobe,69190057.45042698,51196617.96139532,120386675.4118223,0.5747318564429127,0.4252681435570873,9777588.188102072,888345.2697526398,0.7650594430603191,0.8744914075612104,11.006517984639741,0.5554140210151672
177,ideal,79120339.95094915,42485202.868746355,121605542.8196955,0.6506310330628666,0.3493689669371334,12780167.968374692,945604.0406808642,1.0,1.0,13.515348304954973,0.0
178,before,43280477.82815138,73899535.28668284,117180013.11483423,0.3693503412201987,0.6306496587798013,5275953.407767266,4132071.297121776,0.4128234793801565,0.5470208780066317,1.276830196865739,1.4374371767044067
178,comp0p3_best_rmse,60680729.19272297,58802439.70198838,119483168.89471135,0.5078600589024792,0.49213994109752085,7957892.293443787,2127971.6778168897,0.6226750941878134,0.7669422202981198,3.739660812406995,0.920539915561676
178,cycle41_best_strehl,61400322.33604483,58171367.18545391,119571689.52149874,0.5135021724770827,0.48649782752291726,8181004.485983235,2082213.850586993,0.6401327827793525,0.7760371400591822,3.9289934046288972,0.9146768450737
178,cycle42_best_rmse,56211529.51193776,62745143.75255159,118956673.26448935,0.4725378406216567,0.5274621593783433,6716215.658074923,2462661.549474491,0.5255185749275447,0.710456117185369,2.727218305539428,1.062235713005066
178,cycle42_best_comp,56866766.75029513,62139090.4167517,119005857.16704683,0.47784846984860635,0.5221515301513936,6725222.508405011,2407709.925816362,0.5262233270366231,0.7187376442713698,2.793202966974831,1.0607833862304688
178,cycle42_best_strehl,56866766.75029513,62139090.4167517,119005857.16704683,0.47784846984860635,0.5221515301513936,6725222.508405011,2407709.925816362,0.5262233270366231,0.7187376442713698,2.793202966974831,1.0607833862304688
178,cycle42_best_main_lobe,57505479.77251,61546677.18246836,119052156.95497836,0.4830276178385974,0.5169723821614026,6722852.829647924,2430285.4918439966,0.5260379086005782,0.726810322202365,2.766281102450606,1.059977412223816
178,ideal,79120339.95094915,42485202.868746355,121605542.8196955,0.6506310330628666,0.3493689669371334,12780167.968374692,945604.0406808642,1.0,1.0,13.515348304954973,0.0
179,before,58852040.722535975,59483986.592175536,118336027.31471151,0.4973298669729764,0.5026701330270236,4175273.433425306,2816145.1132139657,0.32669941770384203,0.7438294724090094,1.482620129848428,1.5081148147583008
179,comp0p3_best_rmse,53593373.39307578,64730348.459075764,118323721.85215154,0.45293853636586956,0.5470614636341304,4254717.514732149,2656015.1962255016,0.332915617796316,0.6773653074076922,1.6019176098007966,1.3987213373184204
179,cycle41_best_strehl,51596390.36651754,66654755.351027586,118251145.71754512,0.4363288833561136,0.5636711166438864,4491577.992631173,3107866.0189082623,0.3514490579267704,0.6521254888250587,1.4452289658899078,1.2590975761413574
179,cycle42_best_rmse,53904269.081772074,64664535.04936448,118568804.13113655,0.4546243801375799,0.5453756198624201,5373949.150200541,2932533.2134863595,0.420491277070748,0.6812947102501097,1.8325279746147154,1.0878621339797974
179,cycle42_best_comp,52906748.05314088,65624402.15789488,118531150.21103576,0.4463531144255701,0.5536468855744299,5569814.290356928,2773306.389546692,0.4358169864543075,0.6686870668900127,2.0083660108205126,1.057376503944397
179,cycle42_best_strehl,52906748.05314088,65624402.15789488,118531150.21103576,0.4463531144255701,0.5536468855744299,5569814.290356928,2773306.389546692,0.4358169864543075,0.6686870668900127,2.0083660108205126,1.057376503944397
179,cycle42_best_main_lobe,52395308.59711427,66079204.352772884,118474512.94988716,0.4422496222396513,0.5577503777603486,5451720.931259124,2832006.4240392335,0.4265766259684333,0.6622229963824331,1.9250383350061206,1.0713156461715698
179,ideal,79120339.95094915,42485202.868746355,121605542.8196955,0.6506310330628666,0.3493689669371334,12780167.968374692,945604.0406808642,1.0,1.0,13.515348304954973,0.0
180,before,56721870.43736766,61673736.88613598,118395607.32350364,0.4790876259655569,0.5209123740344431,6463292.799644928,2166759.319944242,0.5057283140283244,0.7169063033921812,2.9829306560044015,1.4198609590530396
180,comp0p3_best_rmse,64899406.75436585,55023808.61285123,119923215.36721708,0.5411746721069584,0.4588253278930417,8763433.977082439,1866929.128193075,0.6857056964171435,0.8202619806057506,4.6940367712641615,0.6869418621063232
180,cycle41_best_strehl,65340173.48494339,54623666.65880926,119963840.14375265,0.5446655709474311,0.45533442905256893,8821943.723667232,1904906.879475821,0.6902838636782922,0.8258328203019754,4.63116796874333,0.6814001798629761
180,cycle42_best_rmse,64645015.652749926,55249572.76061255,119894588.41336247,0.5391820974427326,0.4608179025572674,8711724.258073656,1920490.8733652346,0.6816596056977773,0.8170467378278047,4.536196645812896,0.7027000784873962
180,cycle42_best_comp,64504479.58183414,55374629.393717065,119879108.9755512,0.5380794046024276,0.4619205953975723,8679141.073368337,1948165.9846625463,0.6791100942370556,0.8152705059384711,4.455031625486318,0.7059187889099121
180,cycle42_best_strehl,64504479.58183414,55374629.393717065,119879108.9755512,0.5380794046024276,0.4619205953975723,8679141.073368337,1948165.9846625463,0.6791100942370556,0.8152705059384711,4.455031625486318,0.7059187889099121
180,cycle42_best_main_lobe,64632554.67626327,55258760.038883165,119891314.71514644,0.5390928844998139,0.46090711550018615,8696388.671735449,1933129.306522559,0.6804596538367254,0.8168892438572988,4.498606814553492,0.704088568687439
180,ideal,79120339.95094915,42485202.868746355,121605542.8196955,0.6506310330628666,0.3493689669371334,12780167.968374692,945604.0406808642,1.0,1.0,13.515348304954973,0.0
181,before,32587654.060406465,83653982.82305816,116241636.88346462,0.28034407406940137,0.7196559259305987,3861931.151126563,3861931.151126563,0.3021815644898524,0.41187454554175656,1.0,2.1983449459075928
181,comp0p3_best_rmse,59459020.62476221,59778083.56497264,119237104.18973485,0.49866206520873435,0.5013379347912656,7113115.989628447,1568680.485675404,0.5565745307284136,0.7515010762292474,4.534458135090433,0.8515434861183167
181,cycle41_best_strehl,58723302.0886692,60379329.60831516,119102631.69698437,0.49304789702775353,0.5069521029722465,6598145.201141552,1822993.0004418364,0.5162800064497639,0.7422023480318065,3.6194023781453732,0.9045746922492981
181,cycle42_best_rmse,60071171.18868036,59051648.47128648,119122819.65996684,0.5042792922477157,0.4957207077522843,8636862.824261565,1586387.360435944,0.6758019805087078,0.7592380319134325,5.444359328410262,0.9540664553642273
181,cycle42_best_comp,53853088.982732244,64568155.01211988,118421243.99485213,0.4547586832061423,0.5452413167938577,7416647.298873713,1995483.5005623293,0.5803247122593898,0.6806478462569625,3.7167169243863425,1.1389435529708862
181,cycle42_best_strehl,53853088.982732244,64568155.01211988,118421243.99485213,0.4547586832061423,0.5452413167938577,7416647.298873713,1995483.5005623293,0.5803247122593898,0.6806478462569625,3.7167169243863425,1.1389435529708862
181,cycle42_best_main_lobe,65086789.390851274,54663042.2402824,119749831.63113368,0.5435230138054692,0.45647698619453086,8433797.917114971,1094794.6371029138,0.6599129164800431,0.822630305066965,7.703543323369577,0.7957196235656738
181,ideal,79120339.95094915,42485202.868746355,121605542.8196955,0.6506310330628666,0.3493689669371334,12780167.968374692,945604.0406808642,1.0,1.0,13.515348304954973,0.0
182,before,37787407.95256101,78731731.64404193,116519139.59660293,0.32430215399275647,0.6756978460072436,4971065.941538355,4632759.246103144,0.3889671836739206,0.4775941050807847,1.0730248816015593,2.02458119392395
182,comp0p3_best_rmse,69639378.94303074,50828880.64341219,120468259.58644293,0.5780724249034284,0.42192757509657164,10027909.215950867,1096801.2271038196,0.7846461205177853,0.8801703706809634,9.142868341267508,0.54756098985672
182,cycle41_best_strehl,69556226.06565021,50899924.399774045,120456150.46542425,0.5774402203365749,0.422559779663425,9991079.458764356,1089550.006355886,0.781764330757459,0.8791194035411345,9.169913634510971,0.55644291639328
182,cycle42_best_rmse,67916730.64235842,52350916.24283953,120267646.88519795,0.5647132242238734,0.43528677577612657,9564281.379446896,1215516.1997350573,0.7483689888203578,0.8583978618451787,7.868493551572242,0.6144306659698486
182,cycle42_best_comp,68265965.41590945,52041331.22358662,120307296.63949607,0.5674299674480275,0.4325700325519724,9650823.260589618,1195049.7318252323,0.755140565012226,0.8628118314232612,8.075666646817828,0.6052517890930176
182,cycle42_best_strehl,68265965.41590945,52041331.22358662,120307296.63949607,0.5674299674480275,0.4325700325519724,9650823.260589618,1195049.7318252323,0.755140565012226,0.8628118314232612,8.075666646817828,0.6052517890930176
182,cycle42_best_main_lobe,67980396.24543005,52295131.44471431,120275527.69014436,0.5652055538726231,0.43479444612737694,9584830.626637384,1211001.2523436104,0.7499768900029823,0.8592025298118622,7.914798277944123,0.6126887798309326
182,ideal,79120339.95094915,42485202.868746355,121605542.8196955,0.6506310330628666,0.3493689669371334,12780167.968374692,945604.0406808642,1.0,1.0,13.515348304954973,0.0
183,before,53790915.36322714,64195379.71194353,117986295.07517067,0.45590816568107523,0.5440918343189248,5267921.661041543,1635124.4439897633,0.4121950254548561,0.6798620354333026,3.22172522122391,1.8821407556533813
183,comp0p3_best_rmse,49512939.271472305,68486531.09571661,117999470.36718892,0.41960306361883415,0.5803969363811659,4166920.432307294,2885195.92172586,0.3260458268325263,0.6257928024850244,1.4442417587415468,1.1143563985824585
183,cycle41_best_strehl,61747608.29562275,57310758.57241008,119058366.86803283,0.5186330866109166,0.48136691338908344,7691299.04780629,2044453.2142540968,0.6018151769866312,0.7804264786261451,3.762032309754959,1.50054132938385
183,cycle42_best_rmse,56514757.40030473,62018221.60864029,118532979.00894502,0.4767850928309148,0.5232149071690851,6524837.315118644,2774947.5657170606,0.5105439405229065,0.7142886068909865,2.35133715524192,1.3813501596450806
183,cycle42_best_comp,56278445.43359699,62228311.298269235,118506756.73186623,0.47489651211139616,0.5251034878886038,6436158.7664104365,2775183.5305772447,0.5036051781429717,0.7113018658474793,2.3191831082507544,1.3735742568969727
183,cycle42_best_strehl,56278445.43359699,62228311.298269235,118506756.73186623,0.47489651211139616,0.5251034878886038,6436158.7664104365,2775183.5305772447,0.5036051781429717,0.7113018658474793,2.3191831082507544,1.3735742568969727
183,cycle42_best_main_lobe,55319722.493547454,63107777.4901716,118427499.98371905,0.4671188913145392,0.5328811086854608,5932195.786235909,2925112.5776913576,0.4641719733978059,0.6991845905596848,2.028023068745576,1.329247236251831
183,ideal,79120339.95094915,42485202.868746355,121605542.8196955,0.6506310330628666,0.3493689669371334,12780167.968374692,945604.0406808642,1.0,1.0,13.515348304954973,0.0
184,before,55437977.14983669,62433579.59957622,117871556.74941291,0.47032531578160236,0.5296746842183977,7276077.308159572,3679883.650665884,0.5693256400201211,0.7006792082062033,1.9772574349851926,1.6229711771011353
184,comp0p3_best_rmse,77205994.66406594,44172649.82932171,121378644.49338765,0.6360756044550481,0.36392439554495193,12251367.927131465,963196.2231381666,0.958623388788647,0.9758046377446051,12.719493321117453,0.3089018166065216
184,cycle41_best_strehl,76583915.53506285,44733608.92262791,121317524.45769076,0.631268366853062,0.368731633146938,12160858.98821324,939028.4913483128,0.9515414052699487,0.9679421951743539,12.950468596274385,0.3499965965747833
184,cycle42_best_rmse,77073844.0719778,44303133.90999566,121376977.98197345,0.6349955762074136,0.36500442379258635,12305198.562606603,944085.7564804557,0.9628354332319082,0.9741343897126822,13.033983913156668,0.34196534752845764
184,cycle42_best_comp,77169975.4683538,44219512.637657195,121389488.10601099,0.6357220602245252,0.3642779397754749,12339441.417811748,934290.7859483694,0.9655148076571803,0.9753493920298562,13.207281505282497,0.33640947937965393
184,cycle42_best_strehl,77169975.4683538,44219512.637657195,121389488.10601099,0.6357220602245252,0.3642779397754749,12339441.417811748,934290.7859483694,0.9655148076571803,0.9753493920298562,13.207281505282497,0.33640947937965393
184,cycle42_best_main_lobe,77146829.11353375,44240282.532642275,121387111.64617603,0.6355438239473429,0.3644561760526571,12335881.002986494,933053.3431442803,0.9652362186093632,0.9750568458295442,13.220981515822047,0.33547326922416687
184,ideal,79120339.95094915,42485202.868746355,121605542.8196955,0.6506310330628666,0.3493689669371334,12780167.968374692,945604.0406808642,1.0,1.0,13.515348304954973,0.0
185,before,44992624.90150543,72260782.3955316,117253407.29703704,0.3837212575624861,0.6162787424375139,6067707.613803559,3376228.4042176832,0.47477526342521265,0.5686606620926897,1.7971851685814861,1.6645455360412598
185,comp0p3_best_rmse,74124837.0238211,46883030.17283632,121007867.19665742,0.6125621312154541,0.38743786878454595,11341480.146040011,848991.7824094325,0.887428097510549,0.9368619633052004,13.358763160054357,0.38737717270851135
185,cycle41_best_strehl,66964582.7750886,53248037.62877924,120212620.40386784,0.5570511860577828,0.4429488139422172,9680357.673524097,847120.1642463215,0.7574515215667537,0.846363688737984,11.427372505217912,0.8416986465454102
185,cycle42_best_rmse,64478734.48023106,55452129.629798725,119930864.11002979,0.5376325348667168,0.4623674651332832,9067719.094002359,934328.0649457925,0.7095148605590306,0.814945114242492,9.705069808139013,0.9097331166267395
185,cycle42_best_comp,64817576.31392019,55134949.97223341,119952526.2861536,0.5403602435124556,0.4596397564875444,9048849.10650334,896593.9139005009,0.7080383551214092,0.8192277277133037,10.092472150672586,0.9114829897880554
185,cycle42_best_strehl,64817576.31392019,55134949.97223341,119952526.2861536,0.5403602435124556,0.4596397564875444,9048849.10650334,896593.9139005009,0.7080383551214092,0.8192277277133037,10.092472150672586,0.9114829897880554
185,cycle42_best_main_lobe,63622652.91558649,56199506.07810941,119822158.9936959,0.5309756847139919,0.4690243152860081,8781709.265371144,1003116.6434755414,0.6871356688818192,0.8041251207341817,8.754424844298045,0.9378975033760071
185,ideal,79120339.95094915,42485202.868746355,121605542.8196955,0.6506310330628666,0.3493689669371334,12780167.968374692,945604.0406808642,1.0,1.0,13.515348304954973,0.0
186,before,43813910.15833759,73361162.1490448,117175072.30738239,0.37391835392600975,0.6260816460739902,4384189.921783483,2589640.628156457,0.3430463459191169,0.5537629159012731,1.6929723275559474,1.6256682872772217
186,comp0p3_best_rmse,63231748.809251875,56526193.87228371,119757942.68153559,0.527996284784216,0.47200371521578405,8501331.972448034,1297543.4949561777,0.6651972019057262,0.7991844935000603,6.551866666122936,0.8182969689369202
186,cycle41_best_strehl,62240613.11126818,57298363.266568646,119538976.37783682,0.5206721271774912,0.4793278728225087,7605560.275364746,1403148.5968732191,0.59510644102528,0.7866575541744942,5.420352692731904,0.9311012625694275
186,cycle42_best_rmse,58071497.735993095,61061177.046721034,119132674.78271413,0.48745231181881543,0.5125476881811846,6966400.818308095,1521542.125070478,0.5450946212559085,0.7339642091021685,4.578513275132235,0.9911530017852783
186,cycle42_best_comp,58150550.34513058,60999878.570014685,119150428.91514526,0.48804314742789007,0.5119568525721099,7038668.883042639,1523211.771595678,0.5507493250840095,0.7349633530541092,4.620939132888337,0.9796808958053589
186,cycle42_best_strehl,58150550.34513058,60999878.570014685,119150428.91514526,0.48804314742789007,0.5119568525721099,7038668.883042639,1523211.771595678,0.5507493250840095,0.7349633530541092,4.620939132888337,0.9796808958053589
186,cycle42_best_main_lobe,58607439.47230637,60587800.493858725,119195239.9661651,0.49169278478689876,0.5083072152131012,7110070.151669063,1491533.131382599,0.5563362053819141,0.7407379633181581,4.766954217824365,0.9764195084571838
186,ideal,79120339.95094915,42485202.868746355,121605542.8196955,0.6506310330628666,0.3493689669371334,12780167.968374692,945604.0406808642,1.0,1.0,13.515348304954973,0.0
187,before,50864790.41324595,67031453.45168806,117896243.86493401,0.43143690371949767,0.5685630962805023,4056164.2067578672,4056164.2067578672,0.3173795694074674,0.6428788152930044,1.0,1.3124827146530151
187,comp0p3_best_rmse,65450619.45132327,54681182.94445239,120131802.39577566,0.5448234201605952,0.45517657983940485,9909492.253599467,873886.7979561754,0.7753804392963467,0.8272287441118118,11.339560543511515,1.0303400754928589
187,cycle41_best_strehl,65459571.488190494,54702774.33543854,120162345.82362904,0.5447594339101056,0.45524056608989444,10090516.37012987,818216.4605487596,0.7895448944880435,0.8273418886821305,12.33233118209622,1.021610140800476
187,cycle42_best_rmse,63922902.059876904,56081331.74654992,120004233.80642682,0.5326720569124913,0.4673279430875087,9821461.049282892,779691.6437193336,0.7684923291764786,0.8079199621678328,12.596596524277146,1.084311604499817
187,cycle42_best_comp,64024365.54516495,55984389.636423774,120008755.18158872,0.5334974556505301,0.4665025443494699,9801657.423049653,797856.0079728162,0.7669427700249679,0.8092023566235562,12.284995444169928,1.0850785970687866
187,cycle42_best_strehl,64024365.54516495,55984389.636423774,120008755.18158872,0.5334974556505301,0.4665025443494699,9801657.423049653,797856.0079728162,0.7669427700249679,0.8092023566235562,12.284995444169928,1.0850785970687866
187,cycle42_best_main_lobe,64175091.252823316,55854946.64669786,120030037.89952117,0.5346585935975892,0.46534140640241084,9865905.337511841,815854.2309360193,0.7719699273065603,0.8111073750771145,12.092730494506123,1.0767652988433838
187,ideal,79120339.95094915,42485202.868746355,121605542.8196955,0.6506310330628666,0.3493689669371334,12780167.968374692,945604.0406808642,1.0,1.0,13.515348304954973,0.0
188,before,44035266.19280922,73263175.19055972,117298441.38336892,0.375412202186795,0.6245877978132051,3505249.277611646,2899011.144451049,0.27427255152558244,0.5565606292908877,1.2091189384770002,1.5120153427124023
188,comp0p3_best_rmse,55382608.444878496,63314216.59822046,118696825.04309896,0.466588793969586,0.533411206030414,5709827.656167798,2733770.1938294694,0.4467725048917288,0.6999794045274967,2.0886275185294427,0.9949325919151306
188,cycle41_best_strehl,56245623.17252662,62588488.31364522,118834111.48617184,0.47331210263705853,0.5266878973629415,6169263.801347055,2704983.4733657055,0.48272165253330596,0.7108870261097998,2.280702955153689,0.9676635265350342
188,cycle42_best_rmse,57421969.843920186,61590339.2608327,119012309.10475288,0.482487654225566,0.5175123457744341,6746101.174299913,2630963.724983164,0.5278570039919314,0.7257548423012221,2.564117897270926,0.9309025406837463
188,cycle42_best_comp,57637586.67278615,61398195.36735289,119035782.04013903,0.4842038728602688,0.5157961271397312,6791075.340313725,2620001.253116289,0.5313760630626027,0.7284800180145676,2.5920122489392954,0.9277649521827698
188,cycle42_best_strehl,57637586.67278615,61398195.36735289,119035782.04013903,0.4842038728602688,0.5157961271397312,6791075.340313725,2620001.253116289,0.5313760630626027,0.7284800180145676,2.5920122489392954,0.9277649521827698
188,cycle42_best_main_lobe,57401264.38187188,61607126.98633587,119008391.36820775,0.4823295544284302,0.5176704455715698,6730631.024949494,2625689.9865982155,0.5266465230820794,0.725493146483672,2.56337612562919,0.9283087253570557
188,ideal,79120339.95094915,42485202.868746355,121605542.8196955,0.6506310330628666,0.3493689669371334,12780167.968374692,945604.0406808642,1.0,1.0,13.515348304954973,0.0
189,before,46557909.117322475,70848272.39301112,117406181.5103336,0.39655415514237335,0.6034458448576266,3364699.9250414325,2465747.579876926,0.26327509414333117,0.5884442501913688,1.3645759819459609,1.8533706665039062
189,comp0p3_best_rmse,55815318.904311344,63181748.98647204,118997067.89078338,0.46904785045240915,0.5309521495475908,7197699.741147315,2992810.73347753,0.5631928906535864,0.7054484212139911,2.4049966343123432,1.1650208234786987
189,cycle41_best_strehl,57492781.82049785,61455123.57988445,118947905.4003823,0.4833442138133949,0.5166557861866051,6231866.301049082,2953575.156672366,0.48762006230827454,0.7266498331041126,2.10993997798593,1.2406458854675293
189,cycle42_best_rmse,44973585.455317445,72533037.9536033,117506623.40892074,0.3827323443616472,0.6172676556383528,4419805.626757764,2641260.158357017,0.345833140667231,0.5684200230079766,1.6733700437548273,1.432984709739685
189,cycle42_best_comp,49164688.87080879,68899052.4196609,118063741.29046968,0.41642496107124,0.5835750389287601,4557624.061599079,2227858.323261278,0.35661691402469814,0.621391274371275,2.0457423230249865,1.3807716369628906
189,cycle42_best_strehl,49164688.87080879,68899052.4196609,118063741.29046968,0.41642496107124,0.5835750389287601,4557624.061599079,2227858.323261278,0.35661691402469814,0.621391274371275,2.0457423230249865,1.3807716369628906
189,cycle42_best_main_lobe,43009370.61187848,74261328.08184409,117270698.69372256,0.3667529151864834,0.6332470848135167,4041732.596531935,2087942.0884249941,0.31625035027187826,0.5435943606731498,1.935749376832933,1.5778306722640991
189,ideal,79120339.95094915,42485202.868746355,121605542.8196955,0.6506310330628666,0.3493689669371334,12780167.968374692,945604.0406808642,1.0,1.0,13.515348304954973,0.0
190,before,25839642.429707784,89888422.40539156,115728064.83509934,0.22327896406568823,0.7767210359343117,4588365.922460871,4588365.922460871,0.35902234883102185,0.3265865951249342,1.0,2.148463487625122
190,comp0p3_best_rmse,62241929.282602474,57472966.96126424,119714896.24386671,0.5199179988078658,0.4800820011921342,8859916.856082445,1555144.5781151897,0.6932551182431133,0.7866741892311069,5.697166026081332,1.1423535346984863
190,cycle41_best_strehl,60951127.328923225,58715851.92095572,119666979.24987894,0.5093395664450591,0.4906604335549409,9178966.641965099,1604704.028038877,0.7182195621120954,0.7703597755862782,5.720037141791683,1.1798441410064697
190,cycle42_best_rmse,62028131.314368136,57733016.812235154,119761148.12660329,0.517932002862867,0.482067997137133,9263931.586680574,1592889.107484103,0.724867748968929,0.7839720020518445,5.815804466961633,1.1302714347839355
190,cycle42_best_comp,62039002.0918441,57729191.82414599,119768193.91599008,0.5179922988181702,0.48200770118182973,9304994.404073734,1591395.9649360743,0.7280807597442782,0.7841093975367817,5.847064218519312,1.1282752752304077
190,cycle42_best_strehl,62039002.0918441,57729191.82414599,119768193.91599008,0.5179922988181702,0.48200770118182973,9304994.404073734,1591395.9649360743,0.7280807597442782,0.7841093975367817,5.847064218519312,1.1282752752304077
190,cycle42_best_main_lobe,62224401.367325656,57554425.83983765,119778827.2071633,0.5194941611818049,0.4805058388181951,9282075.66998068,1580930.7591468685,0.7262874551375025,0.7864526543478179,5.871272739983659,1.121692419052124
190,ideal,79120339.95094915,42485202.868746355,121605542.8196955,0.6506310330628666,0.3493689669371334,12780167.968374692,945604.0406808642,1.0,1.0,13.515348304954973,0.0
191,before,43496119.73261557,73468122.60556793,116964242.3381835,0.3718753600510954,0.6281246399489046,7059037.794417746,6187647.667504513,0.5523431156684143,0.5497463706498367,1.140827366672716,1.8633508682250977
191,comp0p3_best_rmse,69455872.55835563,51208321.74710034,120664194.30545597,0.5756129476365724,0.42438705236342755,11401883.277512383,876076.7852949611,0.892154415006676,0.8778510380695402,13.014707693314291,0.942814826965332
191,cycle41_best_strehl,68531134.65576406,52042501.499447584,120573636.15521164,0.5683757813154571,0.4316242186845429,11266380.457619678,938206.0886265865,0.8815518297959015,0.8661632988211388,12.00842820590966,0.9732740521430969
191,cycle42_best_rmse,69829749.92487851,50870072.77786592,120699822.70274442,0.5785406172207306,0.4214593827792694,11452653.949946137,880948.2587315299,0.8961270288689812,0.8825764647645553,13.000370721473152,0.9300950169563293
191,cycle42_best_comp,69827333.30942756,50872450.2933557,120699783.60278326,0.5785207829305287,0.42147921706947133,11453958.425302725,892704.8078908083,0.8962290991516111,0.8825459212222444,12.830622535085217,0.9285904169082642
191,cycle42_best_strehl,69827333.30942756,50872450.2933557,120699783.60278326,0.5785207829305287,0.42147921706947133,11453958.425302725,892704.8078908083,0.8962290991516111,0.8825459212222444,12.830622535085217,0.9285904169082642
191,cycle42_best_main_lobe,69858926.11937825,50841553.49206063,120700479.61143889,0.5787791924627751,0.42122080753722485,11441855.338548703,892231.6658485404,0.8952820782060357,0.8829452219579373,12.823861533391263,0.9284507036209106
191,ideal,79120339.95094915,42485202.868746355,121605542.8196955,0.6506310330628666,0.3493689669371334,12780167.968374692,945604.0406808642,1.0,1.0,13.515348304954973,0.0
192,before,57989043.22177068,60923086.85422992,118912130.0760006,0.48766297588570656,0.5123370241142935,5903431.409130283,1842854.1170828696,0.461921269246123,0.7329220685568482,3.2034176522203883,1.028947353363037
192,comp0p3_best_rmse,66577231.317893006,53519924.93713198,120097156.25502498,0.5543614303116137,0.4456385696883864,9230538.730902344,1568876.6826289417,0.7222548837968231,0.8414679633475757,5.88353363467349,0.6772024631500244
192,cycle41_best_strehl,66873241.90450647,53265656.917219736,120138898.8217262,0.556632718964234,0.443367281035766,9355329.380694875,1552806.2750773868,0.7320192820505341,0.8452092337566384,6.024788494771273,0.6818652153015137
192,cycle42_best_rmse,67836439.11375786,52412377.04184179,120248816.15559965,0.5641339456180493,0.4358660543819507,9587691.887329867,1417173.8668229822,0.7502007728736585,0.8573830592210958,6.765360349766778,0.6428171396255493
192,cycle42_best_comp,67691932.67513148,52537751.44589569,120229684.12102717,0.563021795906829,0.43697820409317095,9535432.124087073,1438558.354609707,0.7461116432650247,0.8555566459534586,6.6284639017470495,0.6484782099723816
192,cycle42_best_strehl,67691932.67513148,52537751.44589569,120229684.12102717,0.563021795906829,0.43697820409317095,9535432.124087073,1438558.354609707,0.7461116432650247,0.8555566459534586,6.6284639017470495,0.6484782099723816
192,cycle42_best_main_lobe,67642083.13562164,52579580.59128125,120221663.72690289,0.5626447101021517,0.43735528989784833,9507695.332180673,1440254.315823144,0.7439413437842168,0.8549265988689699,6.601400341402046,0.6483340859413147
192,ideal,79120339.95094915,42485202.868746355,121605542.8196955,0.6506310330628666,0.3493689669371334,12780167.968374692,945604.0406808642,1.0,1.0,13.515348304954973,0.0
193,before,34549823.982729085,81751810.89064938,116301634.87337846,0.297070836711321,0.702929163288679,3247569.197966337,3073985.314775031,0.2541100559869515,0.4366743621696815,1.0564686767880704,1.8757330179214478
193,comp0p3_best_rmse,55769485.24901081,63060861.21072348,118830346.45973429,0.46932022762307035,0.5306797723769296,6118740.6918253945,2652473.658371102,0.47876840953629035,0.7048691307896963,2.3068054502689934,0.8975948095321655
193,cycle41_best_strehl,60546122.24853654,58807975.396385044,119354097.64492159,0.5072814712123352,0.49271852878766476,7213951.422593144,2226518.548666192,0.5644645235058341,0.765240926493393,3.240014069011327,0.8339866995811462
193,cycle42_best_rmse,58450718.7551235,60616563.75778786,119067282.51291136,0.4909049532459536,0.5090950467540464,6409366.624955874,2281788.8833642127,0.5015087940014751,0.7387571740889912,2.808921838336798,0.9400220513343811
193,cycle42_best_comp,57892087.144655205,61121443.6362915,119013530.7809467,0.48643281788866444,0.5135671821113356,6325388.904199509,2341362.8842676,0.4949378537005203,0.7316966431204106,2.7015841699302197,0.9402651190757751
193,cycle42_best_strehl,57892087.144655205,61121443.6362915,119013530.7809467,0.48643281788866444,0.5135671821113356,6325388.904199509,2341362.8842676,0.4949378537005203,0.7316966431204106,2.7015841699302197,0.9402651190757751
193,cycle42_best_main_lobe,57781017.06112981,61217409.30063668,118998426.36176649,0.4855611862082112,0.5144388137917888,6286026.280112588,2396191.320286772,0.491857876646672,0.7302928311095642,2.6233407269667794,0.9445739388465881
193,ideal,79120339.95094915,42485202.868746355,121605542.8196955,0.6506310330628666,0.3493689669371334,12780167.968374692,945604.0406808642,1.0,1.0,13.515348304954973,0.0
194,before,54629859.5908509,63661307.43103016,118291167.02188106,0.46182534982299794,0.5381746501770021,7888038.7080490375,1821206.495554165,0.617209314272588,0.6904654305671438,4.331215997364883,1.766700267791748
194,comp0p3_best_rmse,38261179.98427954,78487881.52145804,116749061.50573759,0.3277215207627105,0.6722784792372896,5171486.777880472,3949914.658800151,0.40464935912248046,0.48358209795356866,1.3092654461176112,1.6320213079452515
194,cycle41_best_strehl,57582622.92558432,61648037.1263374,119230660.05192173,0.4829514732243254,0.5170485267756746,7906632.423959083,1665660.855023496,0.6186642024991008,0.7277853325868268,4.746844113021766,1.5112488269805908
194,cycle42_best_rmse,56139449.56043396,63126140.25609671,119265589.81653067,0.47070952859743304,0.529290471402567,8822736.42044677,1522693.9424409575,0.690345889215163,0.7095451004790646,5.794162684001662,1.4862233400344849
194,cycle42_best_comp,56525771.322283536,62757100.24599449,119282871.56827803,0.47388003473682255,0.5261199652631774,8749585.29454336,1528832.8233500961,0.6846220891771332,0.7144278115757191,5.723049087453915,1.4885998964309692
194,cycle42_best_strehl,56525771.322283536,62757100.24599449,119282871.56827803,0.47388003473682255,0.5261199652631774,8749585.29454336,1528832.8233500961,0.6846220891771332,0.7144278115757191,5.723049087453915,1.4885998964309692
194,cycle42_best_main_lobe,56099336.643603586,63093849.98283673,119193186.62644032,0.47065892129742937,0.5293410787025706,8379447.125164936,1600582.2102957347,0.6556601717520765,0.7090381143253746,5.235249443148997,1.5158342123031616
194,ideal,79120339.95094915,42485202.868746355,121605542.8196955,0.6506310330628666,0.3493689669371334,12780167.968374692,945604.0406808642,1.0,1.0,13.515348304954973,0.0
195,before,36683646.52254518,80305683.21999246,116989329.74253765,0.3135640370218046,0.6864359629781953,5382115.486856454,3087097.5909599895,0.4211302621510788,0.46364369194175986,1.7434225282080529,2.5476863384246826
195,comp0p3_best_rmse,70328861.21561232,50324644.2504219,120653505.46603422,0.582899443691762,0.4171005563082379,10920306.034929376,816756.9043755276,0.8544728098998653,0.8888847198989903,13.37032595185562,0.7760804295539856
195,cycle41_best_strehl,69789429.15933767,50791143.496189326,120580572.655527,0.5787783854594156,0.42122161454058443,10709865.775044296,829925.2237409467,0.838006652302733,0.8820668516162065,12.904615342053127,0.8210501670837402
195,cycle42_best_rmse,68603081.91422892,51873772.05364439,120476853.9678733,0.5694295597436733,0.4305704402563267,10613147.773106795,796546.830867153,0.8304388329926241,0.8670726384234392,13.32394701960322,0.8589351773262024
195,cycle42_best_comp,68386996.85129263,52057127.10613416,120444123.95742679,0.5677902300610803,0.43220976993891974,10507071.429149356,822460.6573175347,0.8221387586727926,0.8643415447113766,12.775166004193192,0.8702595829963684
195,cycle42_best_strehl,68386996.85129263,52057127.10613416,120444123.95742679,0.5677902300610803,0.43220976993891974,10507071.429149356,822460.6573175347,0.8221387586727926,0.8643415447113766,12.775166004193192,0.8702595829963684
195,cycle42_best_main_lobe,68528351.09325907,51940178.77144392,120468529.86470298,0.5688485712428182,0.4311514287571818,10596079.115709472,791365.4944826954,0.8291032748497609,0.8661281174441792,13.389614772926109,0.8615434169769287
195,ideal,79120339.95094915,42485202.868746355,121605542.8196955,0.6506310330628666,0.3493689669371334,12780167.968374692,945604.0406808642,1.0,1.0,13.515348304954973,0.0
196,before,37174883.77943746,79528514.29543078,116703398.07486825,0.318541571133934,0.6814584288660659,5241067.560759133,4391058.6576673705,0.4100937932684825,0.4698524273591863,1.1935772143711936,2.2890849113464355
196,comp0p3_best_rmse,74618962.71431194,46467558.58777411,121086521.30208606,0.6162449949995088,0.38375500500049115,11599699.964565797,895200.4482601731,0.9076328255833542,0.9431072055627182,12.957656564080008,0.4345894157886505
196,cycle41_best_strehl,74925473.83252984,46182096.95417845,121107570.7867083,0.6186687863179648,0.3813312136820351,11593327.882360881,897036.9998074413,0.9071342341547686,0.9469811919283977,12.924024187240342,0.4300059974193573
196,cycle42_best_rmse,74215179.60047196,46813614.485567,121028794.08603896,0.6132026693392701,0.3867973306607299,11422272.075152956,890022.0058887257,0.893749761616441,0.9380038008744888,12.833696245237576,0.42958498001098633
196,cycle42_best_comp,74139150.58813064,46881296.161433846,121020446.74956448,0.6126167319606052,0.3873832680393948,11404803.377380932,886160.7958809129,0.8923829018212293,0.9370428720869171,12.869902878115555,0.43217161297798157
196,cycle42_best_strehl,74139150.58813064,46881296.161433846,121020446.74956448,0.6126167319606052,0.3873832680393948,11404803.377380932,886160.7958809129,0.8923829018212293,0.9370428720869171,12.869902878115555,0.43217161297798157
196,cycle42_best_main_lobe,74337284.66192232,46707839.94379464,121045124.60571696,0.6141286970793979,0.3858713029206021,11468146.995060787,883493.453044332,0.8973393012861348,0.9395470836956452,12.980454983049363,0.42493805289268494
196,ideal,79120339.95094915,42485202.868746355,121605542.8196955,0.6506310330628666,0.3493689669371334,12780167.968374692,945604.0406808642,1.0,1.0,13.515348304954973,0.0
197,before,45790753.090084754,71785742.12839541,117576495.21848017,0.3894549927261955,0.6105450072738045,4147973.594131126,2013207.6100359585,0.32456330811891837,0.5787481843287433,2.0603804463351088,1.4952925443649292
197,comp0p3_best_rmse,66619660.88198719,53519004.90124642,120138665.78323361,0.5545230625599684,0.4454769374400316,9318251.74602283,1279327.017130797,0.7291180968107316,0.8420042295481569,7.28371371920315,0.6786105632781982
197,cycle41_best_strehl,66265118.0392141,53831459.51773665,120096577.55695075,0.5517652491619975,0.4482347508380024,9216483.636429865,1309145.3017979027,0.7211551256005881,0.8375231714157867,7.040076929407677,0.6873220801353455
197,cycle42_best_rmse,68024355.34296407,52275194.456198454,120299549.79916252,0.5654581040122698,0.43454189598773024,9679354.434733901,1215011.465390033,0.757373021910671,0.8597581277473775,7.966471683974368,0.6237214803695679
197,cycle42_best_comp,67928948.19813822,52359538.91305491,120288487.11119314,0.5647169552922016,0.4352830447077984,9653512.204295348,1221741.5347936836,0.7553509647278154,0.858552279227452,7.901435720547509,0.6254148483276367
197,cycle42_best_strehl,67928948.19813822,52359538.91305491,120288487.11119314,0.5647169552922016,0.4352830447077984,9653512.204295348,1221741.5347936836,0.7553509647278154,0.858552279227452,7.901435720547509,0.6254148483276367
197,cycle42_best_main_lobe,67575226.2010229,52672067.28855972,120247293.48958261,0.5619687914795116,0.4380312085204883,9557357.858286109,1242929.9233884583,0.7478272493707732,0.8540815957428434,7.689377879189659,0.6346099972724915
197,ideal,79120339.95094915,42485202.868746355,121605542.8196955,0.6506310330628666,0.3493689669371334,12780167.968374692,945604.0406808642,1.0,1.0,13.515348304954973,0.0
198,before,34931319.45708774,81772197.27396663,116703516.73105437,0.2993167681277992,0.7006832318722007,4395168.715450951,4395168.715450951,0.34390539516593716,0.44149607393931195,1.0,1.7021962404251099
198,comp0p3_best_rmse,61583443.8173405,58301378.68117451,119884822.49851501,0.5136884097076035,0.4863115902923965,10199158.846241562,1110438.8373325453,0.7980457589821984,0.7783516078864083,9.184800191914757,1.3015283346176147
198,cycle41_best_strehl,59617371.66739238,59154893.58082486,118772265.24821724,0.501946911114312,0.49805308888568806,8383910.967777003,2335318.989559528,0.6560094506209546,0.753502471101013,3.590049584343216,1.5968241691589355
198,cycle42_best_rmse,56326027.308043994,62762199.46077711,119088226.7688211,0.47297729453463405,0.5270227054653659,7928630.268953303,1665418.0286648516,0.6203854510029276,0.7119032519698911,4.7607448295186305,1.5000978708267212
198,cycle42_best_comp,56123668.07302622,62960329.70353017,119083997.77655639,0.47129479292703985,0.5287052070729601,7730989.567352501,1591778.6369168235,0.6049208106249705,0.7093456386539824,4.8568245533982966,1.5048776865005493
198,cycle42_best_strehl,56123668.07302622,62960329.70353017,119083997.77655639,0.47129479292703985,0.5287052070729601,7730989.567352501,1591778.6369168235,0.6049208106249705,0.7093456386539824,4.8568245533982966,1.5048776865005493
198,cycle42_best_main_lobe,54949625.730109826,64016893.45344266,118966519.18355249,0.461891514580909,0.538108485419091,7513687.409123542,1759965.2432599983,0.5879177353315403,0.6945069468126146,4.269224882649317,1.5191644430160522
198,ideal,79120339.95094915,42485202.868746355,121605542.8196955,0.6506310330628666,0.3493689669371334,12780167.968374692,945604.0406808642,1.0,1.0,13.515348304954973,0.0
199,before,40191491.4041696,76921280.46846303,117112771.87263262,0.3431862363216911,0.656813763678309,3774015.0577062294,3266933.918127802,0.2953024613639868,0.5079792557651599,1.1552162217805197,1.3190529346466064
199,comp0p3_best_rmse,76621401.48236224,44709071.69987054,121330473.18223278,0.6315099535405292,0.36849004645947087,12211648.302213555,937631.2877516157,0.9555154777646137,0.9684159791257706,13.023934313770996,0.37288564443588257
199,cycle41_best_strehl,76636116.66665342,44694031.96199711,121330148.62865053,0.6316329249806656,0.3683670750193344,12203432.783991413,942475.7584043038,0.9548726444119948,0.9686019639724017,12.948272329733893,0.37876707315444946
199,cycle42_best_rmse,76028993.15258951,45236486.23872228,121265479.3913118,0.6269632011864763,0.3730367988135237,12078464.828592118,910839.2882843993,0.9450943726624735,0.9609285450457351,13.260807898770341,0.4080943167209625
199,cycle42_best_comp,75966730.52752154,45290946.519894585,121257677.04741612,0.6264900695550667,0.37350993044493336,12058087.100233732,907419.8893817895,0.9434998921823412,0.9601416092829896,13.288321361843536,0.41035038232803345
199,cycle42_best_strehl,75966730.52752154,45290946.519894585,121257677.04741612,0.6264900695550667,0.37350993044493336,12058087.100233732,907419.8893817895,0.9434998921823412,0.9601416092829896,13.288321361843536,0.41035038232803345
199,cycle42_best_main_lobe,75783205.99580821,45455981.04521011,121239187.04101832,0.6250718752359237,0.3749281247640764,12028644.100890404,891589.7708874746,0.9411960883969616,0.9578220473116041,13.491231610830704,0.4235594570636749
199,ideal,79120339.95094915,42485202.868746355,121605542.8196955,0.6506310330628666,0.3493689669371334,12780167.968374692,945604.0406808642,1.0,1.0,13.515348304954973,0.0
200,before,47392866.28826814,69891752.08535904,117284618.37362719,0.4040842434878484,0.5959157565121516,4740450.162853628,2926787.445212142,0.37092236773289383,0.5989972530154631,1.6196769501004973,1.8774938583374023
200,comp0p3_best_rmse,60936578.57181858,58440004.09088183,119376582.66270041,0.5104567178304594,0.4895432821695406,7316537.715200884,1625095.9694014217,0.5724915144547478,0.7701758942086999,4.502218855355241,0.8153009414672852
200,cycle41_best_strehl,61071285.01266944,58290705.38282398,119361990.39549342,0.5116476762017469,0.4883523237982531,7134908.159937309,1490414.1792766803,0.5582796859628978,0.7718784455492826,4.787198256125008,0.8503552079200745
200,cycle42_best_rmse,63857410.70664037,55991989.37898395,119849400.08562432,0.5328137701233261,0.46718622987667396,8895197.859018378,1275609.0139868315,0.6960157238175656,0.8070922185904273,6.973294921472078,0.9376147389411926
200,cycle42_best_comp,64276494.62549494,55616203.16223097,119892697.78772591,0.5361168429064684,0.4638831570935316,8968595.515810387,1257686.4304817617,0.7017588139689342,0.8123890097709807,7.1310266998546945,0.9295048713684082
200,cycle42_best_strehl,64276494.62549494,55616203.16223097,119892697.78772591,0.5361168429064684,0.4638831570935316,8968595.515810387,1257686.4304817617,0.7017588139689342,0.8123890097709807,7.1310266998546945,0.9295048713684082
200,cycle42_best_main_lobe,62280562.40996223,57321131.85500019,119601694.26496242,0.5207331116228799,0.4792668883771201,8056305.908572105,1348573.4401842903,0.6303755888426449,0.7871624723626468,5.973946741433054,1.0283358097076416
200,ideal,79120339.95094915,42485202.868746355,121605542.8196955,0.6506310330628666,0.3493689669371334,12780167.968374692,945604.0406808642,1.0,1.0,13.515348304954973,0.0
201,before,28774175.19736778,87638056.7583302,116412231.95569797,0.24717484334737375,0.7528251566526263,3904634.225691983,3904634.225691983,0.30552291921000096,0.3636760814628249,1.0,2.6590993404388428
201,comp0p3_best_rmse,73486550.14670967,47445384.38209942,120931934.52880909,0.6076686892758115,0.39233131072418853,11134211.18151909,855996.5078245607,0.8712100818292354,0.9287946714115212,13.00730911836977,0.42162540555000305
201,cycle41_best_strehl,73266375.93697068,47638574.29550478,120904950.23247546,0.6059832603718412,0.3940167396281588,11065550.27240403,847378.2399572937,0.8658376243400252,0.9260118950751773,13.05857260738925,0.4237905442714691
201,cycle42_best_rmse,71234521.75958459,49431257.03559044,120665778.79517503,0.5903456843427176,0.40965431565728233,10498265.66475531,830279.9937615406,0.821449740780709,0.9003313408884063,12.644247414891284,0.5007863640785217
201,cycle42_best_comp,71094859.71382655,49557319.91094378,120652179.62477033,0.589254665228033,0.41074533477196695,10477991.162167715,848859.0503803797,0.8198633373282844,0.898566155781206,12.343617185294136,0.5033695101737976
201,cycle42_best_strehl,71094859.71382655,49557319.91094378,120652179.62477033,0.589254665228033,0.41074533477196695,10477991.162167715,848859.0503803797,0.8198633373282844,0.898566155781206,12.343617185294136,0.5033695101737976
201,cycle42_best_main_lobe,71277999.86533502,49390611.057247564,120668610.92258258,0.5906921387457164,0.40930786125428364,10495662.27474378,833781.9543280515,0.8212460353194058,0.9008808595807853,12.588018030687987,0.5007579922676086
201,ideal,79120339.95094915,42485202.868746355,121605542.8196955,0.6506310330628666,0.3493689669371334,12780167.968374692,945604.0406808642,1.0,1.0,13.515348304954973,0.0
202,before,45192986.0931494,72675552.01827985,117868538.11142926,0.3834185679848286,0.6165814320151713,5798273.808714107,2913394.06132261,0.453693083147443,0.5711930221883135,1.9902126820708324,1.5245637893676758
202,comp0p3_best_rmse,47938497.08338253,69907148.72839917,117845645.8117817,0.4067905670435033,0.5932094329564966,3860180.0924227578,3245923.487018272,0.30204455074260445,0.6058934670035812,1.1892393976201658,1.1554293632507324
202,cycle41_best_strehl,51956492.104292266,66241669.085740976,118198161.19003324,0.43957106930588496,0.560428930694115,5937618.571521768,2816572.45437141,0.46459628591852387,0.6566768056924783,2.1081007741542015,1.33306884765625
202,cycle42_best_rmse,55506167.0342608,63563293.557847016,119069460.59210782,0.4661662760395496,0.5338337239604505,7923932.424481789,1309362.5887743707,0.6200178623700443,0.7015410584518721,6.051747997396953,1.4173803329467773
202,cycle42_best_comp,54790707.00121168,64195624.46779106,118986331.46900274,0.4604790006109674,0.5395209993890326,7738803.538472562,1333299.235334792,0.6055322244294993,0.6924983769682905,5.804251088863293,1.4373714923858643
202,cycle42_best_strehl,54790707.00121168,64195624.46779106,118986331.46900274,0.4604790006109674,0.5395209993890326,7738803.538472562,1333299.235334792,0.6055322244294993,0.6924983769682905,5.804251088863293,1.4373714923858643
202,cycle42_best_main_lobe,54472374.25542223,64460138.35338587,118932512.6088081,0.4580107916713434,0.5419892083286566,7545122.458323398,1346542.0995113917,0.5903774095140428,0.6884749773470704,5.603332016920401,1.463863492012024
202,ideal,79120339.95094915,42485202.868746355,121605542.8196955,0.6506310330628666,0.3493689669371334,12780167.968374692,945604.0406808642,1.0,1.0,13.515348304954973,0.0
203,before,40941867.85085744,75947774.78705369,116889642.63791113,0.35026086937131806,0.6497391306286819,4677002.317512602,4543656.621482703,0.3659578128461324,0.5174632449284148,1.029347661396645,1.7332044839859009
203,comp0p3_best_rmse,52381468.806702375,65370873.95478296,117752342.76148534,0.44484438762126616,0.5551556123787339,7459575.03275851,3415236.5406841305,0.5836836457249768,0.6620480756171725,2.184204503522977,1.786625623703003
203,cycle41_best_strehl,37193202.031596534,79565918.5558013,116759120.58739783,0.3185464385521495,0.6814535614478506,4180134.0913599306,3961071.7706523244,0.32707974587688743,0.4700839512905854,1.0553037999287578,1.4604634046554565
203,cycle42_best_rmse,37638204.369916365,79134030.10972433,116772234.47964069,0.32232152221492866,0.6776784777850714,4572673.944601557,4219895.838099899,0.3577945106759879,0.47570832472724794,1.0835987711631538,1.4802342653274536
203,cycle42_best_comp,37959286.356093675,78843478.94716415,116802765.30325782,0.3249861958108532,0.6750138041891468,4622989.447088352,4294950.036574357,0.3617315092045913,0.4797664719290467,1.076377934020308,1.467129111289978
203,cycle42_best_strehl,37959286.356093675,78843478.94716415,116802765.30325782,0.3249861958108532,0.6750138041891468,4622989.447088352,4294950.036574357,0.3617315092045913,0.4797664719290467,1.076377934020308,1.467129111289978
203,cycle42_best_main_lobe,38012020.87156824,78789233.79671603,116801254.66828428,0.32544188827014253,0.6745581117298574,4733410.019584792,4210270.38289306,0.3703715030426755,0.48043298215267893,1.1242532163296028,1.4731320142745972
203,ideal,79120339.95094915,42485202.868746355,121605542.8196955,0.6506310330628666,0.3493689669371334,12780167.968374692,945604.0406808642,1.0,1.0,13.515348304954973,0.0
204,before,40783671.9261936,76158469.76660696,116942141.69280055,0.3487508552163314,0.6512491447836686,3398612.551597397,1945385.321774681,0.26592862942079254,0.5154638105887506,1.7470125396530733,1.6620326042175293
204,comp0p3_best_rmse,66623854.83719853,53509559.40490589,120133414.24210443,0.5545822139286887,0.44541778607131133,9292320.949064376,1625870.2828969043,0.7270891096313282,0.8420572368432967,5.71529047969788,0.6879289746284485
204,cycle41_best_strehl,67165618.74053836,53039266.25402604,120204884.9945644,0.5587594775667857,0.4412405224332143,9487529.306909582,1582338.7821796776,0.7423634282731694,0.8489045772828814,5.995890016574374,0.665427565574646
204,cycle42_best_rmse,67063300.45620546,53138839.38014625,120202139.83635171,0.5579210199378171,0.44207898006218294,9519514.062826917,1563355.5602496092,0.7448661149355421,0.8476113790433852,6.089154831359673,0.6762201189994812
204,cycle42_best_comp,66901663.78198826,53281545.68181358,120183209.46380185,0.5566639806048653,0.4433360193951346,9474652.073242094,1579185.9058254128,0.741355833247865,0.8455684571560754,5.999706581911178,0.6811085343360901
204,cycle42_best_strehl,66901663.78198826,53281545.68181358,120183209.46380185,0.5566639806048653,0.4433360193951346,9474652.073242094,1579185.9058254128,0.741355833247865,0.8455684571560754,5.999706581911178,0.6811085343360901
204,cycle42_best_main_lobe,66666282.920117125,53488038.480783686,120154321.40090081,0.5548388284569623,0.44516117154303764,9401779.617388608,1616337.9148165593,0.7356538380914779,0.8425934843233365,5.816716622931926,0.688718855381012
204,ideal,79120339.95094915,42485202.868746355,121605542.8196955,0.6506310330628666,0.3493689669371334,12780167.968374692,945604.0406808642,1.0,1.0,13.515348304954973,0.0
205,before,44659424.2782769,72529136.3327618,117188560.61103868,0.38109030476537964,0.6189096952346204,4682012.167180576,3582017.8211922008,0.36634981471029976,0.5644493477399569,1.3070879043316053,1.8530539274215698
205,comp0p3_best_rmse,46150333.76159868,71563793.59086765,117714127.35246633,0.39205433366050213,0.6079456663394979,4080636.401568265,4080636.401568265,0.3192944264634119,0.5832929154527102,1.0,1.1728771924972534
205,cycle41_best_strehl,49465144.00099467,68500857.05618683,117966001.05718149,0.419316951983627,0.5806830480163729,4870881.12762896,3502801.770639949,0.38112809938666325,0.6251887192555127,1.3905671649637963,1.3170173168182373
205,cycle42_best_rmse,56484781.073436685,62791317.438147314,119276098.511584,0.47356328533793324,0.5264367146620668,8732229.96201113,1159846.678129344,0.683264099784883,0.713909736844591,7.52877955911801,1.452948808670044
205,cycle42_best_comp,56735702.645514265,62563606.05315098,119299308.69866525,0.4755744460248414,0.5244255539751587,8761051.911545672,1169113.681560417,0.6855193087622503,0.7170811283253801,7.493755354784907,1.449666976928711
205,cycle42_best_strehl,56735702.645514265,62563606.05315098,119299308.69866525,0.4755744460248414,0.5244255539751587,8761051.911545672,1169113.681560417,0.6855193087622503,0.7170811283253801,7.493755354784907,1.449666976928711
205,cycle42_best_main_lobe,56549950.28036685,62739234.520627916,119289184.80099477,0.4740576471765383,0.5259423528234617,8784785.368453471,1162718.1498681796,0.6873763623601787,0.7147334088228784,7.5553868058647105,1.4522391557693481
205,ideal,79120339.95094915,42485202.868746355,121605542.8196955,0.6506310330628666,0.3493689669371334,12780167.968374692,945604.0406808642,1.0,1.0,13.515348304954973,0.0
206,before,29232880.40356853,86696874.67448622,115929755.07805474,0.2521602877870847,0.7478397122129153,4352110.180106188,3880324.589945542,0.3405362269788434,0.3694736451042997,1.1215840528864796,2.249363422393799
206,comp0p3_best_rmse,63097897.657888405,56590289.84228765,119688187.50017606,0.5271856728367249,0.4728143271632751,8154564.536190751,1273801.1118089114,0.6380639563086902,0.797492752141941,6.401756491333675,0.8979554772377014
206,cycle41_best_strehl,61878763.62791935,57708778.03303585,119587541.6609552,0.5174348662785706,0.48256513372142934,8078149.935068499,1473392.5814866466,0.6320848016284587,0.782084147594427,5.482686716745704,0.8833299875259399
206,cycle42_best_rmse,60419420.025681965,58985598.12945371,119405018.15513568,0.506004026959593,0.493995973040407,7608735.805957952,1608848.084270278,0.5953549143318174,0.7636395402640982,4.729306564335458,0.9303091168403625
206,cycle42_best_comp,61342936.35228831,58178646.22638493,119521582.57867324,0.5132373168830012,0.48676268311699883,7911976.185275577,1521449.29655035,0.6190823316919032,0.7753118400441406,5.200289094887851,0.896812915802002
206,cycle42_best_strehl,61342936.35228831,58178646.22638493,119521582.57867324,0.5132373168830012,0.48676268311699883,7911976.185275577,1521449.29655035,0.6190823316919032,0.7753118400441406,5.200289094887851,0.896812915802002
206,cycle42_best_main_lobe,61407033.049591444,58116698.10827439,119523731.15786584,0.513764358380727,0.4862356416192731,7897925.727514558,1493548.921559941,0.6179829363008732,0.776121956600046,5.288026132592663,0.8975789546966553
206,ideal,79120339.95094915,42485202.868746355,121605542.8196955,0.6506310330628666,0.3493689669371334,12780167.968374692,945604.0406808642,1.0,1.0,13.515348304954973,0.0
207,before,41810545.14758801,75274327.93353218,117084873.0811202,0.35709604535011374,0.6429039546498863,3625580.1950041573,3625580.1950041573,0.2836879925190246,0.5284424355798845,1.0,1.769569754600525
207,comp0p3_best_rmse,58840812.974537745,60248091.44909671,119088904.42363445,0.494091479464985,0.505908520535015,6340562.108037453,1660704.1357815494,0.4961250997426295,0.7436875651825593,3.817996217040491,0.943002462387085
207,cycle41_best_strehl,59554730.87506769,59703759.31821538,119258490.19328307,0.4993751872805611,0.5006248127194389,7048770.448610959,1676402.4603179402,0.5515397345366331,0.7527107556917576,4.204700610660113,0.8313229084014893
207,cycle42_best_rmse,62216878.648294285,57063894.84647715,119280773.49477144,0.5216002279782458,0.47839977202175415,7225424.304077389,1552593.5130463238,0.5653622332630638,0.7863575748899182,4.65377720785428,1.1805663108825684
207,cycle42_best_comp,62381021.30964237,56931595.971804135,119312617.2814465,0.522836752147443,0.47716324785255704,7242032.262957328,1574766.764756968,0.5666617434824159,0.7884321698859691,4.598796739322209,1.1633665561676025
207,cycle42_best_strehl,62381021.30964237,56931595.971804135,119312617.2814465,0.522836752147443,0.47716324785255704,7242032.262957328,1574766.764756968,0.5666617434824159,0.7884321698859691,4.598796739322209,1.1633665561676025
207,cycle42_best_main_lobe,62673412.91340282,56677590.772474594,119351003.68587741,0.525118440380731,0.47488155961926903,7327277.230703087,1632244.017697732,0.5733318410865086,0.7921277000611645,4.489081994638373,1.149217963218689
207,ideal,79120339.95094915,42485202.868746355,121605542.8196955,0.6506310330628666,0.3493689669371334,12780167.968374692,945604.0406808642,1.0,1.0,13.515348304954973,0.0
208,before,16791753.784271117,98168303.26432066,114960057.04859178,0.1460659833978119,0.853934016602188,4960156.602873464,4960156.602873464,0.3881135690194116,0.21223055657598547,1.0,1.986748456954956
208,comp0p3_best_rmse,73584640.43717527,47384788.24290341,120969428.68007869,0.6082912124168214,0.39170878758317856,11371772.436911903,867947.525901323,0.8897983551587155,0.9300344321421553,13.10191238243677,0.5291004180908203
208,cycle41_best_strehl,73077580.98363645,47835210.62928018,120912791.61291663,0.6043825471963535,0.3956174528036464,11258710.64939512,843448.7640545748,0.8809516961948769,0.9236257203765945,13.348422724900255,0.5389145612716675
208,cycle42_best_rmse,73265162.06017603,47670817.444895476,120935979.5050715,0.6058177422468689,0.3941822577531311,11315420.369466327,867357.9512580726,0.8853890181621265,0.9259965529166956,13.0458484332261,0.5380425453186035
208,cycle42_best_comp,73175053.61633003,47750456.628971264,120925510.24530129,0.6051250349731175,0.39487496502688246,11292086.59170736,870807.9186699602,0.8835632379519831,0.9248576745460786,12.967367831191149,0.5439448952674866
208,cycle42_best_strehl,73175053.61633003,47750456.628971264,120925510.24530129,0.6051250349731175,0.39487496502688246,11292086.59170736,870807.9186699602,0.8835632379519831,0.9248576745460786,12.967367831191149,0.5439448952674866
208,cycle42_best_main_lobe,73454612.55137011,47501594.57569745,120956207.12706757,0.6072827041790768,0.3927172958209232,11353500.248416435,872867.7545955813,0.8883686252411835,0.9283910129419121,13.007125293197204,0.5269303321838379
208,ideal,79120339.95094915,42485202.868746355,121605542.8196955,0.6506310330628666,0.3493689669371334,12780167.968374692,945604.0406808642,1.0,1.0,13.515348304954973,0.0
209,before,39068149.55000582,77814890.71758062,116883040.26758644,0.33424994302479705,0.665750056975203,3975642.280166935,2683469.203059198,0.31107903198181003,0.4937813661345012,1.4815308018570288,1.768003225326538
209,comp0p3_best_rmse,67645425.07220179,52594307.450409085,120239732.52261087,0.5625879536906088,0.43741204630939123,9473742.292491568,1050476.603446722,0.7412846463313255,0.8549688375219159,9.018518129206537,0.6060773134231567
209,cycle41_best_strehl,66733067.76517183,53393332.73844885,120126400.50362068,0.5555237440346051,0.4444762559653949,9184081.381631374,1082939.8930580532,0.718619771223504,0.843437576311517,8.480693564346366,0.6373007297515869
209,cycle42_best_rmse,68359406.95604241,51963573.39899357,120322980.35503598,0.5681325940758357,0.4318674059241643,9666905.956331411,1036267.7478444823,0.7563989753697105,0.8639928367145793,9.328579391223291,0.5811585187911987
209,cycle42_best_comp,68320283.5745051,51997333.45577751,120317617.03028262,0.5678327518513739,0.4321672481486261,9651398.469494047,1034550.2462760959,0.7551855729421572,0.8634983572727372,9.32907657625585,0.5829293131828308
209,cycle42_best_strehl,68320283.5745051,51997333.45577751,120317617.03028262,0.5678327518513739,0.4321672481486261,9651398.469494047,1034550.2462760959,0.7551855729421572,0.8634983572727372,9.32907657625585,0.5829293131828308
209,cycle42_best_main_lobe,68294245.79773372,52018535.89722094,120312781.69495466,0.567639155504603,0.43236084449539697,9633212.58367639,1029230.8412948839,0.7537625958840576,0.8631692664626177,9.359622931194682,0.5844686031341553
209,ideal,79120339.95094915,42485202.868746355,121605542.8196955,0.6506310330628666,0.3493689669371334,12780167.968374692,945604.0406808642,1.0,1.0,13.515348304954973,0.0
210,before,38824324.06646557,77809177.097205,116633501.16367057,0.3328745487283607,0.6671254512716394,7558492.058996235,4834648.273353862,0.5914235304027449,0.49069966193945586,1.5634006098550797,1.9034100770950317
210,comp0p3_best_rmse,75270542.83756278,45872324.76499975,121142867.60256253,0.6213369744928391,0.37866302550716086,11682803.941937935,912240.0136831823,0.9141353987559278,0.9513425104622522,12.806721659542694,0.38533079624176025
210,cycle41_best_strehl,75741552.29464646,45456472.63643679,121198024.93108325,0.6249404834584996,0.3750595165415004,11810058.355771083,888287.1164208297,0.9240925772646961,0.9572955872232427,13.295316500094346,0.36457979679107666
210,cycle42_best_rmse,75259104.98479292,45882480.9221859,121141585.90697882,0.6212491311000522,0.3787508688999478,11678262.514924366,899535.8595761125,0.9137800491998964,0.9511979477268423,12.982542486330122,0.3936860263347626
210,cycle42_best_comp,75363666.68386889,45793045.106900424,121156711.79076931,0.6220345994039325,0.37796540059606754,11723338.055484366,916582.240110669,0.917307040446924,0.9525195004292294,12.790274066480798,0.38407236337661743
210,cycle42_best_strehl,75363666.68386889,45793045.106900424,121156711.79076931,0.6220345994039325,0.37796540059606754,11723338.055484366,916582.240110669,0.917307040446924,0.9525195004292294,12.790274066480798,0.38407236337661743
210,cycle42_best_main_lobe,75409171.51538073,45758137.71807079,121167309.23345152,0.6223557491904919,0.3776442508095081,11768222.070840737,887267.6096531175,0.9208190455682526,0.9530946348578738,13.263441539854693,0.3805142343044281
210,ideal,79120339.95094915,42485202.868746355,121605542.8196955,0.6506310330628666,0.3493689669371334,12780167.968374692,945604.0406808642,1.0,1.0,13.515348304954973,0.0
211,before,63341263.056084484,56007408.27413757,119348671.33022206,0.5307244927832296,0.46927550721677036,8560693.4537972,1963217.7953465874,0.66984201420366,0.8005686413298155,4.360541899166053,1.157650351524353
211,comp0p3_best_rmse,66019258.367693655,54113858.230500616,120133116.59819427,0.5495508668813308,0.4504491331186692,9722995.52790159,1471312.812021878,0.7607877730528846,0.8344157571696792,6.6083809292330224,0.8786435723304749
211,cycle41_best_strehl,67501808.38898365,52808917.93287289,120310726.32185654,0.561062263130239,0.43893773686976095,10138179.23624378,1295310.0305938763,0.7932743342130812,0.8531536698506549,7.826836044491687,0.8385875225067139
211,cycle42_best_rmse,67201098.2667015,53064144.15184456,120265242.41854607,0.5587740640211643,0.4412259359788357,9995880.563055882,1351375.7619756274,0.7821399990822735,0.8493530021276829,7.396818001561998,0.832612931728363
211,cycle42_best_comp,67248730.32721739,53024548.719389156,120273279.04660654,0.5591327588329752,0.4408672411670248,10024069.206112536,1341135.2775058248,0.7843456542134429,0.8499550225505654,7.474316255966952,0.8302880525588989
211,cycle42_best_strehl,67248730.32721739,53024548.719389156,120273279.04660654,0.5591327588329752,0.4408672411670248,10024069.206112536,1341135.2775058248,0.7843456542134429,0.8499550225505654,7.474316255966952,0.8302880525588989
211,cycle42_best_main_lobe,66937927.41703934,53293461.138360254,120231388.5553996,0.5567425297279672,0.4432574702720327,9908043.335910786,1371292.2225616344,0.7752670669453521,0.8460267923335223,7.225333282647898,0.8363022208213806
211,ideal,79120339.95094915,42485202.868746355,121605542.8196955,0.6506310330628666,0.3493689669371334,12780167.968374692,945604.0406808642,1.0,1.0,13.515348304954973,0.0
212,before,35846529.17615828,80615475.50543131,116462004.68158959,0.3077959139906934,0.6922040860093066,3393893.2632056684,2488156.4442001544,0.26555936288193277,0.4530633867142308,1.364019240476928,1.7815465927124023
212,comp0p3_best_rmse,68649199.94597603,51754081.03697704,120403280.98295307,0.5701605420179165,0.4298394579820834,10174515.308130253,1219535.6304288104,0.7961174949584163,0.8676555230745379,8.34294222674963,0.7442996501922607
212,cycle41_best_strehl,68612728.78844632,51775190.79610339,120387919.58454971,0.5699303470416637,0.43006965295833627,10092301.819415461,1239819.5180538709,0.7896845991687652,0.8671945650256679,8.140137876888097,0.7411066889762878
212,cycle42_best_rmse,68236876.88409372,52126894.4935485,120363771.37764221,0.5669220572193606,0.4330779427806394,10124700.400946233,1300094.5901797297,0.7922196661264879,0.8624441821963523,7.787664434129026,0.7643517255783081
212,cycle42_best_comp,68244796.64753479,52124432.31166917,120369228.95920396,0.5669621483632217,0.4330378516367784,10155809.834974984,1285820.6848725765,0.7946538621484598,0.8625442798886269,7.898309581153933,0.7626985311508179
212,cycle42_best_strehl,68244796.64753479,52124432.31166917,120369228.95920396,0.5669621483632217,0.4330378516367784,10155809.834974984,1285820.6848725765,0.7946538621484598,0.8625442798886269,7.898309581153933,0.7626985311508179
212,cycle42_best_main_lobe,68136789.52867916,52215610.74272542,120352400.27140458,0.5661440019062777,0.4338559980937224,10099279.046721177,1293686.8142403967,0.7902305409218768,0.8611791806117205,7.8065872941984695,0.76983243227005
212,ideal,79120339.95094915,42485202.868746355,121605542.8196955,0.6506310330628666,0.3493689669371334,12780167.968374692,945604.0406808642,1.0,1.0,13.515348304954973,0.0
213,before,47187623.782170735,70358819.77618328,117546443.558354,0.4014381239764622,0.5985618760235378,6172817.905169805,2921561.2380279484,0.4829997477689511,0.5964031981084108,2.112849056464225,1.4055628776550293
213,comp0p3_best_rmse,66569563.26479535,53718664.84368707,120288228.10848242,0.5534171074891827,0.4465828925108173,10361173.13048644,796438.3397876644,0.8107227664085321,0.8413710470160431,13.009385175064269,0.9648257493972778
213,cycle41_best_strehl,67087414.8837524,53264234.25036729,120351649.13411969,0.5574282975465529,0.4425717024534472,10525197.958226405,817255.3850858147,0.8235570912895396,0.8479161606907074,12.878713496786835,0.9669192433357239
213,cycle42_best_rmse,66761999.38444949,53545882.65422586,120307882.03867535,0.5549262297127592,0.4450737702872409,10398351.888458777,814948.973333263,0.813631864165646,0.8438032423247771,12.759512839102019,0.9623448252677917
213,cycle42_best_comp,66814355.526179664,53494644.71710379,120309000.24328345,0.5553562525752078,0.4446437474247922,10381262.394012209,824975.2591481582,0.8122946756021735,0.8444649702921068,12.583725728613429,0.9622237086296082
213,cycle42_best_strehl,66814355.526179664,53494644.71710379,120309000.24328345,0.5553562525752078,0.4446437474247922,10381262.394012209,824975.2591481582,0.8122946756021735,0.8444649702921068,12.583725728613429,0.9622237086296082
213,cycle42_best_main_lobe,66596305.33738239,53693678.16176382,120289983.49914621,0.553631344856366,0.446368655143634,10361934.785960153,797581.5189695524,0.8107823630801563,0.8417090394033815,12.991693688373589,0.9638864994049072
213,ideal,79120339.95094915,42485202.868746355,121605542.8196955,0.6506310330628666,0.3493689669371334,12780167.968374692,945604.0406808642,1.0,1.0,13.515348304954973,0.0
214,before,47256088.999781296,70189854.67011559,117445943.66989689,0.402364590237387,0.597635409762613,5127664.108743262,2122408.7203565706,0.40122040034465745,0.5972685282833444,2.4159644933431106,1.931128740310669
214,comp0p3_best_rmse,56631935.83766918,62342483.274372935,118974419.11204211,0.47600094423942535,0.5239990557605747,6629565.5024860585,2877212.097081225,0.5187385266681411,0.7157696222334016,2.3041629462115054,0.9426584243774414
214,cycle41_best_strehl,57052614.8210703,61976765.71173881,119029380.53280911,0.47931539730515854,0.5206846026948415,6777853.331606759,2820249.0316650956,0.5303414906892439,0.7210865733949097,2.403281857561729,0.9451777338981628
214,cycle42_best_rmse,58899430.127989985,60353930.46783612,119253360.5958261,0.49390163793884295,0.5060983620611571,7335593.175673105,2602157.19062776,0.5739825324538362,0.7444284259206272,2.819043062461351,0.9039866924285889
214,cycle42_best_comp,58762064.08564209,60476402.409399964,119238466.49504206,0.49281130337318974,0.5071886966268102,7304960.550087828,2610288.1152289626,0.5715856448964052,0.7426922599431673,2.7985265333237246,0.9054902791976929
214,cycle42_best_strehl,58762064.08564209,60476402.409399964,119238466.49504206,0.49281130337318974,0.5071886966268102,7304960.550087828,2610288.1152289626,0.5715856448964052,0.7426922599431673,2.7985265333237246,0.9054902791976929
214,cycle42_best_main_lobe,58938036.73102386,60317866.72985186,119255903.46087572,0.49421483566521857,0.5057851643347815,7335833.72047271,2616792.0292570633,0.5740013541782611,0.744916373811875,2.803369025300584,0.9051623344421387
214,ideal,79120339.95094915,42485202.868746355,121605542.8196955,0.6506310330628666,0.3493689669371334,12780167.968374692,945604.0406808642,1.0,1.0,13.515348304954973,0.0
215,before,51222212.45360134,66522234.62673039,117744447.08033173,0.43502868902730274,0.5649713109726973,4420606.6348625915,2568688.29735421,0.34589581653399654,0.647396263531687,1.7209587630448921,1.8214586973190308
215,comp0p3_best_rmse,56717237.58562013,62261610.07890812,118978847.66452825,0.47670017569458706,0.5232998243054129,6675216.698140012,2847562.7431645994,0.5223105607577494,0.7168477488946853,2.3441859935003935,1.0660154819488525
215,cycle41_best_strehl,55222167.029910535,63551299.21267548,118773466.24258602,0.46493689859251347,0.5350631014074866,6074928.485094921,2718384.4411924053,0.4753402694023821,0.6979515894919771,2.2347569361566038,1.1323293447494507
215,cycle42_best_rmse,61495256.31783473,58087242.00463157,119582498.3224663,0.5142496366985623,0.4857503633014377,8241191.082391031,2352370.396145192,0.6448421572223748,0.7772370082833171,3.5033560598687163,0.8964493870735168
215,cycle42_best_comp,62220371.954892136,57444838.65731787,119665210.61221,0.5199537245333984,0.48004627546660167,8421691.885750443,2276457.8450892596,0.6589656651297882,0.7864017267047363,3.699471924734995,0.8756088018417358
215,cycle42_best_strehl,62220371.954892136,57444838.65731787,119665210.61221,0.5199537245333984,0.48004627546660167,8421691.885750443,2276457.8450892596,0.6589656651297882,0.7864017267047363,3.699471924734995,0.8756088018417358
215,cycle42_best_main_lobe,61407312.34714273,58163475.968177654,119570788.31532039,0.5135645019350829,0.4864354980649172,8205952.656151536,2362568.068509219,0.6420848831140301,0.7761254866348192,3.473319040212667,0.8929929137229919
215,ideal,79120339.95094915,42485202.868746355,121605542.8196955,0.6506310330628666,0.3493689669371334,12780167.968374692,945604.0406808642,1.0,1.0,13.515348304954973,0.0
216,before,34504303.399466924,81958666.13633001,116462969.53579694,0.2962684494221266,0.7037315505778734,5630839.454834397,5630839.454834397,0.4405919756898543,0.4360990286550583,1.0,1.8820804357528687
216,comp0p3_best_rmse,72034863.11643541,48745798.03276242,120780661.14919783,0.5964105712871719,0.4035894287128281,10888508.891765963,975171.9906330262,0.8519848032287405,0.9104468353029525,11.165731785115938,0.5452763438224792
216,cycle41_best_strehl,71765727.47580856,48988997.91848755,120754725.39429611,0.5943098892525694,0.4056901107474305,10861063.225572668,950623.3428574302,0.8498372832382981,0.9070452366648059,11.425201481930742,0.5608949661254883
216,cycle42_best_rmse,71898138.26824433,48868782.51143876,120766920.77968308,0.5953462902263542,0.40465370977364584,10874946.863081338,953037.4128472985,0.8509236255730018,0.9087187733624218,11.410828910264184,0.5680106282234192
216,cycle42_best_comp,72025410.42719598,48754931.871915296,120780342.29911128,0.5963338822871175,0.4036661177128825,10899527.37315952,938843.6667276507,0.8528469578906215,0.9103273629998091,11.609523245920096,0.5633684992790222
216,cycle42_best_strehl,72025410.42719598,48754931.871915296,120780342.29911128,0.5963338822871175,0.4036661177128825,10899527.37315952,938843.6667276507,0.8528469578906215,0.9103273629998091,11.609523245920096,0.5633684992790222
216,cycle42_best_main_lobe,71928886.8536509,48840660.42621519,120769547.27986608,0.5955879480691108,0.40441205193088925,10875725.759585697,959144.7081050719,0.8509845712903262,0.9091074039651926,11.338983229206628,0.5671511292457581
216,ideal,79120339.95094915,42485202.868746355,121605542.8196955,0.6506310330628666,0.3493689669371334,12780167.968374692,945604.0406808642,1.0,1.0,13.515348304954973,0.0
217,before,52209640.9249173,65686638.531456746,117896279.45637405,0.4428438383777563,0.5571561616222437,6007684.257239929,1617683.8460194448,0.4700786618850638,0.659876347312016,3.713756722008904,1.5295881032943726
217,comp0p3_best_rmse,60571327.58986732,58778951.87825507,119350279.4681224,0.5075088877864379,0.4924911122135622,7335128.046285042,1736402.593154366,0.5739461378313857,0.7655594961727752,4.224324517368968,0.7871679663658142
217,cycle41_best_strehl,59936353.89939405,59324661.470081344,119261015.3694754,0.5025645112420755,0.49743548875792454,7059289.158732399,1729336.9325170252,0.5523627839791341,0.7575340795622433,4.082078527321859,0.8200585246086121
217,cycle42_best_rmse,61411050.973860085,58033807.29858017,119444858.27244025,0.5141372501258146,0.48586274987418543,7518564.088860173,1585207.0770126702,0.5882993171502378,0.7761727390444988,4.742953900400786,0.7669715285301208
217,cycle42_best_comp,61449681.7391908,57999173.15423037,119448854.89342117,0.5144434561052894,0.4855565438947106,7525031.376037648,1581203.542157145,0.5888053580092842,0.7766609923224127,4.7590529463219395,0.7667884230613708
217,cycle42_best_strehl,61449681.7391908,57999173.15423037,119448854.89342117,0.5144434561052894,0.4855565438947106,7525031.376037648,1581203.542157145,0.5888053580092842,0.7766609923224127,4.7590529463219395,0.7667884230613708
217,cycle42_best_main_lobe,61830802.34260472,57661644.5432624,119492446.88586712,0.5174452775384393,0.4825547224615608,7619527.195943224,1548143.6707740847,0.5961992999464648,0.781477966107538,4.921718403650093,0.7582376003265381
217,ideal,79120339.95094915,42485202.868746355,121605542.8196955,0.6506310330628666,0.3493689669371334,12780167.968374692,945604.0406808642,1.0,1.0,13.515348304954973,0.0
218,before,45549780.25301064,71561703.21191737,117111483.46492802,0.38894375602928527,0.6110562439707147,4914840.914269259,2072186.5223826976,0.3845677870925745,0.5757025346611166,2.371813956505201,2.068197011947632
218,comp0p3_best_rmse,78206820.05436368,43288441.373030305,121495261.42739399,0.6437026360991072,0.35629736390089284,12514310.630343126,952165.6856966581,0.9791976647967815,0.9884540448492536,13.142996873686906,0.16609035432338715
218,cycle41_best_strehl,78425857.64650021,43093928.22981198,121519785.8763122,0.6453752126120865,0.3546247873879135,12566155.673413098,957740.7656430966,0.9832543441141633,0.9912224555041159,13.12062316254782,0.14787475764751434
218,cycle42_best_rmse,78449072.63990755,43073353.94606955,121522426.5859771,0.6455522231067764,0.35444777689322354,12571309.516741026,937044.4701097049,0.9836576129397909,0.9915158692258179,13.415915591785344,0.16358613967895508
218,cycle42_best_comp,78415293.81112313,43098774.987513825,121514068.79863696,0.6453186415892834,0.3546813584107166,12533718.183624247,939889.8147640828,0.9807162327318154,0.9910889394526982,13.335305890904111,0.17454172670841217
218,cycle42_best_strehl,78415293.81112313,43098774.987513825,121514068.79863696,0.6453186415892834,0.3546813584107166,12533718.183624247,939889.8147640828,0.9807162327318154,0.9910889394526982,13.335305890904111,0.17454172670841217
218,cycle42_best_main_lobe,78488888.28752731,43035639.14642134,121524527.43394865,0.6458686978247071,0.35413130217529293,12566293.743798662,956970.0624618673,0.9832651476017158,0.9920190982013815,13.131334235755567,0.16637997329235077
218,ideal,79120339.95094915,42485202.868746355,121605542.8196955,0.6506310330628666,0.3493689669371334,12780167.968374692,945604.0406808642,1.0,1.0,13.515348304954973,0.0
219,before,43165365.838760085,74215998.70219597,117381364.54095607,0.3677361053653373,0.6322638946346627,3989300.8375567645,3250124.6472130595,0.31214776264510247,0.5455659804485239,1.2274301051738243,1.5435595512390137
219,comp0p3_best_rmse,57646198.61258193,61395308.33679632,119041506.94937825,0.4842529306781681,0.5157470693218319,6631251.822853049,2522686.675704158,0.5188704748844059,0.7285888641064969,2.628646627707766,0.8556644320487976
219,cycle41_best_strehl,58780800.406949066,60394318.77547277,119175119.18242183,0.49323047302325795,0.506769526976742,6943163.547061733,2484598.80344035,0.5432763923168316,0.7429290678400822,2.794480757797895,0.8328939080238342
219,cycle42_best_rmse,56681989.33200203,62243729.317251965,118925718.649254,0.47661674846946644,0.5233832515305336,6344452.421880137,2663905.4548158986,0.49642950214581477,0.7164022470978028,2.3816357335093934,0.8762912750244141
219,cycle42_best_comp,56653013.44266294,62269225.75361976,118922239.1962827,0.4763870393422075,0.5236129606577925,6335629.993287975,2677949.111240795,0.49573918034300324,0.7160360215563422,2.3658515267127083,0.8769932985305786
219,cycle42_best_strehl,56653013.44266294,62269225.75361976,118922239.1962827,0.4763870393422075,0.5236129606577925,6335629.993287975,2677949.111240795,0.49573918034300324,0.7160360215563422,2.3658515267127083,0.8769932985305786
219,cycle42_best_main_lobe,56676472.56021434,62248281.51212156,118924754.0723359,0.47657422546142847,0.5234257745385715,6339622.898925693,2679106.6705651768,0.4960516101676815,0.716332520757002,2.3663197022268263,0.8762869834899902
219,ideal,79120339.95094915,42485202.868746355,121605542.8196955,0.6506310330628666,0.3493689669371334,12780167.968374692,945604.0406808642,1.0,1.0,13.515348304954973,0.0
220,before,47452165.74271445,69878071.80447344,117330237.5471879,0.40443253789228994,0.59556746210771,4507781.90602892,2941957.175033505,0.3527169531092003,0.5997467373387493,1.5322391312435002,1.7703924179077148
220,comp0p3_best_rmse,66969018.762575254,53194359.84773314,120163378.6103084,0.5573163765622534,0.44268362343774664,9378304.818868056,1464940.2528105306,0.7338170235379727,0.8464197550730048,6.40183434162281,0.6602460145950317
220,cycle41_best_strehl,67315310.56935295,52882061.82988031,120197372.39923327,0.5600397847780436,0.43996021522195644,9423370.981441248,1505077.4552658987,0.73734328099286,0.8507965285675624,6.261053840432711,0.6570427417755127
220,cycle42_best_rmse,68574687.53354247,51771145.192854464,120345832.72639693,0.5698135613008322,0.43018643869916784,9776105.282116128,1306437.359215463,0.7649434112530993,0.8667137625553115,7.483026425382414,0.599865734577179
220,cycle42_best_comp,68624782.17361712,51724692.99687694,120349475.17049406,0.5702125586871007,0.4297874413128992,9773767.040103044,1326407.2362516092,0.7647604526238488,0.8673469074597155,7.368602019786506,0.5983235239982605
220,cycle42_best_strehl,68624782.17361712,51724692.99687694,120349475.17049406,0.5702125586871007,0.4297874413128992,9773767.040103044,1326407.2362516092,0.7647604526238488,0.8673469074597155,7.368602019786506,0.5983235239982605
220,cycle42_best_main_lobe,68432581.75345781,51895888.99815534,120328470.75161316,0.568714796473389,0.43128520352661104,9733624.374273522,1330077.2519321397,0.7616194402420978,0.8649176911510082,7.3180895020450505,0.6046805381774902
220,ideal,79120339.95094915,42485202.868746355,121605542.8196955,0.6506310330628666,0.3493689669371334,12780167.968374692,945604.0406808642,1.0,1.0,13.515348304954973,0.0
221,before,33034125.964945108,83619938.08191174,116654064.04685685,0.28318024095308136,0.7168197590469186,3546439.773538672,3409993.5869565094,0.27749555266523523,0.41751749278914496,1.0400136197041776,2.6065526008605957
221,comp0p3_best_rmse,69748178.15415837,50731293.24545358,120479471.39961195,0.5789216813776875,0.42107831862231243,10120569.643250884,1052179.9431393805,0.7918964498975956,0.8815454811923069,9.618668089275895,0.5787292122840881
221,cycle41_best_strehl,70976563.32248268,49638161.59174639,120614724.91422907,0.5884568685370312,0.4115431314629688,10394481.733009987,1001162.2076324513,0.8133290390808453,0.8970710106463745,10.382415210808706,0.5541057586669922
221,cycle42_best_rmse,70747180.28085764,49861184.65442829,120608364.93528593,0.586586015976736,0.413413984023264,10458626.512616476,951562.3711499523,0.8183481264484933,0.8941718441138844,10.991004719929546,0.5673011541366577
221,cycle42_best_comp,70765055.68599503,49844889.05389385,120609944.73988888,0.5867265409880514,0.41327345901194856,10459413.338474864,946133.6138857577,0.8184096926079002,0.8943977709128399,11.054900898741138,0.5662147998809814
221,cycle42_best_strehl,70765055.68599503,49844889.05389385,120609944.73988888,0.5867265409880514,0.41327345901194856,10459413.338474864,946133.6138857577,0.8184096926079002,0.8943977709128399,11.054900898741138,0.5662147998809814
221,cycle42_best_main_lobe,70542256.96823113,50041222.7339167,120583479.70214783,0.5850076407023327,0.41499235929766726,10398800.386936387,965740.5673085384,0.813666957482003,0.8915818234851364,10.76769552708884,0.5733462572097778
221,ideal,79120339.95094915,42485202.868746355,121605542.8196955,0.6506310330628666,0.3493689669371334,12780167.968374692,945604.0406808642,1.0,1.0,13.515348304954973,0.0
222,before,32068232.443567023,84126942.03166965,116195174.47523667,0.2759859227235065,0.7240140772764935,6679470.924503791,6679470.924503791,0.5226434379448338,0.4053095887030794,1.0,2.298558235168457
222,comp0p3_best_rmse,75342380.72120279,45837668.24239953,121180048.96360232,0.6217391506734962,0.3782608493265038,11856916.219388897,898989.9724071078,0.9277590285768983,0.9522504676788736,13.189152919738563,0.42624494433403015
222,cycle41_best_strehl,75089407.76178898,46058773.4426689,121148181.20445788,0.6198145693583547,0.38018543064164534,11773649.870122204,876882.0007289113,0.9212437504152388,0.949053148764791,13.4267208818693,0.42862436175346375
222,cycle42_best_rmse,75627218.78133394,45574404.35150209,121201623.13283603,0.6239785972044871,0.3760214027955129,11860722.714486875,892677.0729434773,0.9280568724790597,0.9558505288048461,13.286689077134923,0.41461050510406494
222,cycle42_best_comp,75586200.75625123,45615162.74570462,121201363.50195585,0.6236415051141853,0.3763584948858147,11880601.522107556,888302.0141441389,0.9296123142909257,0.955332103010567,13.374507017812267,0.41299688816070557
222,cycle42_best_strehl,75586200.75625123,45615162.74570462,121201363.50195585,0.6236415051141853,0.3763584948858147,11880601.522107556,888302.0141441389,0.9296123142909257,0.955332103010567,13.374507017812267,0.41299688816070557
222,cycle42_best_main_lobe,75699410.52030328,45509721.17556384,121209131.69586712,0.6245355400304745,0.3754644599695255,11873990.112015419,900092.6928161973,0.9290949963567251,0.9567629583901348,13.19196367972308,0.4125749170780182
222,ideal,79120339.95094915,42485202.868746355,121605542.8196955,0.6506310330628666,0.3493689669371334,12780167.968374692,945604.0406808642,1.0,1.0,13.515348304954973,0.0
223,before,51033242.91849162,66775505.92573318,117808748.8442248,0.43318720739468547,0.5668127926053146,5852665.012018736,3721304.9853101685,0.4579489899116752,0.6450078822984052,1.5727453232460387,1.5706225633621216
223,comp0p3_best_rmse,72797142.67019428,48176280.89688015,120973423.56707443,0.6017614491155694,0.3982385508844306,11768803.98435443,904550.7927847638,0.9208645781086021,0.9200812675391064,13.010661289813049,0.7235968708992004
223,cycle41_best_strehl,72560811.53736077,48385266.28890869,120946077.82626946,0.5999434859027779,0.4000565140972221,11705446.300982092,899677.5496300834,0.9159070780562458,0.9170942842554143,13.010712900188485,0.7306204438209534
223,cycle42_best_rmse,72362720.66781142,48557803.90141097,120920524.56922239,0.5984320769828163,0.4015679230171837,11637179.558996659,898906.6613175131,0.9105654626600818,0.9145906187040257,12.94592649023229,0.7346651554107666
223,cycle42_best_comp,72255004.03911501,48657135.3974631,120912139.43657811,0.5975827106840239,0.4024172893159761,11635749.609768234,893949.5314549967,0.910453574519647,0.9132291909249844,13.016114669057247,0.7383793592453003
223,cycle42_best_strehl,72255004.03911501,48657135.3974631,120912139.43657811,0.5975827106840239,0.4024172893159761,11635749.609768234,893949.5314549967,0.910453574519647,0.9132291909249844,13.016114669057247,0.7383793592453003
223,cycle42_best_main_lobe,72405367.34586242,48506937.48186433,120912304.82772675,0.5988254665149592,0.40117453348504084,11563058.996176407,925525.2143826651,0.904765807835226,0.9151296290024828,12.493510513259313,0.7407749891281128
223,ideal,79120339.95094915,42485202.868746355,121605542.8196955,0.6506310330628666,0.3493689669371334,12780167.968374692,945604.0406808642,1.0,1.0,13.515348304954973,0.0
224,before,30658492.583512943,85534917.69244413,116193410.27595708,0.26385741248750355,0.7361425875124964,4757742.909970353,4757742.909970353,0.37227546005214324,0.3874919218309698,1.0,2.0803585052490234
224,comp0p3_best_rmse,69575441.94546229,50870761.430368215,120446203.3758305,0.5776474475360984,0.42235255246390163,9965764.109464493,851907.1681716281,0.7797835000389186,0.8793622725660147,11.69818083683122,0.5405830144882202
224,cycle41_best_strehl,68935693.6670658,51430779.042822,120366472.7098878,0.5727150768405205,0.4272849231594796,9764997.247111153,905864.3157911295,0.7640742493584777,0.8712765100580034,10.779757052890387,0.5571262836456299
224,cycle42_best_rmse,69653863.395637,50796641.87787624,120450505.27351324,0.5782778846586849,0.4217221153413151,9959200.935867202,848936.6953877943,0.7792699564287303,0.8803534393155931,11.731382316225403,0.5343714356422424
224,cycle42_best_comp,69783851.73676457,50683273.6484098,120467125.38517436,0.579277139000718,0.4207228609992821,10002192.093203707,842576.1576793601,0.7826338525404942,0.8819963587116441,11.870965018464256,0.5301125049591064
224,cycle42_best_strehl,69783851.73676457,50683273.6484098,120467125.38517436,0.579277139000718,0.4207228609992821,10002192.093203707,842576.1576793601,0.7826338525404942,0.8819963587116441,11.870965018464256,0.5301125049591064
224,cycle42_best_main_lobe,69829470.0706929,50638410.03873409,120467880.10942699,0.579652186186586,0.42034781381341396,9985434.693989174,842934.0710649469,0.7813226491779094,0.8825729276944949,11.846044710677983,0.5326697826385498
224,ideal,79120339.95094915,42485202.868746355,121605542.8196955,0.6506310330628666,0.3493689669371334,12780167.968374692,945604.0406808642,1.0,1.0,13.515348304954973,0.0
225,before,28071690.53950921,88092413.31995495,116164103.85946415,0.24165546504340502,0.758344534956595,5547565.126561684,5547565.126561684,0.4340760732010309,0.3547973954221168,1.0,2.2767202854156494
225,comp0p3_best_rmse,74369738.08560823,46743482.81454988,121113220.9001581,0.6140513606430819,0.3859486393569181,11926146.558220081,902056.6476598912,0.9331760417963254,0.9399572617068371,13.221061658554154,0.5946678519248962
225,cycle41_best_strehl,74333800.21971451,46770593.92213622,121104394.14185072,0.6137993649730548,0.38620063502694524,11888861.137539793,907869.3476548144,0.9302585980841181,0.9395030439176315,13.095343694828783,0.5852584838867188
225,cycle42_best_rmse,74700046.94217777,46436163.41191323,121136210.354091,0.6166615805779581,0.3833384194220419,11916807.105289735,896695.424160375,0.9324452647867073,0.9441320270930111,13.289693227160262,0.5504547953605652
225,cycle42_best_comp,74737459.9484772,46403778.25528045,121141238.20375764,0.6169448245424896,0.38305517545751044,11930450.068400344,895856.518538615,0.9335127752563951,0.9446048891449514,13.317367035362029,0.5490773916244507
225,cycle42_best_strehl,74737459.9484772,46403778.25528045,121141238.20375764,0.6169448245424896,0.38305517545751044,11930450.068400344,895856.518538615,0.9335127752563951,0.9446048891449514,13.317367035362029,0.5490773916244507
225,cycle42_best_main_lobe,74693310.43456176,46441605.81428014,121134916.2488419,0.6166125568710736,0.3833874431289264,11911367.111991454,907385.361194075,0.9320196058038408,0.9440468845415485,13.1271316701833,0.5517359972000122
225,ideal,79120339.95094915,42485202.868746355,121605542.8196955,0.6506310330628666,0.3493689669371334,12780167.968374692,945604.0406808642,1.0,1.0,13.515348304954973,0.0
226,before,58434761.981512405,59934889.7482556,118369651.72976801,0.49366337678272504,0.5063366232172749,5363720.540435689,2273944.030990725,0.41969092688832754,0.7385554968259639,2.3587742122653705,1.7475186586380005
226,comp0p3_best_rmse,47185151.32070445,70639943.91054207,117825095.23124653,0.40046775458231265,0.5995322454176872,3869017.0285857404,3110495.6466202717,0.30273600770818193,0.5963719487297072,1.243858686248169,1.1182104349136353
226,cycle41_best_strehl,42361804.82391438,74922426.14123079,117284230.96514517,0.3611892619776274,0.6388107380223726,3482594.3088612664,3482594.3088612664,0.2724998855632539,0.5354097928570161,1.0,1.26628577709198
226,cycle42_best_rmse,51281257.93926996,66942205.85427733,118223463.79354729,0.4337654835492049,0.566234516450795,6417247.401285988,2435396.493297806,0.502125435062032,0.6481425379499368,2.634990819337306,1.2579036951065063
226,cycle42_best_comp,50619272.782091,67530079.50030047,118149352.28239147,0.4284346194391715,0.5715653805608284,6322912.660623484,2487760.9539760654,0.4947440969688285,0.6397757240865313,2.5416078062154184,1.2821084260940552
226,cycle42_best_strehl,50619272.782091,67530079.50030047,118149352.28239147,0.4284346194391715,0.5715653805608284,6322912.660623484,2487760.9539760654,0.4947440969688285,0.6397757240865313,2.5416078062154184,1.2821084260940552
226,cycle42_best_main_lobe,51760319.23955402,66516089.57590859,118276408.8154626,0.4376216673970173,0.5623783326029828,6145430.082625716,2507073.825333706,0.48085675382615933,0.6541973817559803,2.451236186396595,1.2543777227401733
226,ideal,79120339.95094915,42485202.868746355,121605542.8196955,0.6506310330628666,0.3493689669371334,12780167.968374692,945604.0406808642,1.0,1.0,13.515348304954973,0.0
227,before,45716360.92545649,71499113.27072206,117215474.19617856,0.39001984370206066,0.6099801562979392,4711219.416716095,2408149.042301956,0.3686351719612994,0.5778079436185242,1.9563653801978251,1.9303792715072632
227,comp0p3_best_rmse,71960919.13457341,48864063.877993375,120824983.01256679,0.5955797993126049,0.4044202006873952,11197452.750578966,867098.0398623924,0.8761584963740499,0.9095122591635193,12.913710140961674,0.6506774425506592
227,cycle41_best_strehl,71701462.61428212,49078356.3326568,120779818.94693892,0.5936543309920183,0.40634566900798175,11031160.713279665,898406.9724642383,0.863146770885715,0.9062329946854831,12.27857869693767,0.6572716236114502
227,cycle42_best_rmse,71715124.01054093,49061841.11868931,120776965.12923025,0.5937814709436224,0.40621852905637756,11005348.451929878,906030.8581522421,0.8611270586711605,0.9064056607314996,12.146770005575934,0.6412478685379028
227,cycle42_best_comp,71852940.49512084,48938583.33542383,120791523.83054467,0.5948508489380554,0.40514915106194466,11032747.253483448,896919.3637159858,0.8632709116800856,0.9081475198370766,12.300712527572351,0.6361994743347168
227,cycle42_best_strehl,71852940.49512084,48938583.33542383,120791523.83054467,0.5948508489380554,0.40514915106194466,11032747.253483448,896919.3637159858,0.8632709116800856,0.9081475198370766,12.300712527572351,0.6361994743347168
227,cycle42_best_main_lobe,71794272.18393521,48980746.76742223,120775018.95135744,0.5944463748157275,0.40555362518427257,10955465.576867351,906815.3219464708,0.8572239116087771,0.9074060125176946,12.081253273656145,0.6432653665542603
227,ideal,79120339.95094915,42485202.868746355,121605542.8196955,0.6506310330628666,0.3493689669371334,12780167.968374692,945604.0406808642,1.0,1.0,13.515348304954973,0.0
228,before,46215881.74729059,71384089.67856959,117599971.42586018,0.39299228721689755,0.6070077127831024,4037787.4151583137,3095737.868868827,0.31594165469108587,0.5841213748063044,1.3043053340409951,1.3299185037612915
228,comp0p3_best_rmse,63753690.14463381,55990617.555004574,119744307.69963838,0.5324152051097987,0.4675847948902014,8348263.972697357,1882434.0858922917,0.6532202075399671,0.8057812969984465,4.434824058522187,0.7279492616653442
228,cycle41_best_strehl,63767694.57804822,55976880.38935513,119744574.96740335,0.5325309693187098,0.4674690306812902,8341775.750956701,1871385.4880013347,0.6527125286302133,0.8059582986825027,4.457540044229921,0.726178765296936
228,cycle42_best_rmse,65433496.38816712,54497834.01134879,119931330.39951591,0.5455913494013174,0.45440865059868263,8723576.89865544,1645665.38686497,0.6825870301738182,0.8270123261443616,5.300942079892713,0.6765458583831787
228,cycle42_best_comp,65507204.21043362,54435082.33504276,119942286.54547638,0.5461560396849398,0.4538439603150602,8758123.35074443,1640717.8121882097,0.6852901599115866,0.8279439174685671,5.337982732730746,0.6736817955970764
228,cycle42_best_strehl,65507204.21043362,54435082.33504276,119942286.54547638,0.5461560396849398,0.4538439603150602,8758123.35074443,1640717.8121882097,0.6852901599115866,0.8279439174685671,5.337982732730746,0.6736817955970764
228,cycle42_best_main_lobe,65245772.390352964,54667563.82407276,119913336.21442573,0.5441077235452967,0.4558922764547033,8700577.730555454,1678269.0478991678,0.6807874319089989,0.8246396872258416,5.184256804024782,0.6790996789932251
228,ideal,79120339.95094915,42485202.868746355,121605542.8196955,0.6506310330628666,0.3493689669371334,12780167.968374692,945604.0406808642,1.0,1.0,13.515348304954973,0.0
229,before,54867423.10867061,62969230.590460494,117836653.6991311,0.46562271913085723,0.5343772808691428,7439871.525116629,3994191.228227911,0.5821419204760881,0.6934679899338881,1.8626728416349387,1.7111711502075195
229,comp0p3_best_rmse,73688866.92430688,47339032.55896826,121027899.48327515,0.6088585131107721,0.39114148688922795,11712210.793714937,936158.511859295,0.916436374130412,0.9313517481091522,12.510926990829185,0.6433010697364807
229,cycle41_best_strehl,73720966.22579859,47315687.87164219,121036654.09744078,0.6090796773550051,0.3909203226449948,11751455.98289098,896782.4541626514,0.9195071623448673,0.9317574503787786,13.10402085627736,0.6261993646621704
229,cycle42_best_rmse,74391125.34550606,46727477.340241104,121118602.68574716,0.6142006570082414,0.3857993429917586,11952017.128238576,902649.4735747469,0.9352003164445548,0.9402275747503742,13.241039271762062,0.6017589569091797
229,cycle42_best_comp,74275899.92989768,46830283.59890428,121106183.52880196,0.6133122006295664,0.38668779937043357,11928259.049617495,901771.1646224803,0.9333413362903135,0.9387712436011424,13.227589789490743,0.6058355569839478
229,cycle42_best_strehl,74275899.92989768,46830283.59890428,121106183.52880196,0.6133122006295664,0.38668779937043357,11928259.049617495,901771.1646224803,0.9333413362903135,0.9387712436011424,13.227589789490743,0.6058355569839478
229,cycle42_best_main_lobe,74265642.75395003,46838634.405712694,121104277.15966272,0.6132371580570926,0.3867628419429075,11920769.468854455,910806.4327231691,0.932755304809227,0.938641603410592,13.088148085662082,0.6080666780471802
229,ideal,79120339.95094915,42485202.868746355,121605542.8196955,0.6506310330628666,0.3493689669371334,12780167.968374692,945604.0406808642,1.0,1.0,13.515348304954973,0.0
230,before,33688610.73516482,82596876.32259385,116285487.05775867,0.2897060638223219,0.7102939361776781,6126312.942573537,4728616.5339849545,0.47936090963228917,0.4257895094491525,1.2955825236711889,2.0286543369293213
230,comp0p3_best_rmse,68060466.27998199,52308865.14850204,120369331.42848402,0.5654302925194802,0.43456970748051976,10242466.035747759,1239012.2486639174,0.8014343834207319,0.860214532978198,8.266638240899288,0.8042570352554321
230,cycle41_best_strehl,67930295.46882601,52416345.059074596,120346640.5279006,0.5644552699672357,0.4355447300327643,10160788.991129337,1273097.2716694498,0.7950434623608102,0.8585693073480165,7.981156834783878,0.799753725528717
230,cycle42_best_rmse,69297393.31980447,51212904.70749833,120510298.0273028,0.5750329594579914,0.42496704054200857,10541140.616508704,1077846.6891332408,0.8248045442433465,0.8758480229327322,9.77981444187155,0.777652382850647
230,cycle42_best_comp,69222288.27343711,51285398.56430872,120507686.83774583,0.5744221807745717,0.42557781922542826,10561574.067529662,1095811.5783061432,0.8264033848119151,0.8748987721280223,9.638129653507836,0.779899001121521
230,cycle42_best_strehl,69222288.27343711,51285398.56430872,120507686.83774583,0.5744221807745717,0.42557781922542826,10561574.067529662,1095811.5783061432,0.8264033848119151,0.8748987721280223,9.638129653507836,0.779899001121521
230,cycle42_best_main_lobe,69087935.82402559,51394117.64327781,120482053.4673034,0.5734292688062026,0.42657073119379746,10461719.015538754,1110105.1125945358,0.81859010315255,0.8732006948763975,9.424079663129955,0.7843068838119507
230,ideal,79120339.95094915,42485202.868746355,121605542.8196955,0.6506310330628666,0.3493689669371334,12780167.968374692,945604.0406808642,1.0,1.0,13.515348304954973,0.0
231,before,51026044.531746365,66921785.564163215,117947830.09590958,0.4326153731718032,0.5673846268281968,5288171.776308879,2530410.9498594077,0.41377952069133866,0.6449169020681672,2.0898470173798036,1.3708761930465698
231,comp0p3_best_rmse,56864733.53982931,62086833.91817125,118951567.45800056,0.4780494679896263,0.5219505320103738,6410513.538387471,2725826.627723709,0.501598535657018,0.7187119465750873,2.351768624309309,0.8713156580924988
231,cycle41_best_strehl,57737323.16996766,61305035.873228215,119042359.04319587,0.4850149445460587,0.5149850554539412,6579845.786745665,2607315.7782702297,0.5148481462080855,0.7297405851107573,2.5236090854752273,0.8537484407424927
231,cycle42_best_rmse,54037921.07597036,64584762.33611866,118622683.41208902,0.4555445849108424,0.5444554150891576,5651455.813313654,2922928.871514726,0.4422051280780133,0.6829839344657935,1.9334907080325034,0.941195011138916
231,cycle42_best_comp,54554005.45520612,64124974.804642655,118678980.25984877,0.459677066113642,0.540322933886358,5767788.572317709,2891728.455385072,0.4513077282388193,0.6895067120417709,1.9945816702037644,0.9326121807098389
231,cycle42_best_strehl,54554005.45520612,64124974.804642655,118678980.25984877,0.459677066113642,0.540322933886358,5767788.572317709,2891728.455385072,0.4513077282388193,0.6895067120417709,1.9945816702037644,0.9326121807098389
231,cycle42_best_main_lobe,54060806.9179001,64563618.08095813,118624424.99885823,0.4557308237188121,0.544269176281188,5653461.983552599,2924036.376737919,0.4423621033418682,0.6832731880501933,1.933444477137337,0.941672682762146
231,ideal,79120339.95094915,42485202.868746355,121605542.8196955,0.6506310330628666,0.3493689669371334,12780167.968374692,945604.0406808642,1.0,1.0,13.515348304954973,0.0
232,before,54243323.00809009,63891871.03775973,118135194.04584982,0.4591631092343027,0.5408368907656973,4940102.981009918,3302577.096272244,0.3865444486515753,0.6855800043543591,1.4958327503046083,1.5175347328186035
232,comp0p3_best_rmse,51101764.658229634,67037382.388099596,118139147.04632923,0.43255572717305685,0.5674442728269431,3986925.845684078,2592155.9656818286,0.31196192847777665,0.6458739268550957,1.538073286664823,1.2121168375015259
232,cycle41_best_strehl,43370456.51810871,73980031.98210965,117350488.50021836,0.36958053666754026,0.6304194633324598,3151409.916892299,2919214.297592051,0.24658595447967943,0.5481581164210914,1.0795404501450194,1.3895769119262695
232,cycle42_best_rmse,42998194.29324507,74248847.75416693,117247042.04741201,0.36673159119747845,0.6332684088025214,4526777.982355772,2659130.9185425513,0.35420332452261666,0.5434531034611568,1.7023524305591027,1.4152207374572754
232,cycle42_best_comp,42185578.98922653,74968706.92473486,117154285.91396138,0.36008566532689895,0.6399143346731011,4313998.272317857,2283819.0497060525,0.33755411376384953,0.5331824789349943,1.888940488903053,1.4279670715332031
232,cycle42_best_strehl,42185578.98922653,74968706.92473486,117154285.91396138,0.36008566532689895,0.6399143346731011,4313998.272317857,2283819.0497060525,0.33755411376384953,0.5331824789349943,1.888940488903053,1.4279670715332031
232,cycle42_best_main_lobe,41538656.48738686,75540968.95385611,117079625.44124296,0.3547897965238474,0.6452102034761527,4127179.4866078463,1930419.1454081233,0.32293624753765404,0.5250060415961162,2.137970655971344,1.5031883716583252
232,ideal,79120339.95094915,42485202.868746355,121605542.8196955,0.6506310330628666,0.3493689669371334,12780167.968374692,945604.0406808642,1.0,1.0,13.515348304954973,0.0
233,before,32178456.86851392,84072699.75481579,116251156.62332971,0.27680117603282606,0.7231988239671739,4405057.648006446,4223260.935108546,0.34467916688630623,0.40670271245627904,1.0430465262959716,1.9144548177719116
233,comp0p3_best_rmse,64099378.65035757,55727738.10635946,119827116.75671703,0.534932162145714,0.4650678378542859,8532273.214117445,2031926.996190235,0.6676182375091687,0.8101504453860554,4.199104214922605,0.7552158832550049
233,cycle41_best_strehl,63181098.87128896,56546049.56867986,119727148.43996882,0.5277090425566091,0.4722909574433909,8332861.400666936,2114785.180032556,0.652015014300838,0.7985443301995194,3.94028740098257,0.7688716053962708
233,cycle42_best_rmse,59659334.96772213,59645651.195939794,119304986.16366193,0.5000573478620733,0.4999426521379267,7306722.208497547,2330896.969068789,0.5717234880307112,0.754032844205524,3.1347255178836315,0.8726080656051636
233,cycle42_best_comp,59688383.057053596,59618209.01859881,119306592.0756524,0.5002940912033188,0.4997059087966812,7306187.776492863,2322088.1547960723,0.5716816707395765,0.7543999822808846,3.1463869110234097,0.8769634366035461
233,cycle42_best_strehl,59688383.057053596,59618209.01859881,119306592.0756524,0.5002940912033188,0.4997059087966812,7306187.776492863,2322088.1547960723,0.5716816707395765,0.7543999822808846,3.1463869110234097,0.8769634366035461
233,cycle42_best_main_lobe,59997191.89560579,59341756.24650286,119338948.14210865,0.5027461095447332,0.4972538904552668,7365237.534405782,2272089.222813961,0.5763020918529016,0.7583030094764658,3.2416145723731766,0.8674956560134888
233,ideal,79120339.95094915,42485202.868746355,121605542.8196955,0.6506310330628666,0.3493689669371334,12780167.968374692,945604.0406808642,1.0,1.0,13.515348304954973,0.0
234,before,55120957.06762103,62770054.053337924,117891011.12095895,0.46755860810342553,0.5324413918965745,5353926.696337849,2965958.6782280444,0.4189245954815671,0.6966723993070986,1.805125181156081,1.6704617738723755
234,comp0p3_best_rmse,55731202.11639626,63073753.38796252,118804955.50435878,0.4690982954355937,0.5309017045644063,6019264.020314586,2508163.0534564187,0.470984734724115,0.7043852712329972,2.3998695029095627,0.9452335238456726
234,cycle41_best_strehl,60577100.78395244,58716452.08353407,119293552.8674865,0.507798613821508,0.4922013861784919,6876384.252253804,1197833.9582973067,0.5380511640590201,0.7656324634285869,5.740682341339217,1.2336926460266113
234,cycle42_best_rmse,54099791.651773036,64650774.870967016,118750566.52274005,0.45557501943717665,0.5444249805628234,6452111.459783172,1702444.717438431,0.5048534163048026,0.6837659151276693,3.789909530508155,1.2471548318862915
234,cycle42_best_comp,53499802.86873823,65164737.3890334,118664540.25777163,0.45084911425538005,0.5491508857446199,6189466.077308057,1763005.1592638546,0.48430240452428086,0.6761826718882346,3.5107475691633696,1.2810667753219604
234,cycle42_best_strehl,53499802.86873823,65164737.3890334,118664540.25777163,0.45084911425538005,0.5491508857446199,6189466.077308057,1763005.1592638546,0.48430240452428086,0.6761826718882346,3.5107475691633696,1.2810667753219604
234,cycle42_best_main_lobe,51234450.63277602,67185641.88405438,118420092.5168304,0.43264997977851055,0.5673500202214894,5701458.06472414,1935460.2541040317,0.4461176158899278,0.647550941572533,2.9457892780978203,1.330298900604248
234,ideal,79120339.95094915,42485202.868746355,121605542.8196955,0.6506310330628666,0.3493689669371334,12780167.968374692,945604.0406808642,1.0,1.0,13.515348304954973,0.0
235,before,53577266.99174565,64327274.18151122,117904541.17325687,0.4544122428076422,0.5455877571923577,9603352.616396084,3568903.4616682148,0.7514261659283484,0.6771617390036622,2.69084124004497,1.5724945068359375
235,comp0p3_best_rmse,73064369.93638222,47944117.89032306,121008487.82670528,0.6037954134342772,0.3962045865657227,11876790.020854207,895762.5472193996,0.929314078675965,0.9234587462803959,13.258859792387835,0.7184107303619385
235,cycle41_best_strehl,73043292.70694447,47962572.80383018,121005865.51077464,0.6036343147385738,0.39636568526142624,11867092.46807891,893462.207810192,0.9285552817024594,0.9231923517040983,13.282142618168766,0.7274560928344727
235,cycle42_best_rmse,72788425.13425894,48181583.65612517,120970008.79038411,0.601706372199957,0.39829362780004296,11764025.613868902,902195.9595477723,0.9204906886184675,0.9199710868202071,13.039324205980312,0.7243557572364807
235,cycle42_best_comp,72841135.06032388,48133903.84672491,120975038.90704879,0.6021170624817189,0.397882937518281,11771187.837183664,890845.9250416106,0.9210511056123979,0.9206372862589054,13.213494619323585,0.7214301228523254
235,cycle42_best_strehl,72841135.06032388,48133903.84672491,120975038.90704879,0.6021170624817189,0.397882937518281,11771187.837183664,890845.9250416106,0.9210511056123979,0.9206372862589054,13.213494619323585,0.7214301228523254
235,cycle42_best_main_lobe,72845227.28588542,48135623.837559894,120980851.12344532,0.6021219607023287,0.3978780392976713,11805900.065147527,874553.2358932974,0.9237672066878894,0.9206890077955429,13.499349817268234,0.7237054705619812
235,ideal,79120339.95094915,42485202.868746355,121605542.8196955,0.6506310330628666,0.3493689669371334,12780167.968374692,945604.0406808642,1.0,1.0,13.515348304954973,0.0
236,before,26577096.55083075,89171107.41163276,115748203.96246351,0.22961130834867688,0.7703886916513232,4099820.5766842607,4099820.5766842607,0.3207955158985013,0.33590725933820925,1.0,2.4490275382995605
236,comp0p3_best_rmse,49409332.177656054,68598589.63943309,118007921.81708914,0.4186950453567001,0.5813049546432999,4089047.167289174,2131997.6692294283,0.3199525371973022,0.6244833150146661,1.9179416686543966,1.1005682945251465
236,cycle41_best_strehl,48067739.42734974,69767865.5214684,117835604.94881813,0.4079220321245684,0.5920779678754317,5593246.950909498,2163718.5032662908,0.437650503870554,0.6075269577601594,2.5850160002172577,1.321721076965332
236,cycle42_best_rmse,51018417.64668179,67114981.98117968,118133399.62786148,0.43187123884860434,0.5681287611513957,5851306.0862361565,2004157.0172610872,0.457842659088329,0.6448205060583763,2.9195846612021668,1.2302067279815674
236,cycle42_best_comp,51200784.62323691,66945194.633751005,118145979.25698791,0.43336882850550806,0.5666311714944919,6009861.766193748,1996895.5953512911,0.4702490437579161,0.6471254377190362,3.009602394929667,1.231296420097351
236,cycle42_best_strehl,51200784.62323691,66945194.633751005,118145979.25698791,0.43336882850550806,0.5666311714944919,6009861.766193748,1996895.5953512911,0.4702490437579161,0.6471254377190362,3.009602394929667,1.231296420097351
236,cycle42_best_main_lobe,50866186.16368878,67242023.64267091,118108209.8063597,0.4306744319220883,0.5693255680779117,5839669.600534461,2040260.8453689786,0.456932147917389,0.6428964561479816,2.8622171590409384,1.2406535148620605
236,ideal,79120339.95094915,42485202.868746355,121605542.8196955,0.6506310330628666,0.3493689669371334,12780167.968374692,945604.0406808642,1.0,1.0,13.515348304954973,0.0
237,before,45513135.350100085,71911896.39343266,117425031.74353275,0.3875931279244193,0.6124068720755808,6121781.728005164,2166185.005367217,0.47900635916162354,0.575239380648719,2.8260659698211623,1.5073654651641846
237,comp0p3_best_rmse,60754805.507423095,58689115.61835829,119443921.12578139,0.5086471118395783,0.4913528881604217,7882156.741956618,2224444.238349756,0.6167490725835135,0.767878468988988,3.5434274350721133,0.9183754324913025
237,cycle41_best_strehl,62434197.68064548,57182072.74812308,119616270.42876856,0.5219540573940986,0.47804594260590144,8169499.786733357,2056882.8562332168,0.6392325834018211,0.7891042647105879,3.971786610003749,0.8911372423171997
237,cycle42_best_rmse,59280436.43174582,59992885.21442074,119273321.64616656,0.4970133774559056,0.5029866225440944,7508062.711238521,2367957.425949822,0.5874776239105528,0.7492439550752293,3.1706915964618445,0.9766862988471985
237,cycle42_best_comp,59553576.80730884,59757438.318301305,119311015.12561014,0.4991456718779157,0.5008543281220843,7617246.660197434,2355975.821279706,0.5960208566152477,0.7526961694581852,3.233159946463262,0.9668890237808228
237,cycle42_best_strehl,59553576.80730884,59757438.318301305,119311015.12561014,0.4991456718779157,0.5008543281220843,7617246.660197434,2355975.821279706,0.5960208566152477,0.7526961694581852,3.233159946463262,0.9668890237808228
237,cycle42_best_main_lobe,58962794.185052246,60269803.18994099,119232597.37499323,0.494519078533624,0.505480921466376,7402507.247733318,2394680.880000924,0.5792183065239264,0.7452292826548316,3.091229110966327,0.9845365881919861
237,ideal,79120339.95094915,42485202.868746355,121605542.8196955,0.6506310330628666,0.3493689669371334,12780167.968374692,945604.0406808642,1.0,1.0,13.515348304954973,0.0
238,before,37578961.306356184,79307502.82940057,116886464.13575675,0.3214996841953439,0.6785003158046562,3906760.928358161,3906760.928358161,0.30568932568223517,0.47495955312696275,1.0,2.082188606262207
238,comp0p3_best_rmse,54141109.973195374,64514844.43649018,118655954.40968555,0.4562864985794256,0.5437135014205744,5787563.861810034,3041124.7490210338,0.4528550701470994,0.6842881363598828,1.9030997869038764,0.955059289932251
238,cycle41_best_strehl,69475136.13869295,51082789.63627982,120557925.77497277,0.576280121709888,0.42371987829011204,10694580.096814793,942495.5255619237,0.8368106055631809,0.8780945099801672,11.347088454811066,0.8748355507850647
238,cycle42_best_rmse,52568057.78836138,65902689.14698743,118470746.93534881,0.4437218397639421,0.5562781602360579,5383323.919534188,3088687.42319087,0.42122481745588575,0.6644063690948633,1.7429163854893315,1.0250060558319092
238,cycle42_best_comp,52445722.36267058,66016382.653331704,118462105.01600228,0.44272151297316575,0.5572784870268342,5380811.54870888,3032575.2957826597,0.4210282339030307,0.662860174705827,1.774337328471898,1.023589015007019
238,cycle42_best_strehl,52445722.36267058,66016382.653331704,118462105.01600228,0.44272151297316575,0.5572784870268342,5380811.54870888,3032575.2957826597,0.4210282339030307,0.662860174705827,1.774337328471898,1.023589015007019
238,cycle42_best_main_lobe,51603808.65153081,66762486.394924186,118366295.046455,0.43596708532000567,0.5640329146799943,5167811.6508360375,3071195.1869232813,0.40436179427563895,0.6522192483440127,1.6826711870479139,1.033221960067749
238,ideal,79120339.95094915,42485202.868746355,121605542.8196955,0.6506310330628666,0.3493689669371334,12780167.968374692,945604.0406808642,1.0,1.0,13.515348304954973,0.0
239,before,41707268.32824531,75318210.61536646,117025478.94361177,0.3563947672313461,0.6436052327686539,5365613.0420765765,4241660.878373012,0.4198390080125797,0.5271371224403464,1.2649792607028694,1.6386563777923584
239,comp0p3_best_rmse,61586740.891025335,58087063.00022015,119673803.89124548,0.5146217374939697,0.4853782625060304,8841265.17395437,1348507.0910595944,0.691795694378401,0.7783932795183411,6.556335693427695,1.2799056768417358
239,cycle41_best_strehl,62167981.53383778,57722634.7995996,119890616.33343738,0.5185391770856982,0.48146082291430187,9948831.852305759,1063344.9770944861,0.7784586147008985,0.7857395654818846,9.356165747347797,1.218531847000122
239,cycle42_best_rmse,62230665.03773858,57654761.112351686,119885426.15009026,0.5190844878828645,0.4809155121171355,9880464.13951167,1112581.6284513737,0.7731090987193192,0.7865318207216834,8.880664471571853,1.2185168266296387
239,cycle42_best_comp,62374573.01252649,57533616.89212362,119908189.9046501,0.5201860945622329,0.4798139054377672,9957858.913060108,1100661.5100522228,0.7791649481995416,0.7883506700198174,9.047158297184064,1.2072185277938843
239,cycle42_best_strehl,62374573.01252649,57533616.89212362,119908189.9046501,0.5201860945622329,0.4798139054377672,9957858.913060108,1100661.5100522228,0.7791649481995416,0.7883506700198174,9.047158297184064,1.2072185277938843
239,cycle42_best_main_lobe,62410519.61386876,57507799.70422004,119918319.3180888,0.5204419138690729,0.47955808613092704,10005689.504395537,1106530.2824433546,0.7829075117913339,0.788804998216139,9.042400070878989,1.2062031030654907
239,ideal,79120339.95094915,42485202.868746355,121605542.8196955,0.6506310330628666,0.3493689669371334,12780167.968374692,945604.0406808642,1.0,1.0,13.515348304954973,0.0
240,before,64731369.80573576,54612214.12076188,119343583.92649764,0.5423950553186259,0.4576049446813741,9248452.149535134,1957340.6400491898,0.7236565413241043,0.8181381658100323,4.7250090047191335,0.9779036045074463
240,comp0p3_best_rmse,77429517.55225036,43977235.955071986,121406753.50732234,0.6377694429295516,0.3622305570704484,12325376.384086948,922816.3490383686,0.964414271751893,0.9786297379441617,13.356261402315583,0.25801974534988403
240,cycle41_best_strehl,77453592.65647307,43952853.61812881,121406446.27460188,0.6379693585733124,0.3620306414266876,12312548.160521086,933031.6257011096,0.9634105115824174,0.9789340225849714,13.196281692240653,0.25856709480285645
240,cycle42_best_rmse,77339860.7125268,44057613.7344667,121397474.4469935,0.6370796514905767,0.3629203485094234,12309361.580554392,933927.7301489465,0.9631611737040281,0.977496567386766,13.180207828919745,0.27738186717033386
240,cycle42_best_comp,77297505.0650099,44094783.37212777,121392288.43713768,0.6367579527511584,0.36324204724884157,12296773.807345744,928681.1098447066,0.9621762278692161,0.9769612354159586,13.241115466860311,0.2802024781703949
240,cycle42_best_strehl,77297505.0650099,44094783.37212777,121392288.43713768,0.6367579527511584,0.36324204724884157,12296773.807345744,928681.1098447066,0.9621762278692161,0.9769612354159586,13.241115466860311,0.2802024781703949
240,cycle42_best_main_lobe,77250562.76944532,44138938.82934463,121389501.59878995,0.6363858632912895,0.36361413670871046,12301346.04926409,911040.3634587969,0.962533988575465,0.9763679329150632,13.502525840415672,0.2794506251811981
240,ideal,79120339.95094915,42485202.868746355,121605542.8196955,0.6506310330628666,0.3493689669371334,12780167.968374692,945604.0406808642,1.0,1.0,13.515348304954973,0.0
241,before,52074695.0805525,65936192.16870743,118010887.24925993,0.441270261535798,0.5587297384642019,5367521.014527434,2563735.421372952,0.4199882996694326,0.6581707701564015,2.0936329738943873,1.2819960117340088
241,comp0p3_best_rmse,73050249.5559692,47834591.2424065,120884840.7983757,0.6042961968888224,0.3957038031111776,11119615.349818762,834740.1201192926,0.8700680129819054,0.9232802791451209,13.321050566288415,0.4892066717147827
241,cycle41_best_strehl,72395269.678944,48409835.40356243,120805105.08250643,0.5992732643997132,0.4007267356002869,10925969.712836681,863838.4721734155,0.8549159713607569,0.9150020048425681,12.648162897106177,0.5202264189720154
241,cycle42_best_rmse,73128888.66592711,47759640.64182031,120888529.30774742,0.6049282680887117,0.3950717319112883,11104937.801901653,869678.4454609476,0.868919550148441,0.9242741968912614,12.769015789526446,0.48968949913978577
241,cycle42_best_comp,73302577.08587712,47605693.38082458,120908270.4667017,0.6062660296349599,0.3937339703650401,11146730.78462545,872364.7375445998,0.8721896936103436,0.9264694404918032,12.777603569809092,0.4809081256389618
241,cycle42_best_strehl,73302577.08587712,47605693.38082458,120908270.4667017,0.6062660296349599,0.3937339703650401,11146730.78462545,872364.7375445998,0.8721896936103436,0.9264694404918032,12.777603569809092,0.4809081256389618
241,cycle42_best_main_lobe,73339174.14646299,47576846.78745395,120916020.93391694,0.6065298343429969,0.39347016565700305,11179055.014208548,854540.8010506756,0.8747189428082482,0.9269319898262545,13.081944127727628,0.4751480221748352
241,ideal,79120339.95094915,42485202.868746355,121605542.8196955,0.6506310330628666,0.3493689669371334,12780167.968374692,945604.0406808642,1.0,1.0,13.515348304954973,0.0
242,before,28106610.476908837,87796402.4672912,115903012.94420004,0.24250112022920742,0.7574988797707927,2716475.294334361,2716475.294334361,0.212553958684772,0.3552387476385162,1.0,2.1944313049316406
242,comp0p3_best_rmse,54999738.48923815,63678606.1298917,118678344.61912985,0.46343533578722246,0.5365646642127775,5783599.419533463,2869911.5645437846,0.45254486747320805,0.6951403207232852,2.0152535328916494,1.0452377796173096
242,cycle41_best_strehl,55922685.116519056,62713766.98106659,118636452.09758565,0.47137860352161637,0.5286213964783837,5263934.702054751,3025090.4641933003,0.41188306093321153,0.7068054200877861,1.740091664815215,1.1240986585617065
242,cycle42_best_rmse,60419196.74801339,58843245.49152888,119262442.23954228,0.5066070727166527,0.49339292728334727,6879493.210167237,2217813.020594102,0.5382944283041478,0.7636367182632231,3.1019266034989625,0.9027053713798523
242,cycle42_best_comp,60425382.67911083,58841247.570614435,119266630.24972527,0.5066411497716481,0.4933588502283519,6904972.964279172,2259604.19199022,0.5402881230799118,0.7637149020918224,3.0558329590446514,0.9005616307258606
242,cycle42_best_strehl,60425382.67911083,58841247.570614435,119266630.24972527,0.5066411497716481,0.4933588502283519,6904972.964279172,2259604.19199022,0.5402881230799118,0.7637149020918224,3.0558329590446514,0.9005616307258606
242,cycle42_best_main_lobe,60797979.94241801,58510990.85608482,119308970.79850283,0.5095843131955082,0.4904156868044918,6994093.740757938,2197069.113621483,0.547261488116999,0.7684241495942746,3.1833744771139223,0.8910706043243408
242,ideal,79120339.95094915,42485202.868746355,121605542.8196955,0.6506310330628666,0.3493689669371334,12780167.968374692,945604.0406808642,1.0,1.0,13.515348304954973,0.0
243,before,56894647.495966524,61379885.69291666,118274533.18888319,0.4810388674720565,0.5189611325279435,6325187.978440306,3126823.6393382307,0.49492213201675994,0.7190900283193741,2.0228796721579685,1.8218563795089722
243,comp0p3_best_rmse,61310753.39036334,58187135.24369045,119497888.6340538,0.5130697629153873,0.48693023708461264,7960222.254134859,2167332.1547453064,0.6228574048348126,0.7749050803923884,3.672820631902775,0.9230450391769409
243,cycle41_best_strehl,60861451.67565498,58605496.938491315,119466948.61414629,0.5094417525655984,0.4905582474344016,7982186.341643488,2248721.525934063,0.624576011942558,0.7692263672449611,3.549655326187126,0.9233551025390625
243,cycle42_best_rmse,60274961.28693458,59120341.805632435,119395303.09256701,0.5048352801634373,0.49516471983656274,7808598.045983411,2307444.511242408,0.6109933817228589,0.7618137298740398,3.3840891982182457,0.9449824094772339
243,cycle42_best_comp,60457703.954500675,58959814.30933288,119417518.26383355,0.5062716495324349,0.4937283504675652,7861929.420597605,2289205.2166748038,0.6151663608844916,0.7641234098840017,3.434348901238959,0.9391305446624756
243,cycle42_best_strehl,60457703.954500675,58959814.30933288,119417518.26383355,0.5062716495324349,0.4937283504675652,7861929.420597605,2289205.2166748038,0.6151663608844916,0.7641234098840017,3.434348901238959,0.9391305446624756
243,cycle42_best_main_lobe,60477012.407221615,58944595.53085773,119421607.93807934,0.5064159949896104,0.4935840050103895,7878594.799959889,2269644.6533773295,0.6164703640402813,0.7643674489355644,3.4712900049072433,0.9400772452354431
243,ideal,79120339.95094915,42485202.868746355,121605542.8196955,0.6506310330628666,0.3493689669371334,12780167.968374692,945604.0406808642,1.0,1.0,13.515348304954973,0.0
244,before,28083037.936693393,87960486.20379153,116043524.14048493,0.2420043526314784,0.7579956473685215,3673754.3860946107,3673754.3860946107,0.28745744149729024,0.35494081489163903,1.0,2.4951093196868896
244,comp0p3_best_rmse,57837365.63557397,61180643.09537801,119018008.73095198,0.4859547412385224,0.5140452587614776,6541576.320036066,2089748.3591653327,0.5118537046010347,0.7310050193342241,3.130317720478479,0.8571975231170654
244,cycle41_best_strehl,54142824.98009674,64433378.99374317,118576203.97383991,0.45660784512921027,0.5433921548707897,5497544.676685638,2335326.3843874442,0.4301621614277409,0.6843098122892637,2.3540798037648356,0.9614728689193726
244,cycle42_best_rmse,60434933.43984291,58788201.492565155,119223134.93240806,0.5069060922958089,0.4930939077041912,6501838.670336263,1777863.3848848867,0.5087443832057185,0.7638356139181113,3.6571081476866376,0.9353780150413513
244,cycle42_best_comp,43979897.95067273,73412983.46710552,117392881.41777825,0.37463854212894643,0.6253614578710536,4894906.306098479,2453726.1761106295,0.38300797909786666,0.555860831461773,1.994886941238624,1.489937663078308
244,cycle42_best_strehl,43979897.95067273,73412983.46710552,117392881.41777825,0.37463854212894643,0.6253614578710536,4894906.306098479,2453726.1761106295,0.38300797909786666,0.555860831461773,1.994886941238624,1.489937663078308
244,cycle42_best_main_lobe,60479202.42407135,58742258.60426777,119221461.02833912,0.5072845266482295,0.4927154733517705,6472339.737583099,1806935.757614344,0.5064362028417232,0.7643951285038156,3.5819423630911933,0.9357292056083679
244,ideal,79120339.95094915,42485202.868746355,121605542.8196955,0.6506310330628666,0.3493689669371334,12780167.968374692,945604.0406808642,1.0,1.0,13.515348304954973,0.0
245,before,36327574.59611386,80148868.67836282,116476443.27447668,0.3118877394848669,0.6881122605151331,3270882.520160979,2190374.017456223,0.25593423562624357,0.459143307759234,1.493298630322322,1.8301774263381958
245,comp0p3_best_rmse,51837087.80088557,66440163.182582885,118277250.98346846,0.4382676074212345,0.5617323925787655,4644048.464153689,1931536.0614634657,0.3633792979595942,0.6551676576847636,2.404329153779835,1.0693284273147583
245,cycle41_best_strehl,52771059.903537296,65652358.4574819,118423418.3610192,0.44561338149066354,0.5543866185093365,5121605.733320421,1888983.16654757,0.40074635529002023,0.66697210775703,2.7113030036583146,1.015596866607666
245,cycle42_best_rmse,54738964.37780176,63924862.14811349,118663826.52591525,0.461294448193504,0.5387055518064959,5679880.369332303,1873543.1181312036,0.4444292425097632,0.6918444032436832,3.0316251141301693,1.029611349105835
245,cycle42_best_comp,55341740.20606108,63397644.649661675,118739384.85572276,0.4660773699754756,0.5339226300245243,5873984.528381287,1848420.3676533606,0.45961716175537143,0.6994628718780825,3.1778401878564733,1.0110212564468384
245,cycle42_best_strehl,55341740.20606108,63397644.649661675,118739384.85572276,0.4660773699754756,0.5339226300245243,5873984.528381287,1848420.3676533606,0.45961716175537143,0.6994628718780825,3.1778401878564733,1.0110212564468384
245,cycle42_best_main_lobe,52571551.82686238,65842503.484633654,118414055.31149603,0.4439637819055299,0.5560362180944701,5132080.348463786,1956545.6870516038,0.4015659544665949,0.664450530160187,2.623031183185669,1.0586706399917603
245,ideal,79120339.95094915,42485202.868746355,121605542.8196955,0.6506310330628666,0.3493689669371334,12780167.968374692,945604.0406808642,1.0,1.0,13.515348304954973,0.0
246,before,38825931.89308469,77993461.25758243,116819393.15066712,0.33235861654416554,0.6676413834558345,3547201.73337838,2417651.115773286,0.277555173152352,0.49071998321992705,1.4672099337392637,1.8545268774032593
246,comp0p3_best_rmse,50070246.36453557,67960180.87439601,118030427.23893158,0.4242147345885419,0.575785265411458,3861367.0715759615,2465234.655324005,0.30213742738993343,0.6328365929112127,1.5663284074142074,1.1884452104568481
246,cycle41_best_strehl,55563602.16516534,63269842.014652036,118833444.17981738,0.4675754586485531,0.5324245413514469,6267029.759945373,2613570.8985884255,0.4903714705044192,0.7022669796364897,2.3978801429607897,1.2325228452682495
246,cycle42_best_rmse,53546839.15308958,65108683.29136802,118655522.4444576,0.4512797891742017,0.5487202108257984,6077499.418122965,2653104.6346587017,0.4755414352269946,0.6767771623110578,2.2907122993680122,1.2619497776031494
246,cycle42_best_comp,52573984.671227165,65986372.22949641,118560356.90072358,0.44343645756102057,0.5565635424389794,5926354.170274466,2740941.5641345056,0.4637148889544795,0.6644812788193344,2.1621599846641764,1.2778137922286987
246,cycle42_best_strehl,52573984.671227165,65986372.22949641,118560356.90072358,0.44343645756102057,0.5565635424389794,5926354.170274466,2740941.5641345056,0.4637148889544795,0.6644812788193344,2.1621599846641764,1.2778137922286987
246,cycle42_best_main_lobe,52430269.31480118,66093712.80324375,118523982.11804493,0.44236000493624,0.5576399950637599,5769499.793731132,2705928.8572082487,0.45144162486816386,0.6626648640198646,2.132169801272462,1.304319143295288
246,ideal,79120339.95094915,42485202.868746355,121605542.8196955,0.6506310330628666,0.3493689669371334,12780167.968374692,945604.0406808642,1.0,1.0,13.515348304954973,0.0
247,before,45804727.45443904,71561312.02046499,117366039.47490403,0.39027241320717226,0.6097275867928277,3547202.408522465,2477924.5108711487,0.2775552259798333,0.5789248059706997,1.431521579031234,1.6340018510818481
247,comp0p3_best_rmse,64783699.325093746,55130584.04739007,119914283.37248382,0.5402500644886425,0.4597499355113574,8763316.286219187,1282831.8318246072,0.6856964875504414,0.818799557297865,6.831227654956831,0.7264158725738525
247,cycle41_best_strehl,63174265.46992355,56547380.224423595,119721645.69434714,0.5276762201482703,0.47232377985172963,8298774.965735667,1348402.4359571473,0.6493478791727537,0.7984579630103787,6.154523860560132,0.7854135036468506
247,cycle42_best_rmse,61792288.5889207,57765850.8638764,119558139.4527971,0.5168388272997255,0.4831611727002745,7913080.091121783,1543582.687122811,0.6191687081659007,0.7809911917369033,5.126437447851603,0.8303756713867188
247,cycle42_best_comp,61928276.79955988,57649528.72353859,119577805.52309847,0.5178910628828808,0.4821089371171192,7975055.602094267,1514416.4388913098,0.6240180584346802,0.7827099433338187,5.266091543441466,0.8264555335044861
247,cycle42_best_strehl,61928276.79955988,57649528.72353859,119577805.52309847,0.5178910628828808,0.4821089371171192,7975055.602094267,1514416.4388913098,0.6240180584346802,0.7827099433338187,5.266091543441466,0.8264555335044861
247,cycle42_best_main_lobe,62526534.856550515,57113219.88100493,119639754.73755544,0.5226233954901545,0.4773766045098456,8083900.383004974,1510639.7702438172,0.6325347525172659,0.7902713119700193,5.351309122293419,0.8072603344917297
247,ideal,79120339.95094915,42485202.868746355,121605542.8196955,0.6506310330628666,0.3493689669371334,12780167.968374692,945604.0406808642,1.0,1.0,13.515348304954973,0.0
248,before,52051552.58855245,66214346.819919534,118265899.40847199,0.44012308576603726,0.5598769142339627,5068119.534428232,1322705.9507736326,0.3965612617118652,0.6578782727781749,3.8316297975857436,1.1789661645889282
248,comp0p3_best_rmse,63789641.907970294,55948703.57663965,119738345.48460995,0.5327419687469226,0.4672580312530774,8277035.018911758,1720013.5790476066,0.6476468102292386,0.8062356904370841,4.8121916708906785,0.7063239216804504
248,cycle41_best_strehl,63708494.35523872,56023431.85152915,119731926.20676787,0.5320927873925542,0.46790721260744583,8280168.185677898,1769957.8023423338,0.6478919687258948,0.805210068545395,4.67817265175478,0.7132147550582886
248,cycle42_best_rmse,64740422.66597123,55101372.39203604,119841795.05800727,0.5402157288668347,0.4597842711331653,8473456.174795464,1574794.671390876,0.663016025748922,0.8182525846843834,5.3806736387491165,0.6883626580238342
248,cycle42_best_comp,64629498.17886066,55202998.50945767,119832496.68831833,0.5393319839355476,0.46066801606445246,8468138.164220234,1588251.4761882448,0.6625999114546194,0.8168506128629867,5.331736372468867,0.6891202330589294
248,cycle42_best_strehl,64629498.17886066,55202998.50945767,119832496.68831833,0.5393319839355476,0.46066801606445246,8468138.164220234,1588251.4761882448,0.6625999114546194,0.8168506128629867,5.331736372468867,0.6891202330589294
248,cycle42_best_main_lobe,64426628.46445231,55378538.41345082,119805166.87790313,0.5377616854380857,0.4622383145619143,8390514.474634008,1589774.1625255472,0.6565261501567781,0.8142865476108136,5.2778027674727515,0.6943739652633667
248,ideal,79120339.95094915,42485202.868746355,121605542.8196955,0.6506310330628666,0.3493689669371334,12780167.968374692,945604.0406808642,1.0,1.0,13.515348304954973,0.0
249,before,42510527.23771857,74443711.09700139,116954238.33471996,0.3634800058810571,0.6365199941189429,4853557.582808091,2708835.47326801,0.3797725972630811,0.5372894917295992,1.7917505993646163,1.895530343055725
249,comp0p3_best_rmse,58195622.624192365,60989212.9902745,119184835.61446686,0.48828042866494065,0.5117195713350593,7264084.674730564,1423878.6449714957,0.568387261631145,0.7355330204631437,5.101617824232473,1.11984384059906
249,cycle41_best_strehl,57603769.5687774,61514526.43302046,119118296.00179785,0.483584566789874,0.516415433210126,7127799.665601381,1411990.9818650985,0.5577234730591615,0.7280526044818437,5.048049001124832,1.169013500213623
249,cycle42_best_rmse,58718090.25061165,60573651.4723479,119291741.72295955,0.49222259145966046,0.5077774085403396,7692571.5968794115,1462344.5523532252,0.6019147491578476,0.7421364757408029,5.260437141507054,1.084978699684143
249,cycle42_best_comp,58783036.89860638,60494400.594918855,119277437.49352524,0.492826121468256,0.507173878531744,7574145.945188957,1426579.6763071895,0.5926483880283612,0.7429573348022654,5.309304535162882,1.095558524131775
249,cycle42_best_strehl,58783036.89860638,60494400.594918855,119277437.49352524,0.492826121468256,0.507173878531744,7574145.945188957,1426579.6763071895,0.5926483880283612,0.7429573348022654,5.309304535162882,1.095558524131775
249,cycle42_best_main_lobe,58429032.16368958,60816769.110680476,119245801.27437006,0.4899881718204191,0.5100118281795809,7536680.1903428035,1483348.176197605,0.5897168338470027,0.7384830778016476,5.080857152271713,1.0948573350906372
249,ideal,79120339.95094915,42485202.868746355,121605542.8196955,0.6506310330628666,0.3493689669371334,12780167.968374692,945604.0406808642,1.0,1.0,13.515348304954973,0.0
250,before,34764592.593701616,81964887.38335498,116729479.9770566,0.297821874992801,0.702178125007199,3779127.3060804713,2895477.876179577,0.29570247554117857,0.4393888172782626,1.3051825873616485,2.178976535797119
250,comp0p3_best_rmse,57556490.80607387,61384324.60200303,118940815.4080769,0.4839086617037383,0.5160913382962617,6185086.3187624365,2114394.1391669693,0.4839597049168533,0.7274550493811851,2.925228652591348,0.9196157455444336
250,cycle41_best_strehl,58515277.04249013,60387536.24139542,118902813.28388555,0.49212693481677683,0.5078730651832232,8490013.117100328,2173003.3310376857,0.6643115441134565,0.7395731246701774,3.9070410044176267,1.195017695426941
250,cycle42_best_rmse,70577397.3658664,49840970.348831266,120418367.71469766,0.5861015948420971,0.4138984051579029,10326599.524746707,1141055.174363761,0.8080175119998821,0.8920259620929464,9.050043991522758,0.6998263597488403
250,cycle42_best_comp,70670925.89675939,49758364.67508349,120429290.57184288,0.5868250619196348,0.4131749380803652,10142798.563094923,1091986.4970150949,0.7936357791379502,0.8932080668583073,9.288391926841488,0.6826658248901367
250,cycle42_best_strehl,70670925.89675939,49758364.67508349,120429290.57184288,0.5868250619196348,0.4131749380803652,10142798.563094923,1091986.4970150949,0.7936357791379502,0.8932080668583073,9.288391926841488,0.6826658248901367
250,cycle42_best_main_lobe,70182578.41682939,50172771.04741873,120355349.46424812,0.5831280348504768,0.4168719651495232,10406092.242303422,1181533.6806815276,0.8142375176956934,0.8870358552597127,8.807275164852703,0.7240327000617981
250,ideal,79120339.95094915,42485202.868746355,121605542.8196955,0.6506310330628666,0.3493689669371334,12780167.968374692,945604.0406808642,1.0,1.0,13.515348304954973,0.0
251,before,52095060.78951081,65694491.52267646,117789552.31218727,0.4422723388186332,0.5577276611813667,6497138.88113831,2865515.1341153737,0.5083766424053172,0.6584281718431351,2.2673545861917326,1.860560417175293
251,comp0p3_best_rmse,39374468.660923705,77596524.92073825,116970993.58166195,0.3366173737203905,0.6633826262796094,4564169.605022528,4564169.605022528,0.357129078140197,0.4976529257247126,1.0,1.4799840450286865
251,cycle41_best_strehl,56814232.341362774,62398607.2856731,119212839.62703587,0.47657813134146726,0.5234218686585327,8176324.954995618,1611030.0994068533,0.6397666271075964,0.7180736631893253,5.075215514598992,1.5830949544906616
251,cycle42_best_rmse,57253857.842432775,62219319.86287432,119473177.7053071,0.47921934397405347,0.5207806560259466,9644626.490500035,1247928.15550199,0.7546556910962559,0.7236300789143152,7.728511010812476,1.494553804397583
251,cycle42_best_comp,57673107.0949411,61845685.91448965,119518793.00943075,0.4825442563697104,0.5174557436302896,9736673.08242453,1205852.064011382,0.7618579901702798,0.7289289597427878,8.07451707636056,1.4797515869140625
251,cycle42_best_strehl,57673107.0949411,61845685.91448965,119518793.00943075,0.4825442563697104,0.5174557436302896,9736673.08242453,1205852.064011382,0.7618579901702798,0.7289289597427878,8.07451707636056,1.4797515869140625
251,cycle42_best_main_lobe,58181405.85029284,61382150.550268196,119563556.40056103,0.48661488167325734,0.5133851183267426,9779290.891547915,1062437.1580999864,0.7651926731907881,0.735353335013001,9.204582894141943,1.464695930480957
251,ideal,79120339.95094915,42485202.868746355,121605542.8196955,0.6506310330628666,0.3493689669371334,12780167.968374692,945604.0406808642,1.0,1.0,13.515348304954973,0.0
252,before,50356377.33668804,67305472.35878938,117661849.69547743,0.4279754012623141,0.5720245987376859,3820364.385493371,2407157.701169889,0.29892912166311875,0.6364529951199225,1.5870852099289787,1.5130583047866821
252,comp0p3_best_rmse,55162806.01125733,63699558.68213234,118862364.69338967,0.46408975754059784,0.5359102424594022,6622590.603075867,3077896.451022057,0.5181927670640849,0.697201327060218,2.151661275309228,1.063599944114685
252,cycle41_best_strehl,54816134.773091115,63984099.92507326,118800234.69816437,0.46141436430965316,0.5385856356903468,6390245.86907668,3118567.6392341848,0.500012666882762,0.6928197579418202,2.049096446933538,1.0880473852157593
252,cycle42_best_rmse,61953171.36883014,57653471.332291506,119606642.70112164,0.5179743362886746,0.4820256637113253,8164296.149543982,2390200.4732559035,0.6388254183941113,0.7830245851728919,3.415736981435148,0.8564983010292053
252,cycle42_best_comp,61141107.03768309,58383643.06966557,119524750.10734867,0.5115351170596089,0.4884648829403912,8020070.505553464,2449027.138779771,0.627540305056993,0.7727609243790873,3.2747985428815904,0.8763294816017151
252,cycle42_best_strehl,61141107.03768309,58383643.06966557,119524750.10734867,0.5115351170596089,0.4884648829403912,8020070.505553464,2449027.138779771,0.627540305056993,0.7727609243790873,3.2747985428815904,0.8763294816017151
252,cycle42_best_main_lobe,62097815.55133334,57522818.24391428,119620633.79524761,0.519122943769258,0.48087705623074195,8186341.777766512,2381710.829360425,0.6405504057555516,0.784852739381947,3.4371686423262555,0.8504121899604797
252,ideal,79120339.95094915,42485202.868746355,121605542.8196955,0.6506310330628666,0.3493689669371334,12780167.968374692,945604.0406808642,1.0,1.0,13.515348304954973,0.0
253,before,67953782.52844125,52153154.37985554,120106936.9082968,0.5657773337465499,0.4342226662534501,9463274.409193216,1113498.078431388,0.740465573896264,0.8588661597077233,8.498689483617577,0.9062075018882751
253,comp0p3_best_rmse,67745821.4350279,52585413.50168905,120331234.93671694,0.5629944832749029,0.43700551672509713,10104322.059463197,912046.8171279922,0.7906251376716613,0.8562377446435024,11.07873178186335,0.8197106719017029
253,cycle41_best_strehl,67909835.55974592,52445302.176375076,120355137.736121,0.5642454226477513,0.43575457735224865,10172801.630343143,995987.5600492463,0.7959834061270841,0.8583107150682971,10.213783824609367,0.8079132437705994
253,cycle42_best_rmse,67431543.7353927,52881362.50330059,120312906.2386933,0.5604680814676085,0.43953191853239143,10134391.036767198,972307.8824532807,0.7929779218743735,0.85226559664932,10.42302671782994,0.8432113528251648
253,cycle42_best_comp,67532278.90942799,52793472.38197453,120325751.29140252,0.5612454373617801,0.4387545626382199,10167227.480923139,972614.5495938393,0.7955472499330655,0.8535387859973148,10.453501322974184,0.8424859642982483
253,cycle42_best_strehl,67532278.90942799,52793472.38197453,120325751.29140252,0.5612454373617801,0.4387545626382199,10167227.480923139,972614.5495938393,0.7955472499330655,0.8535387859973148,10.453501322974184,0.8424859642982483
253,cycle42_best_main_lobe,67534987.8073546,52791227.22046617,120326215.02782077,0.5612657872745332,0.4387342127254667,10169555.924378144,947323.2406302636,0.7957294418620579,0.8535730236905338,10.735043212507103,0.8449652791023254
253,ideal,79120339.95094915,42485202.868746355,121605542.8196955,0.6506310330628666,0.3493689669371334,12780167.968374692,945604.0406808642,1.0,1.0,13.515348304954973,0.0
254,before,55823568.18544661,62649683.92922168,118473252.1146683,0.47119132115505624,0.5288086788449438,5543745.078478635,2582595.4402858894,0.4337771688288426,0.7055526836721704,2.146578977102566,1.1890031099319458
254,comp0p3_best_rmse,53682151.60395922,64900123.838499844,118582275.44245906,0.4526996248272195,0.5473003751727805,5538457.08803599,3119596.1887859628,0.43336340349682734,0.6784873729971282,1.775376283618093,0.9542543292045593
254,cycle41_best_strehl,59254844.99868768,59736261.73322373,118991106.7319114,0.4979770894323191,0.5020229105676809,6882784.268073233,1898696.6426231733,0.538551941187714,0.7489205055921507,3.625004707736891,1.355423092842102
254,cycle42_best_rmse,54331671.05263929,64336371.121672094,118668042.17431138,0.45784585350141316,0.5421541464985868,5899133.381993422,1373106.1416379358,0.4615849648135446,0.6866966330822434,4.296196195697245,1.4959170818328857
254,cycle42_best_comp,55985039.31339866,63106957.215595976,119091996.52899463,0.4700990909978431,0.5299009090021569,7805140.669589338,1281757.8494804627,0.6107228550441306,0.7075935132243709,6.089403449140577,1.3236435651779175
254,cycle42_best_strehl,55985039.31339866,63106957.215595976,119091996.52899463,0.4700990909978431,0.5299009090021569,7805140.669589338,1281757.8494804627,0.6107228550441306,0.7075935132243709,6.089403449140577,1.3236435651779175
254,cycle42_best_main_lobe,57819708.701688066,61471407.89400384,119291116.5956919,0.4846941696224862,0.5153058303775139,8204136.539968978,1152994.021254123,0.6419427788641445,0.7307818537879582,7.115506575693478,1.2824842929840088
254,ideal,79120339.95094915,42485202.868746355,121605542.8196955,0.6506310330628666,0.3493689669371334,12780167.968374692,945604.0406808642,1.0,1.0,13.515348304954973,0.0
255,before,47334692.05154963,70066395.44204496,117401087.49359459,0.4031878499773881,0.5968121500226119,6020008.086776163,3270254.384023712,0.4710429551217982,0.5982619902909275,1.840837861478275,2.2042534351348877
255,comp0p3_best_rmse,68732897.22944048,51809925.77860436,120542823.00804484,0.570194852868622,0.4298051471313779,10972775.210233007,840721.881775034,0.858578325213394,0.8687133709492605,13.051611297502989,0.9291363954544067
255,cycle41_best_strehl,67892965.70493701,52558669.37767212,120451635.08260913,0.5636533340404561,0.43634666595954386,10791163.801306594,816559.31309559,0.8443679166040688,0.8580974973948219,13.21540717035865,0.9601113200187683
255,cycle42_best_rmse,67759919.48140366,52696930.41459119,120456849.89599486,0.5625244188264021,0.43747558117359786,10886576.688705597,799953.1113581994,0.8518336156179713,0.8564159294994383,13.609018496373915,0.9685003161430359
255,cycle42_best_comp,67755891.23494211,52701846.95696728,120457738.19190939,0.562486829422246,0.43751317057775396,10893934.61256461,799458.4134849543,0.8524093454422758,0.8563650165930473,13.626643273508602,0.9703503847122192
255,cycle42_best_strehl,67755891.23494211,52701846.95696728,120457738.19190939,0.562486829422246,0.43751317057775396,10893934.61256461,799458.4134849543,0.8524093454422758,0.8563650165930473,13.626643273508602,0.9703503847122192
255,cycle42_best_main_lobe,67886037.78500685,52584845.9436626,120470883.72866945,0.5635057674010525,0.4364942325989475,10915651.673848052,811131.6806076153,0.8541086236784603,0.8580099355879028,13.457311475827431,0.9662472605705261
255,ideal,79120339.95094915,42485202.868746355,121605542.8196955,0.6506310330628666,0.3493689669371334,12780167.968374692,945604.0406808642,1.0,1.0,13.515348304954973,0.0
